epoch,run,model,feature_family,apbs_variant,checkpoint,postprocess_mode,threshold,top_k_label,top_k,pocket_f1,pocket_precision,pocket_recall,paper_tp,paper_fp,paper_fn,dcc_success_rate_4a,dca_success_rate_4a,mean_best_dcc_angstrom,mean_best_dca_angstrom,mean_best_dvo_all,mean_dvo_of_best_dcc_all,mean_dvo_of_best_dcc_success,mean_predicted_positive_voxels,mean_candidate_count,no_prediction_count,sample_count
,scpdb_apbs_cutoff_fold1_apbs_shape_apbs_clip20_minmax,CBAMUNet3D,apbs_shape,apbs_clip20_minmax,CBAMUNet3D_best_model_in_terms_of_validation_paper_f1.pth,raw,0.05,top1,1,0.6329113924050633,0.47619047619047616,0.9433962264150944,50,55,3,0.46296296296296297,0.6666666666666666,11.883481889354764,9.461201181281458,0.3494869735956001,0.3494869735956001,0.48276703193561665,163.7962962962963,0.9722222222222222,3,108
,scpdb_apbs_cutoff_fold1_apbs_shape_apbs_clip20_minmax,CBAMUNet3D,apbs_shape,apbs_clip20_minmax,CBAMUNet3D_best_model_in_terms_of_validation_paper_f1.pth,raw,0.05,top2,2,0.6829268292682926,0.5333333333333333,0.9491525423728814,56,49,3,0.5185185185185185,0.7407407407407407,8.554351336153433,6.290149989888896,0.38265470711723143,0.38265470711723143,0.4730185352678436,163.7962962962963,1.2962962962962963,3,108
,scpdb_apbs_cutoff_fold1_apbs_shape_apbs_clip20_minmax,CBAMUNet3D,apbs_shape,apbs_clip20_minmax,CBAMUNet3D_best_model_in_terms_of_validation_paper_f1.pth,raw,0.05,top3,3,0.6829268292682926,0.5333333333333333,0.9491525423728814,56,49,3,0.5185185185185185,0.7407407407407407,8.554351336153433,6.290149989888896,0.38265470711723143,0.38265470711723143,0.4730185352678436,163.7962962962963,1.3425925925925926,3,108
,scpdb_apbs_cutoff_fold1_apbs_shape_apbs_clip20_minmax,CBAMUNet3D,apbs_shape,apbs_clip20_minmax,CBAMUNet3D_best_model_in_terms_of_validation_paper_f1.pth,raw,0.05,top_n_plus_2,3,0.6829268292682926,0.5333333333333333,0.9491525423728814,56,49,3,0.5185185185185185,0.7407407407407407,8.554351336153433,6.290149989888896,0.38265470711723143,0.38265470711723143,0.4730185352678436,163.7962962962963,1.3425925925925926,3,108
,scpdb_apbs_cutoff_fold1_apbs_shape_apbs_clip20_minmax,CBAMUNet3D,apbs_shape,apbs_clip20_minmax,CBAMUNet3D_best_model_in_terms_of_validation_paper_f1.pth,raw,0.1,top1,1,0.65,0.49523809523809526,0.9454545454545454,52,53,3,0.48148148148148145,0.6944444444444444,11.547237003885785,9.183251642638186,0.35866355280798706,0.35866355280798706,0.48699026851524135,149.5648148148148,0.9722222222222222,3,108
,scpdb_apbs_cutoff_fold1_apbs_shape_apbs_clip20_minmax,CBAMUNet3D,apbs_shape,apbs_clip20_minmax,CBAMUNet3D_best_model_in_terms_of_validation_paper_f1.pth,raw,0.1,top2,2,0.6829268292682926,0.5333333333333333,0.9491525423728814,56,49,3,0.5185185185185185,0.7592592592592593,8.510710321227595,6.267596112155898,0.3856910980980899,0.3856910980980899,0.4807135617076325,149.5648148148148,1.2777777777777777,3,108
,scpdb_apbs_cutoff_fold1_apbs_shape_apbs_clip20_minmax,CBAMUNet3D,apbs_shape,apbs_clip20_minmax,CBAMUNet3D_best_model_in_terms_of_validation_paper_f1.pth,raw,0.1,top3,3,0.6829268292682926,0.5333333333333333,0.9491525423728814,56,49,3,0.5185185185185185,0.7592592592592593,8.510710321227595,6.267596112155898,0.3856910980980899,0.3856910980980899,0.4807135617076325,149.5648148148148,1.3148148148148149,3,108
,scpdb_apbs_cutoff_fold1_apbs_shape_apbs_clip20_minmax,CBAMUNet3D,apbs_shape,apbs_clip20_minmax,CBAMUNet3D_best_model_in_terms_of_validation_paper_f1.pth,raw,0.1,top_n_plus_2,3,0.6829268292682926,0.5333333333333333,0.9491525423728814,56,49,3,0.5185185185185185,0.7592592592592593,8.510710321227595,6.267596112155898,0.3856910980980899,0.3856910980980899,0.4807135617076325,149.5648148148148,1.3148148148148149,3,108
,scpdb_apbs_cutoff_fold1_apbs_shape_apbs_clip20_minmax,CBAMUNet3D,apbs_shape,apbs_clip20_minmax,CBAMUNet3D_best_model_in_terms_of_validation_paper_f1.pth,raw,0.2,top1,1,0.6666666666666666,0.5192307692307693,0.9310344827586207,54,50,4,0.5,0.6944444444444444,12.46549248721484,10.11977679759075,0.35670830306613877,0.35670830306613877,0.4779765758685174,136.2037037037037,0.9629629629629629,4,108
,scpdb_apbs_cutoff_fold1_apbs_shape_apbs_clip20_minmax,CBAMUNet3D,apbs_shape,apbs_clip20_minmax,CBAMUNet3D_best_model_in_terms_of_validation_paper_f1.pth,raw,0.2,top2,2,0.6987951807228916,0.5576923076923077,0.9354838709677419,58,46,4,0.5370370370370371,0.7685185185185185,9.296878557810087,7.062210460305353,0.3878709602695216,0.3878709602695216,0.4712753224696358,136.2037037037037,1.2592592592592593,4,108
,scpdb_apbs_cutoff_fold1_apbs_shape_apbs_clip20_minmax,CBAMUNet3D,apbs_shape,apbs_clip20_minmax,CBAMUNet3D_best_model_in_terms_of_validation_paper_f1.pth,raw,0.2,top3,3,0.6987951807228916,0.5576923076923077,0.9354838709677419,58,46,4,0.5370370370370371,0.7685185185185185,9.296878557810087,7.062210460305353,0.3878709602695216,0.3878709602695216,0.4712753224696358,136.2037037037037,1.287037037037037,4,108
,scpdb_apbs_cutoff_fold1_apbs_shape_apbs_clip20_minmax,CBAMUNet3D,apbs_shape,apbs_clip20_minmax,CBAMUNet3D_best_model_in_terms_of_validation_paper_f1.pth,raw,0.2,top_n_plus_2,3,0.6987951807228916,0.5576923076923077,0.9354838709677419,58,46,4,0.5370370370370371,0.7685185185185185,9.296878557810087,7.062210460305353,0.3878709602695216,0.3878709602695216,0.4712753224696358,136.2037037037037,1.287037037037037,4,108
,scpdb_apbs_cutoff_fold1_apbs_shape_apbs_clip20_minmax,CBAMUNet3D,apbs_shape,apbs_clip20_minmax,CBAMUNet3D_best_model_in_terms_of_validation_paper_f1.pth,raw,0.3,top1,1,0.65,0.5098039215686274,0.896551724137931,52,50,6,0.48148148148148145,0.6759259259259259,14.648561425536856,12.336864426698796,0.35714362308760805,0.35714362308760805,0.4961124956262982,127.70370370370371,0.9444444444444444,6,108
,scpdb_apbs_cutoff_fold1_apbs_shape_apbs_clip20_minmax,CBAMUNet3D,apbs_shape,apbs_clip20_minmax,CBAMUNet3D_best_model_in_terms_of_validation_paper_f1.pth,raw,0.3,top2,2,0.6829268292682927,0.5490196078431373,0.9032258064516129,56,46,6,0.5185185185185185,0.7592592592592593,11.624515227018215,9.444407690522771,0.3870613283953335,0.3870613283953335,0.4866272305279025,127.70370370370371,1.2222222222222223,6,108
,scpdb_apbs_cutoff_fold1_apbs_shape_apbs_clip20_minmax,CBAMUNet3D,apbs_shape,apbs_clip20_minmax,CBAMUNet3D_best_model_in_terms_of_validation_paper_f1.pth,raw,0.3,top3,3,0.6829268292682927,0.5490196078431373,0.9032258064516129,56,46,6,0.5185185185185185,0.7592592592592593,11.624515227018215,9.444407690522771,0.3870613283953335,0.3870613283953335,0.4866272305279025,127.70370370370371,1.25,6,108
,scpdb_apbs_cutoff_fold1_apbs_shape_apbs_clip20_minmax,CBAMUNet3D,apbs_shape,apbs_clip20_minmax,CBAMUNet3D_best_model_in_terms_of_validation_paper_f1.pth,raw,0.3,top_n_plus_2,3,0.6829268292682927,0.5490196078431373,0.9032258064516129,56,46,6,0.5185185185185185,0.7592592592592593,11.624515227018215,9.444407690522771,0.3870613283953335,0.3870613283953335,0.4866272305279025,127.70370370370371,1.25,6,108
,scpdb_apbs_cutoff_fold1_apbs_shape_apbs_clip20_minmax,CBAMUNet3D,apbs_shape,apbs_clip20_minmax,CBAMUNet3D_best_model_in_terms_of_validation_paper_f1.pth,raw,0.35,top1,1,0.6415094339622641,0.5,0.8947368421052632,51,51,6,0.4722222222222222,0.6759259259259259,14.643712570907686,12.326152578621029,0.35702589532392337,0.35702589532392337,0.49714532653324284,124.23148148148148,0.9444444444444444,6,108
,scpdb_apbs_cutoff_fold1_apbs_shape_apbs_clip20_minmax,CBAMUNet3D,apbs_shape,apbs_clip20_minmax,CBAMUNet3D_best_model_in_terms_of_validation_paper_f1.pth,raw,0.35,top2,2,0.6748466257668712,0.5392156862745098,0.9016393442622951,55,47,6,0.5092592592592593,0.7592592592592593,11.618531632707235,9.434315202817396,0.38638251139173435,0.38638251139173435,0.48700421777862984,124.23148148148148,1.2222222222222223,6,108
,scpdb_apbs_cutoff_fold1_apbs_shape_apbs_clip20_minmax,CBAMUNet3D,apbs_shape,apbs_clip20_minmax,CBAMUNet3D_best_model_in_terms_of_validation_paper_f1.pth,raw,0.35,top3,3,0.6748466257668712,0.5392156862745098,0.9016393442622951,55,47,6,0.5092592592592593,0.7592592592592593,11.618531632707235,9.434315202817396,0.38638251139173435,0.38638251139173435,0.48700421777862984,124.23148148148148,1.25,6,108
,scpdb_apbs_cutoff_fold1_apbs_shape_apbs_clip20_minmax,CBAMUNet3D,apbs_shape,apbs_clip20_minmax,CBAMUNet3D_best_model_in_terms_of_validation_paper_f1.pth,raw,0.35,top_n_plus_2,3,0.6748466257668712,0.5392156862745098,0.9016393442622951,55,47,6,0.5092592592592593,0.7592592592592593,11.618531632707235,9.434315202817396,0.38638251139173435,0.38638251139173435,0.48700421777862984,124.23148148148148,1.25,6,108
,scpdb_apbs_cutoff_fold1_apbs_shape_apbs_clip20_minmax,CBAMUNet3D,apbs_shape,apbs_clip20_minmax,CBAMUNet3D_best_model_in_terms_of_validation_paper_f1.pth,raw,0.4,top1,1,0.65,0.5098039215686274,0.896551724137931,52,50,6,0.48148148148148145,0.6666666666666666,14.9416796839384,12.609611265573035,0.35304796803543925,0.35304796803543925,0.49568632564670634,121.47222222222223,0.9444444444444444,6,108
,scpdb_apbs_cutoff_fold1_apbs_shape_apbs_clip20_minmax,CBAMUNet3D,apbs_shape,apbs_clip20_minmax,CBAMUNet3D_best_model_in_terms_of_validation_paper_f1.pth,raw,0.4,top2,2,0.6829268292682927,0.5490196078431373,0.9032258064516129,56,46,6,0.5185185185185185,0.7592592592592593,11.629700591557063,9.439546339700316,0.38580772262276153,0.38580772262276153,0.48552672719590323,121.47222222222223,1.212962962962963,6,108
,scpdb_apbs_cutoff_fold1_apbs_shape_apbs_clip20_minmax,CBAMUNet3D,apbs_shape,apbs_clip20_minmax,CBAMUNet3D_best_model_in_terms_of_validation_paper_f1.pth,raw,0.4,top3,3,0.6829268292682927,0.5490196078431373,0.9032258064516129,56,46,6,0.5185185185185185,0.7592592592592593,11.629700591557063,9.439546339700316,0.38580772262276153,0.38580772262276153,0.48552672719590323,121.47222222222223,1.2314814814814814,6,108
,scpdb_apbs_cutoff_fold1_apbs_shape_apbs_clip20_minmax,CBAMUNet3D,apbs_shape,apbs_clip20_minmax,CBAMUNet3D_best_model_in_terms_of_validation_paper_f1.pth,raw,0.4,top_n_plus_2,3,0.6829268292682927,0.5490196078431373,0.9032258064516129,56,46,6,0.5185185185185185,0.7592592592592593,11.629700591557063,9.439546339700316,0.38580772262276153,0.38580772262276153,0.48552672719590323,121.47222222222223,1.2314814814814814,6,108
,scpdb_apbs_cutoff_fold1_apbs_shape_apbs_clip20_minmax,CBAMUNet3D,apbs_shape,apbs_clip20_minmax,CBAMUNet3D_best_model_in_terms_of_validation_paper_f1.pth,raw,0.45,top1,1,0.65,0.5098039215686274,0.896551724137931,52,50,6,0.48148148148148145,0.6666666666666666,14.946761750011108,12.613827780769789,0.35155045455274786,0.35155045455274786,0.4937526303898906,118.88888888888889,0.9444444444444444,6,108
,scpdb_apbs_cutoff_fold1_apbs_shape_apbs_clip20_minmax,CBAMUNet3D,apbs_shape,apbs_clip20_minmax,CBAMUNet3D_best_model_in_terms_of_validation_paper_f1.pth,raw,0.45,top2,2,0.6829268292682927,0.5490196078431373,0.9032258064516129,56,46,6,0.5185185185185185,0.7592592592592593,11.639710402525134,9.446663672202511,0.38370434652451785,0.38370434652451785,0.4828708033243783,118.88888888888889,1.212962962962963,6,108
,scpdb_apbs_cutoff_fold1_apbs_shape_apbs_clip20_minmax,CBAMUNet3D,apbs_shape,apbs_clip20_minmax,CBAMUNet3D_best_model_in_terms_of_validation_paper_f1.pth,raw,0.45,top3,3,0.6829268292682927,0.5490196078431373,0.9032258064516129,56,46,6,0.5185185185185185,0.7592592592592593,11.639710402525134,9.446663672202511,0.38370434652451785,0.38370434652451785,0.4828708033243783,118.88888888888889,1.2314814814814814,6,108
,scpdb_apbs_cutoff_fold1_apbs_shape_apbs_clip20_minmax,CBAMUNet3D,apbs_shape,apbs_clip20_minmax,CBAMUNet3D_best_model_in_terms_of_validation_paper_f1.pth,raw,0.45,top_n_plus_2,3,0.6829268292682927,0.5490196078431373,0.9032258064516129,56,46,6,0.5185185185185185,0.7592592592592593,11.639710402525134,9.446663672202511,0.38370434652451785,0.38370434652451785,0.4828708033243783,118.88888888888889,1.2314814814814814,6,108
,scpdb_apbs_cutoff_fold1_apbs_shape_apbs_clip20_minmax,CBAMUNet3D,apbs_shape,apbs_clip20_minmax,CBAMUNet3D_best_model_in_terms_of_validation_paper_f1.pth,raw,0.5,top1,1,0.65,0.5098039215686274,0.896551724137931,52,50,6,0.48148148148148145,0.6759259259259259,14.900071218022223,12.548884223678218,0.35206697830857325,0.35206697830857325,0.49024975237633517,116.37037037037037,0.9444444444444444,6,108
,scpdb_apbs_cutoff_fold1_apbs_shape_apbs_clip20_minmax,CBAMUNet3D,apbs_shape,apbs_clip20_minmax,CBAMUNet3D_best_model_in_terms_of_validation_paper_f1.pth,raw,0.5,top2,2,0.6829268292682927,0.5490196078431373,0.9032258064516129,56,46,6,0.5185185185185185,0.7685185185185185,11.596301914054127,9.384441532824157,0.38388364068338904,0.38388364068338904,0.4793652756341021,116.37037037037037,1.212962962962963,6,108
,scpdb_apbs_cutoff_fold1_apbs_shape_apbs_clip20_minmax,CBAMUNet3D,apbs_shape,apbs_clip20_minmax,CBAMUNet3D_best_model_in_terms_of_validation_paper_f1.pth,raw,0.5,top3,3,0.6829268292682927,0.5490196078431373,0.9032258064516129,56,46,6,0.5185185185185185,0.7685185185185185,11.596301914054127,9.384441532824157,0.38388364068338904,0.38388364068338904,0.4793652756341021,116.37037037037037,1.2222222222222223,6,108
,scpdb_apbs_cutoff_fold1_apbs_shape_apbs_clip20_minmax,CBAMUNet3D,apbs_shape,apbs_clip20_minmax,CBAMUNet3D_best_model_in_terms_of_validation_paper_f1.pth,raw,0.5,top_n_plus_2,3,0.6829268292682927,0.5490196078431373,0.9032258064516129,56,46,6,0.5185185185185185,0.7685185185185185,11.596301914054127,9.384441532824157,0.38388364068338904,0.38388364068338904,0.4793652756341021,116.37037037037037,1.2222222222222223,6,108
,scpdb_apbs_cutoff_fold1_apbs_shape_apbs_clip20_minmax,CBAMUNet3D,apbs_shape,apbs_clip20_minmax,CBAMUNet3D_best_model_in_terms_of_validation_paper_f1.pth,raw,0.55,top1,1,0.65,0.5098039215686274,0.896551724137931,52,50,6,0.48148148148148145,0.6759259259259259,14.909522411240479,12.54687059678925,0.35033101774652015,0.35033101774652015,0.4877571752583432,113.89814814814815,0.9444444444444444,6,108
,scpdb_apbs_cutoff_fold1_apbs_shape_apbs_clip20_minmax,CBAMUNet3D,apbs_shape,apbs_clip20_minmax,CBAMUNet3D_best_model_in_terms_of_validation_paper_f1.pth,raw,0.55,top2,2,0.6748466257668712,0.5392156862745098,0.9016393442622951,55,47,6,0.5092592592592593,0.7685185185185185,11.605681131089911,9.382564928853858,0.38160658718277707,0.38160658718277707,0.4809894002294874,113.89814814814815,1.212962962962963,6,108
,scpdb_apbs_cutoff_fold1_apbs_shape_apbs_clip20_minmax,CBAMUNet3D,apbs_shape,apbs_clip20_minmax,CBAMUNet3D_best_model_in_terms_of_validation_paper_f1.pth,raw,0.55,top3,3,0.6748466257668712,0.5392156862745098,0.9016393442622951,55,47,6,0.5092592592592593,0.7685185185185185,11.605681131089911,9.382564928853858,0.38160658718277707,0.38160658718277707,0.4809894002294874,113.89814814814815,1.2222222222222223,6,108
,scpdb_apbs_cutoff_fold1_apbs_shape_apbs_clip20_minmax,CBAMUNet3D,apbs_shape,apbs_clip20_minmax,CBAMUNet3D_best_model_in_terms_of_validation_paper_f1.pth,raw,0.55,top_n_plus_2,3,0.6748466257668712,0.5392156862745098,0.9016393442622951,55,47,6,0.5092592592592593,0.7685185185185185,11.605681131089911,9.382564928853858,0.38160658718277707,0.38160658718277707,0.4809894002294874,113.89814814814815,1.2222222222222223,6,108
,scpdb_apbs_cutoff_fold1_apbs_shape_apbs_clip20_minmax,CBAMUNet3D,apbs_shape,apbs_clip20_minmax,CBAMUNet3D_best_model_in_terms_of_validation_paper_f1.pth,raw,0.6,top1,1,0.65,0.5098039215686274,0.896551724137931,52,50,6,0.48148148148148145,0.6759259259259259,14.912657996105757,12.549506636974819,0.3472924861782089,0.3472924861782089,0.48393578436663626,111.3425925925926,0.9444444444444444,6,108
,scpdb_apbs_cutoff_fold1_apbs_shape_apbs_clip20_minmax,CBAMUNet3D,apbs_shape,apbs_clip20_minmax,CBAMUNet3D_best_model_in_terms_of_validation_paper_f1.pth,raw,0.6,top2,2,0.6748466257668712,0.5392156862745098,0.9016393442622951,55,47,6,0.5092592592592593,0.7685185185185185,11.61440027312059,9.38295378148869,0.37781151680172165,0.37781151680172165,0.47651203459866265,111.3425925925926,1.212962962962963,6,108
,scpdb_apbs_cutoff_fold1_apbs_shape_apbs_clip20_minmax,CBAMUNet3D,apbs_shape,apbs_clip20_minmax,CBAMUNet3D_best_model_in_terms_of_validation_paper_f1.pth,raw,0.6,top3,3,0.6748466257668712,0.5392156862745098,0.9016393442622951,55,47,6,0.5092592592592593,0.7685185185185185,11.61440027312059,9.38295378148869,0.37781151680172165,0.37781151680172165,0.47651203459866265,111.3425925925926,1.2222222222222223,6,108
,scpdb_apbs_cutoff_fold1_apbs_shape_apbs_clip20_minmax,CBAMUNet3D,apbs_shape,apbs_clip20_minmax,CBAMUNet3D_best_model_in_terms_of_validation_paper_f1.pth,raw,0.6,top_n_plus_2,3,0.6748466257668712,0.5392156862745098,0.9016393442622951,55,47,6,0.5092592592592593,0.7685185185185185,11.61440027312059,9.38295378148869,0.37781151680172165,0.37781151680172165,0.47651203459866265,111.3425925925926,1.2222222222222223,6,108
,scpdb_apbs_cutoff_fold1_apbs_shape_apbs_clip20_minmax,CBAMUNet3D,apbs_shape,apbs_clip20_minmax,CBAMUNet3D_best_model_in_terms_of_validation_paper_f1.pth,raw,0.7,top1,1,0.6583850931677019,0.5196078431372549,0.8983050847457628,53,49,6,0.49074074074074076,0.6851851851851852,14.849096761803587,12.47540599615415,0.34797379475054724,0.34797379475054724,0.48199489143818436,106.11111111111111,0.9444444444444444,6,108
,scpdb_apbs_cutoff_fold1_apbs_shape_apbs_clip20_minmax,CBAMUNet3D,apbs_shape,apbs_clip20_minmax,CBAMUNet3D_best_model_in_terms_of_validation_paper_f1.pth,raw,0.7,top2,2,0.6829268292682927,0.5490196078431373,0.9032258064516129,56,46,6,0.5185185185185185,0.7685185185185185,11.558721790540206,9.3126677539868,0.37732932561665256,0.37732932561665256,0.47423692335289697,106.11111111111111,1.2222222222222223,6,108
,scpdb_apbs_cutoff_fold1_apbs_shape_apbs_clip20_minmax,CBAMUNet3D,apbs_shape,apbs_clip20_minmax,CBAMUNet3D_best_model_in_terms_of_validation_paper_f1.pth,raw,0.7,top3,3,0.6829268292682927,0.5490196078431373,0.9032258064516129,56,46,6,0.5185185185185185,0.7685185185185185,11.558721790540206,9.3126677539868,0.37732932561665256,0.37732932561665256,0.47423692335289697,106.11111111111111,1.2314814814814814,6,108
,scpdb_apbs_cutoff_fold1_apbs_shape_apbs_clip20_minmax,CBAMUNet3D,apbs_shape,apbs_clip20_minmax,CBAMUNet3D_best_model_in_terms_of_validation_paper_f1.pth,raw,0.7,top_n_plus_2,3,0.6829268292682927,0.5490196078431373,0.9032258064516129,56,46,6,0.5185185185185185,0.7685185185185185,11.558721790540206,9.3126677539868,0.37732932561665256,0.37732932561665256,0.47423692335289697,106.11111111111111,1.2314814814814814,6,108
,scpdb_apbs_cutoff_fold1_apbs_shape_apbs_clip20_minmax,CBAMUNet3D,apbs_shape,apbs_clip20_minmax,CBAMUNet3D_best_model_in_terms_of_validation_paper_f1.pth,raw,0.8,top1,1,0.65,0.5098039215686274,0.896551724137931,52,50,6,0.48148148148148145,0.6944444444444444,14.279143143012492,11.90293551331803,0.34955221944463016,0.34955221944463016,0.47834091805438733,99.54629629629629,0.9444444444444444,6,108
,scpdb_apbs_cutoff_fold1_apbs_shape_apbs_clip20_minmax,CBAMUNet3D,apbs_shape,apbs_clip20_minmax,CBAMUNet3D_best_model_in_terms_of_validation_paper_f1.pth,raw,0.8,top2,2,0.6748466257668712,0.5392156862745098,0.9016393442622951,55,47,6,0.5092592592592593,0.7685185185185185,11.530427318706122,9.298652882014393,0.3732967875595674,0.3732967875595674,0.4698559756704459,99.54629629629629,1.2222222222222223,6,108
,scpdb_apbs_cutoff_fold1_apbs_shape_apbs_clip20_minmax,CBAMUNet3D,apbs_shape,apbs_clip20_minmax,CBAMUNet3D_best_model_in_terms_of_validation_paper_f1.pth,raw,0.8,top3,3,0.6748466257668712,0.5392156862745098,0.9016393442622951,55,47,6,0.5092592592592593,0.7685185185185185,11.530427318706122,9.298652882014393,0.3732967875595674,0.3732967875595674,0.4698559756704459,99.54629629629629,1.2407407407407407,6,108
,scpdb_apbs_cutoff_fold1_apbs_shape_apbs_clip20_minmax,CBAMUNet3D,apbs_shape,apbs_clip20_minmax,CBAMUNet3D_best_model_in_terms_of_validation_paper_f1.pth,raw,0.8,top_n_plus_2,3,0.6748466257668712,0.5392156862745098,0.9016393442622951,55,47,6,0.5092592592592593,0.7685185185185185,11.530427318706122,9.298652882014393,0.3732967875595674,0.3732967875595674,0.4698559756704459,99.54629629629629,1.2407407407407407,6,108
,scpdb_apbs_cutoff_fold1_apbs_shape_apbs_clip20_minmax,CBAMUNet3D,apbs_shape,apbs_clip20_minmax,CBAMUNet3D_best_model_in_terms_of_validation_paper_f1.pth,raw,0.9,top1,1,0.6329113924050632,0.49504950495049505,0.8771929824561403,50,51,7,0.46296296296296297,0.6759259259259259,16.056951280959538,13.700442667359612,0.3316522609179553,0.3316522609179553,0.4756559634240525,90.07407407407408,0.9351851851851852,7,108
,scpdb_apbs_cutoff_fold1_apbs_shape_apbs_clip20_minmax,CBAMUNet3D,apbs_shape,apbs_clip20_minmax,CBAMUNet3D_best_model_in_terms_of_validation_paper_f1.pth,raw,0.9,top2,2,0.6748466257668712,0.5445544554455446,0.8870967741935484,55,46,7,0.5092592592592593,0.7870370370370371,12.45848570276394,10.303350295144403,0.3634582867313028,0.3633154360729883,0.4513050826385847,90.07407407407408,1.2407407407407407,7,108
,scpdb_apbs_cutoff_fold1_apbs_shape_apbs_clip20_minmax,CBAMUNet3D,apbs_shape,apbs_clip20_minmax,CBAMUNet3D_best_model_in_terms_of_validation_paper_f1.pth,raw,0.9,top3,3,0.6748466257668712,0.5445544554455446,0.8870967741935484,55,46,7,0.5092592592592593,0.7870370370370371,12.45848570276394,10.303350295144403,0.3634582867313028,0.3633154360729883,0.4513050826385847,90.07407407407408,1.2592592592592593,7,108
,scpdb_apbs_cutoff_fold1_apbs_shape_apbs_clip20_minmax,CBAMUNet3D,apbs_shape,apbs_clip20_minmax,CBAMUNet3D_best_model_in_terms_of_validation_paper_f1.pth,raw,0.9,top_n_plus_2,3,0.6748466257668712,0.5445544554455446,0.8870967741935484,55,46,7,0.5092592592592593,0.7870370370370371,12.45848570276394,10.303350295144403,0.3634582867313028,0.3633154360729883,0.4513050826385847,90.07407407407408,1.2592592592592593,7,108
,scpdb_apbs_cutoff_fold1_apbs_shape_apbs_clip20_minmax,ResNet3D4LGN,apbs_shape,apbs_clip20_minmax,ResNet3D4LGN_best_model_in_terms_of_validation_paper_f1.pth,raw,0.05,top1,1,0.6153846153846155,0.46153846153846156,0.9230769230769231,48,56,4,0.4444444444444444,0.6574074074074074,13.984086404145899,11.481332915789364,0.32546242909808965,0.32546242909808965,0.4607856186588813,167.14814814814815,0.9629629629629629,4,108
,scpdb_apbs_cutoff_fold1_apbs_shape_apbs_clip20_minmax,ResNet3D4LGN,apbs_shape,apbs_clip20_minmax,ResNet3D4LGN_best_model_in_terms_of_validation_paper_f1.pth,raw,0.05,top2,2,0.6829268292682926,0.5384615384615384,0.9333333333333333,56,48,4,0.5185185185185185,0.7777777777777778,9.55218722194097,7.363048227556559,0.36250805599190744,0.3623427120765635,0.4372005875702549,167.14814814814815,1.4166666666666667,4,108
,scpdb_apbs_cutoff_fold1_apbs_shape_apbs_clip20_minmax,ResNet3D4LGN,apbs_shape,apbs_clip20_minmax,ResNet3D4LGN_best_model_in_terms_of_validation_paper_f1.pth,raw,0.05,top3,3,0.6829268292682926,0.5384615384615384,0.9333333333333333,56,48,4,0.5185185185185185,0.7870370370370371,9.288674317418941,7.103003412647362,0.36284475632860774,0.3626794124132639,0.4372005875702549,167.14814814814815,1.5925925925925926,4,108
,scpdb_apbs_cutoff_fold1_apbs_shape_apbs_clip20_minmax,ResNet3D4LGN,apbs_shape,apbs_clip20_minmax,ResNet3D4LGN_best_model_in_terms_of_validation_paper_f1.pth,raw,0.05,top_n_plus_2,3,0.6829268292682926,0.5384615384615384,0.9333333333333333,56,48,4,0.5185185185185185,0.7870370370370371,9.288674317418941,7.103003412647362,0.36284475632860774,0.3626794124132639,0.4372005875702549,167.14814814814815,1.5925925925925926,4,108
,scpdb_apbs_cutoff_fold1_apbs_shape_apbs_clip20_minmax,ResNet3D4LGN,apbs_shape,apbs_clip20_minmax,ResNet3D4LGN_best_model_in_terms_of_validation_paper_f1.pth,raw,0.1,top1,1,0.6153846153846155,0.46153846153846156,0.9230769230769231,48,56,4,0.4444444444444444,0.6666666666666666,13.933359898237814,11.436162196314305,0.32801115393666425,0.32801115393666425,0.4602469031728564,148.61111111111111,0.9629629629629629,4,108
,scpdb_apbs_cutoff_fold1_apbs_shape_apbs_clip20_minmax,ResNet3D4LGN,apbs_shape,apbs_clip20_minmax,ResNet3D4LGN_best_model_in_terms_of_validation_paper_f1.pth,raw,0.1,top2,2,0.674846625766871,0.5288461538461539,0.9322033898305084,55,49,4,0.5092592592592593,0.7777777777777778,9.783778404241108,7.559108769676148,0.3621999784404454,0.3620683302045317,0.4413019595787066,148.61111111111111,1.3888888888888888,4,108
,scpdb_apbs_cutoff_fold1_apbs_shape_apbs_clip20_minmax,ResNet3D4LGN,apbs_shape,apbs_clip20_minmax,ResNet3D4LGN_best_model_in_terms_of_validation_paper_f1.pth,raw,0.1,top3,3,0.674846625766871,0.5288461538461539,0.9322033898305084,55,49,4,0.5092592592592593,0.7777777777777778,9.783778404241108,7.559108769676148,0.3621999784404454,0.3620683302045317,0.4413019595787066,148.61111111111111,1.5555555555555556,4,108
,scpdb_apbs_cutoff_fold1_apbs_shape_apbs_clip20_minmax,ResNet3D4LGN,apbs_shape,apbs_clip20_minmax,ResNet3D4LGN_best_model_in_terms_of_validation_paper_f1.pth,raw,0.1,top_n_plus_2,3,0.674846625766871,0.5288461538461539,0.9322033898305084,55,49,4,0.5092592592592593,0.7777777777777778,9.783778404241108,7.559108769676148,0.3621999784404454,0.3620683302045317,0.4413019595787066,148.61111111111111,1.5555555555555556,4,108
,scpdb_apbs_cutoff_fold1_apbs_shape_apbs_clip20_minmax,ResNet3D4LGN,apbs_shape,apbs_clip20_minmax,ResNet3D4LGN_best_model_in_terms_of_validation_paper_f1.pth,raw,0.2,top1,1,0.5882352941176471,0.4411764705882353,0.8823529411764706,45,57,6,0.4166666666666667,0.6481481481481481,16.56914803571991,14.114306567108835,0.32112518340724056,0.32112518340724056,0.480190670285653,131.47222222222223,0.9444444444444444,6,108
,scpdb_apbs_cutoff_fold1_apbs_shape_apbs_clip20_minmax,ResNet3D4LGN,apbs_shape,apbs_clip20_minmax,ResNet3D4LGN_best_model_in_terms_of_validation_paper_f1.pth,raw,0.2,top2,2,0.65,0.5098039215686274,0.896551724137931,52,50,6,0.48148148148148145,0.7870370370370371,11.833019770616042,9.63539980274455,0.361483374841319,0.36143730887485503,0.4593731558296489,131.47222222222223,1.3240740740740742,6,108
,scpdb_apbs_cutoff_fold1_apbs_shape_apbs_clip20_minmax,ResNet3D4LGN,apbs_shape,apbs_clip20_minmax,ResNet3D4LGN_best_model_in_terms_of_validation_paper_f1.pth,raw,0.2,top3,3,0.65,0.5098039215686274,0.896551724137931,52,50,6,0.48148148148148145,0.7870370370370371,11.575953561513836,9.37905480394049,0.36199777813350004,0.3609596486749726,0.4593731558296489,131.47222222222223,1.4722222222222223,6,108
,scpdb_apbs_cutoff_fold1_apbs_shape_apbs_clip20_minmax,ResNet3D4LGN,apbs_shape,apbs_clip20_minmax,ResNet3D4LGN_best_model_in_terms_of_validation_paper_f1.pth,raw,0.2,top_n_plus_2,3,0.65,0.5098039215686274,0.896551724137931,52,50,6,0.48148148148148145,0.7870370370370371,11.575953561513836,9.37905480394049,0.36199777813350004,0.3609596486749726,0.4593731558296489,131.47222222222223,1.4722222222222223,6,108
,scpdb_apbs_cutoff_fold1_apbs_shape_apbs_clip20_minmax,ResNet3D4LGN,apbs_shape,apbs_clip20_minmax,ResNet3D4LGN_best_model_in_terms_of_validation_paper_f1.pth,raw,0.3,top1,1,0.5974025974025974,0.45544554455445546,0.8679245283018868,46,55,7,0.42592592592592593,0.6388888888888888,17.615799675100483,15.184987230208785,0.32265883288804864,0.32265883288804864,0.48132374435228853,121.44444444444444,0.9351851851851852,7,108
,scpdb_apbs_cutoff_fold1_apbs_shape_apbs_clip20_minmax,ResNet3D4LGN,apbs_shape,apbs_clip20_minmax,ResNet3D4LGN_best_model_in_terms_of_validation_paper_f1.pth,raw,0.3,top2,2,0.6583850931677019,0.5247524752475248,0.8833333333333333,53,48,7,0.49074074074074076,0.7685185185185185,13.520293314347887,11.290200146833227,0.3589792377905518,0.3589792377905518,0.45612009328593156,121.44444444444444,1.2777777777777777,7,108
,scpdb_apbs_cutoff_fold1_apbs_shape_apbs_clip20_minmax,ResNet3D4LGN,apbs_shape,apbs_clip20_minmax,ResNet3D4LGN_best_model_in_terms_of_validation_paper_f1.pth,raw,0.3,top3,3,0.6583850931677019,0.5247524752475248,0.8833333333333333,53,48,7,0.49074074074074076,0.7685185185185185,13.274444485571667,11.046245543133454,0.35920507338224106,0.35854369772086536,0.45612009328593156,121.44444444444444,1.4074074074074074,7,108
,scpdb_apbs_cutoff_fold1_apbs_shape_apbs_clip20_minmax,ResNet3D4LGN,apbs_shape,apbs_clip20_minmax,ResNet3D4LGN_best_model_in_terms_of_validation_paper_f1.pth,raw,0.3,top_n_plus_2,3,0.6583850931677019,0.5247524752475248,0.8833333333333333,53,48,7,0.49074074074074076,0.7685185185185185,13.274444485571667,11.046245543133454,0.35920507338224106,0.35854369772086536,0.45612009328593156,121.44444444444444,1.4074074074074074,7,108
,scpdb_apbs_cutoff_fold1_apbs_shape_apbs_clip20_minmax,ResNet3D4LGN,apbs_shape,apbs_clip20_minmax,ResNet3D4LGN_best_model_in_terms_of_validation_paper_f1.pth,raw,0.35,top1,1,0.5974025974025974,0.45544554455445546,0.8679245283018868,46,55,7,0.42592592592592593,0.6388888888888888,17.621874796364693,15.179904227160966,0.3215996254532786,0.3215996254532786,0.4787392849349269,117.71296296296296,0.9351851851851852,7,108
,scpdb_apbs_cutoff_fold1_apbs_shape_apbs_clip20_minmax,ResNet3D4LGN,apbs_shape,apbs_clip20_minmax,ResNet3D4LGN_best_model_in_terms_of_validation_paper_f1.pth,raw,0.35,top2,2,0.6583850931677019,0.5247524752475248,0.8833333333333333,53,48,7,0.49074074074074076,0.7685185185185185,13.531703880177515,11.292782067858255,0.3565309471871498,0.3565309471871498,0.45224358116325764,117.71296296296296,1.2777777777777777,7,108
,scpdb_apbs_cutoff_fold1_apbs_shape_apbs_clip20_minmax,ResNet3D4LGN,apbs_shape,apbs_clip20_minmax,ResNet3D4LGN_best_model_in_terms_of_validation_paper_f1.pth,raw,0.35,top3,3,0.6583850931677019,0.5247524752475248,0.8833333333333333,53,48,7,0.49074074074074076,0.7685185185185185,13.292067726192519,11.05285840712384,0.3567586338902463,0.3560972582288707,0.45224358116325764,117.71296296296296,1.4074074074074074,7,108
,scpdb_apbs_cutoff_fold1_apbs_shape_apbs_clip20_minmax,ResNet3D4LGN,apbs_shape,apbs_clip20_minmax,ResNet3D4LGN_best_model_in_terms_of_validation_paper_f1.pth,raw,0.35,top_n_plus_2,3,0.6583850931677019,0.5247524752475248,0.8833333333333333,53,48,7,0.49074074074074076,0.7685185185185185,13.292067726192519,11.05285840712384,0.3567586338902463,0.3560972582288707,0.45224358116325764,117.71296296296296,1.4074074074074074,7,108
,scpdb_apbs_cutoff_fold1_apbs_shape_apbs_clip20_minmax,ResNet3D4LGN,apbs_shape,apbs_clip20_minmax,ResNet3D4LGN_best_model_in_terms_of_validation_paper_f1.pth,raw,0.4,top1,1,0.5974025974025974,0.45544554455445546,0.8679245283018868,46,55,7,0.42592592592592593,0.6388888888888888,17.741672681104276,15.312541695614993,0.31884704307535106,0.31884704307535106,0.47996143418012194,114.12962962962963,0.9351851851851852,7,108
,scpdb_apbs_cutoff_fold1_apbs_shape_apbs_clip20_minmax,ResNet3D4LGN,apbs_shape,apbs_clip20_minmax,ResNet3D4LGN_best_model_in_terms_of_validation_paper_f1.pth,raw,0.4,top2,2,0.6583850931677019,0.5247524752475248,0.8833333333333333,53,48,7,0.49074074074074076,0.7685185185185185,13.526963969646696,11.291987531937359,0.35624520792398295,0.35624520792398295,0.451998880998118,114.12962962962963,1.2777777777777777,7,108
,scpdb_apbs_cutoff_fold1_apbs_shape_apbs_clip20_minmax,ResNet3D4LGN,apbs_shape,apbs_clip20_minmax,ResNet3D4LGN_best_model_in_terms_of_validation_paper_f1.pth,raw,0.4,top3,3,0.6583850931677019,0.5247524752475248,0.8833333333333333,53,48,7,0.49074074074074076,0.7685185185185185,13.288453949391881,11.051721899636046,0.3564747763353695,0.35589607263166584,0.451998880998118,114.12962962962963,1.4074074074074074,7,108
,scpdb_apbs_cutoff_fold1_apbs_shape_apbs_clip20_minmax,ResNet3D4LGN,apbs_shape,apbs_clip20_minmax,ResNet3D4LGN_best_model_in_terms_of_validation_paper_f1.pth,raw,0.4,top_n_plus_2,3,0.6583850931677019,0.5247524752475248,0.8833333333333333,53,48,7,0.49074074074074076,0.7685185185185185,13.288453949391881,11.051721899636046,0.3564747763353695,0.35589607263166584,0.451998880998118,114.12962962962963,1.4074074074074074,7,108
,scpdb_apbs_cutoff_fold1_apbs_shape_apbs_clip20_minmax,ResNet3D4LGN,apbs_shape,apbs_clip20_minmax,ResNet3D4LGN_best_model_in_terms_of_validation_paper_f1.pth,raw,0.45,top1,1,0.6064516129032258,0.46534653465346537,0.8703703703703703,47,54,7,0.4351851851851852,0.6388888888888888,17.595325695797257,15.164434177117501,0.32219920587126794,0.32219920587126794,0.4797869753467878,110.94444444444444,0.9351851851851852,7,108
,scpdb_apbs_cutoff_fold1_apbs_shape_apbs_clip20_minmax,ResNet3D4LGN,apbs_shape,apbs_clip20_minmax,ResNet3D4LGN_best_model_in_terms_of_validation_paper_f1.pth,raw,0.45,top2,2,0.6666666666666666,0.5346534653465347,0.8852459016393442,54,47,7,0.5,0.7685185185185185,13.512048117201955,11.283149429865372,0.3550573355258495,0.3550573355258495,0.4515980399946263,110.94444444444444,1.2777777777777777,7,108
,scpdb_apbs_cutoff_fold1_apbs_shape_apbs_clip20_minmax,ResNet3D4LGN,apbs_shape,apbs_clip20_minmax,ResNet3D4LGN_best_model_in_terms_of_validation_paper_f1.pth,raw,0.45,top3,3,0.6666666666666666,0.5346534653465347,0.8852459016393442,54,47,7,0.5,0.7685185185185185,13.278904432806527,11.047046891938887,0.3552869039372361,0.35479087219120437,0.4515980399946263,110.94444444444444,1.4074074074074074,7,108
,scpdb_apbs_cutoff_fold1_apbs_shape_apbs_clip20_minmax,ResNet3D4LGN,apbs_shape,apbs_clip20_minmax,ResNet3D4LGN_best_model_in_terms_of_validation_paper_f1.pth,raw,0.45,top_n_plus_2,3,0.6666666666666666,0.5346534653465347,0.8852459016393442,54,47,7,0.5,0.7685185185185185,13.278904432806527,11.047046891938887,0.3552869039372361,0.35479087219120437,0.4515980399946263,110.94444444444444,1.4074074074074074,7,108
,scpdb_apbs_cutoff_fold1_apbs_shape_apbs_clip20_minmax,ResNet3D4LGN,apbs_shape,apbs_clip20_minmax,ResNet3D4LGN_best_model_in_terms_of_validation_paper_f1.pth,raw,0.5,top1,1,0.5974025974025974,0.45544554455445546,0.8679245283018868,46,55,7,0.42592592592592593,0.6296296296296297,17.617735085549086,15.174133153600845,0.3201682934841582,0.3201682934841582,0.47845533474469176,108.05555555555556,0.9351851851851852,7,108
,scpdb_apbs_cutoff_fold1_apbs_shape_apbs_clip20_minmax,ResNet3D4LGN,apbs_shape,apbs_clip20_minmax,ResNet3D4LGN_best_model_in_terms_of_validation_paper_f1.pth,raw,0.5,top2,2,0.6666666666666666,0.5346534653465347,0.8852459016393442,54,47,7,0.5,0.7685185185185185,13.461796554788496,11.247970056692312,0.3523763186243527,0.3523763186243527,0.44365600374712183,108.05555555555556,1.287037037037037,7,108
,scpdb_apbs_cutoff_fold1_apbs_shape_apbs_clip20_minmax,ResNet3D4LGN,apbs_shape,apbs_clip20_minmax,ResNet3D4LGN_best_model_in_terms_of_validation_paper_f1.pth,raw,0.5,top3,3,0.6666666666666666,0.5346534653465347,0.8852459016393442,54,47,7,0.5,0.7685185185185185,13.44105991143454,11.247970056692312,0.3523763186243527,0.351880286878321,0.44365600374712183,108.05555555555556,1.4074074074074074,7,108
,scpdb_apbs_cutoff_fold1_apbs_shape_apbs_clip20_minmax,ResNet3D4LGN,apbs_shape,apbs_clip20_minmax,ResNet3D4LGN_best_model_in_terms_of_validation_paper_f1.pth,raw,0.5,top_n_plus_2,3,0.6666666666666666,0.5346534653465347,0.8852459016393442,54,47,7,0.5,0.7685185185185185,13.44105991143454,11.247970056692312,0.3523763186243527,0.351880286878321,0.44365600374712183,108.05555555555556,1.4074074074074074,7,108
,scpdb_apbs_cutoff_fold1_apbs_shape_apbs_clip20_minmax,ResNet3D4LGN,apbs_shape,apbs_clip20_minmax,ResNet3D4LGN_best_model_in_terms_of_validation_paper_f1.pth,raw,0.55,top1,1,0.5974025974025974,0.45544554455445546,0.8679245283018868,46,55,7,0.42592592592592593,0.6296296296296297,17.596438058193627,15.166161912831365,0.3201108378010588,0.3201108378010588,0.4784163423739426,105.0,0.9351851851851852,7,108
,scpdb_apbs_cutoff_fold1_apbs_shape_apbs_clip20_minmax,ResNet3D4LGN,apbs_shape,apbs_clip20_minmax,ResNet3D4LGN_best_model_in_terms_of_validation_paper_f1.pth,raw,0.55,top2,2,0.6666666666666666,0.5346534653465347,0.8852459016393442,54,47,7,0.5,0.7685185185185185,13.4899409843723,11.294220048143437,0.3510783134230476,0.3510783134230476,0.44231655125295605,105.0,1.2962962962962963,7,108
,scpdb_apbs_cutoff_fold1_apbs_shape_apbs_clip20_minmax,ResNet3D4LGN,apbs_shape,apbs_clip20_minmax,ResNet3D4LGN_best_model_in_terms_of_validation_paper_f1.pth,raw,0.55,top3,3,0.6748466257668712,0.5445544554455446,0.8870967741935484,55,46,7,0.5092592592592593,0.7685185185185185,13.462555881622537,11.294220048143437,0.3510783134230476,0.35049960971934396,0.43508612045095424,105.0,1.3981481481481481,7,108
,scpdb_apbs_cutoff_fold1_apbs_shape_apbs_clip20_minmax,ResNet3D4LGN,apbs_shape,apbs_clip20_minmax,ResNet3D4LGN_best_model_in_terms_of_validation_paper_f1.pth,raw,0.55,top_n_plus_2,3,0.6748466257668712,0.5445544554455446,0.8870967741935484,55,46,7,0.5092592592592593,0.7685185185185185,13.462555881622537,11.294220048143437,0.3510783134230476,0.35049960971934396,0.43508612045095424,105.0,1.3981481481481481,7,108
,scpdb_apbs_cutoff_fold1_apbs_shape_apbs_clip20_minmax,ResNet3D4LGN,apbs_shape,apbs_clip20_minmax,ResNet3D4LGN_best_model_in_terms_of_validation_paper_f1.pth,raw,0.6,top1,1,0.6064516129032257,0.47,0.8545454545454545,47,53,8,0.4351851851851852,0.6296296296296297,18.69479303875594,16.28436026535526,0.317952655073523,0.317952655073523,0.48576339000373514,101.88888888888889,0.9259259259259259,8,108
,scpdb_apbs_cutoff_fold1_apbs_shape_apbs_clip20_minmax,ResNet3D4LGN,apbs_shape,apbs_clip20_minmax,ResNet3D4LGN_best_model_in_terms_of_validation_paper_f1.pth,raw,0.6,top2,2,0.6748466257668712,0.55,0.873015873015873,55,45,8,0.5092592592592593,0.7685185185185185,14.590100331734325,12.421037811469416,0.3481315910901383,0.3481315910901383,0.44821390974310016,101.88888888888889,1.287037037037037,8,108
,scpdb_apbs_cutoff_fold1_apbs_shape_apbs_clip20_minmax,ResNet3D4LGN,apbs_shape,apbs_clip20_minmax,ResNet3D4LGN_best_model_in_terms_of_validation_paper_f1.pth,raw,0.6,top3,3,0.6829268292682927,0.56,0.875,56,44,8,0.5185185185185185,0.7685185185185185,14.559839283756993,12.421037811469416,0.3481315910901383,0.3475566113484919,0.4410144657306349,101.88888888888889,1.3888888888888888,8,108
,scpdb_apbs_cutoff_fold1_apbs_shape_apbs_clip20_minmax,ResNet3D4LGN,apbs_shape,apbs_clip20_minmax,ResNet3D4LGN_best_model_in_terms_of_validation_paper_f1.pth,raw,0.6,top_n_plus_2,3,0.6829268292682927,0.56,0.875,56,44,8,0.5185185185185185,0.7685185185185185,14.559839283756993,12.421037811469416,0.3481315910901383,0.3475566113484919,0.4410144657306349,101.88888888888889,1.3888888888888888,8,108
,scpdb_apbs_cutoff_fold1_apbs_shape_apbs_clip20_minmax,ResNet3D4LGN,apbs_shape,apbs_clip20_minmax,ResNet3D4LGN_best_model_in_terms_of_validation_paper_f1.pth,raw,0.7,top1,1,0.5974025974025974,0.46464646464646464,0.8363636363636363,46,53,9,0.42592592592592593,0.6203703703703703,19.452965037694597,17.05459607518997,0.31653499842106253,0.31653499842106253,0.48206411458656345,95.73148148148148,0.9166666666666666,9,108
,scpdb_apbs_cutoff_fold1_apbs_shape_apbs_clip20_minmax,ResNet3D4LGN,apbs_shape,apbs_clip20_minmax,ResNet3D4LGN_best_model_in_terms_of_validation_paper_f1.pth,raw,0.7,top2,2,0.6666666666666665,0.5454545454545454,0.8571428571428571,54,45,9,0.5,0.7592592592592593,15.349123604708169,13.202258351036107,0.34392356886609227,0.34392356886609227,0.44137260253171484,95.73148148148148,1.2685185185185186,9,108
,scpdb_apbs_cutoff_fold1_apbs_shape_apbs_clip20_minmax,ResNet3D4LGN,apbs_shape,apbs_clip20_minmax,ResNet3D4LGN_best_model_in_terms_of_validation_paper_f1.pth,raw,0.7,top3,3,0.6666666666666665,0.5454545454545454,0.8571428571428571,54,45,9,0.5,0.7592592592592593,15.349123604708169,13.202258351036107,0.34392356886609227,0.34392356886609227,0.44137260253171484,95.73148148148148,1.3425925925925926,9,108
,scpdb_apbs_cutoff_fold1_apbs_shape_apbs_clip20_minmax,ResNet3D4LGN,apbs_shape,apbs_clip20_minmax,ResNet3D4LGN_best_model_in_terms_of_validation_paper_f1.pth,raw,0.7,top_n_plus_2,3,0.6666666666666665,0.5454545454545454,0.8571428571428571,54,45,9,0.5,0.7592592592592593,15.349123604708169,13.202258351036107,0.34392356886609227,0.34392356886609227,0.44137260253171484,95.73148148148148,1.3425925925925926,9,108
,scpdb_apbs_cutoff_fold1_apbs_shape_apbs_clip20_minmax,ResNet3D4LGN,apbs_shape,apbs_clip20_minmax,ResNet3D4LGN_best_model_in_terms_of_validation_paper_f1.pth,raw,0.8,top1,1,0.6064516129032258,0.47474747474747475,0.8392857142857143,47,52,9,0.4351851851851852,0.6296296296296297,19.38514265982251,17.0003962121341,0.3125368556240214,0.3125368556240214,0.4700381577823926,88.87037037037037,0.9166666666666666,9,108
,scpdb_apbs_cutoff_fold1_apbs_shape_apbs_clip20_minmax,ResNet3D4LGN,apbs_shape,apbs_clip20_minmax,ResNet3D4LGN_best_model_in_terms_of_validation_paper_f1.pth,raw,0.8,top2,2,0.6748466257668712,0.5555555555555556,0.859375,55,44,9,0.5092592592592593,0.7592592592592593,15.469415905240805,13.35238082209996,0.3374437516796657,0.3374437516796657,0.4291736849257927,88.87037037037037,1.2592592592592593,9,108
,scpdb_apbs_cutoff_fold1_apbs_shape_apbs_clip20_minmax,ResNet3D4LGN,apbs_shape,apbs_clip20_minmax,ResNet3D4LGN_best_model_in_terms_of_validation_paper_f1.pth,raw,0.8,top3,3,0.6748466257668712,0.5555555555555556,0.859375,55,44,9,0.5092592592592593,0.7592592592592593,15.469415905240805,13.35238082209996,0.3374437516796657,0.3374437516796657,0.4291736849257927,88.87037037037037,1.3240740740740742,9,108
,scpdb_apbs_cutoff_fold1_apbs_shape_apbs_clip20_minmax,ResNet3D4LGN,apbs_shape,apbs_clip20_minmax,ResNet3D4LGN_best_model_in_terms_of_validation_paper_f1.pth,raw,0.8,top_n_plus_2,3,0.6748466257668712,0.5555555555555556,0.859375,55,44,9,0.5092592592592593,0.7592592592592593,15.469415905240805,13.35238082209996,0.3374437516796657,0.3374437516796657,0.4291736849257927,88.87037037037037,1.3240740740740742,9,108
,scpdb_apbs_cutoff_fold1_apbs_shape_apbs_clip20_minmax,ResNet3D4LGN,apbs_shape,apbs_clip20_minmax,ResNet3D4LGN_best_model_in_terms_of_validation_paper_f1.pth,raw,0.9,top1,1,0.6064516129032258,0.47474747474747475,0.8392857142857143,47,52,9,0.4351851851851852,0.6388888888888888,18.849309733281547,16.50059863409768,0.3021709103432882,0.3021709103432882,0.45539369751448805,79.42592592592592,0.9166666666666666,9,108
,scpdb_apbs_cutoff_fold1_apbs_shape_apbs_clip20_minmax,ResNet3D4LGN,apbs_shape,apbs_clip20_minmax,ResNet3D4LGN_best_model_in_terms_of_validation_paper_f1.pth,raw,0.9,top2,2,0.6583850931677019,0.5353535353535354,0.8548387096774194,53,46,9,0.49074074074074076,0.7407407407407407,15.784930996759321,13.691890324749817,0.3230537957145892,0.3230537957145892,0.4234159747963633,79.42592592592592,1.212962962962963,9,108
,scpdb_apbs_cutoff_fold1_apbs_shape_apbs_clip20_minmax,ResNet3D4LGN,apbs_shape,apbs_clip20_minmax,ResNet3D4LGN_best_model_in_terms_of_validation_paper_f1.pth,raw,0.9,top3,3,0.6583850931677019,0.5353535353535354,0.8548387096774194,53,46,9,0.49074074074074076,0.75,15.721261310499496,13.610831272486267,0.32363771296517313,0.32363771296517313,0.4234159747963633,79.42592592592592,1.287037037037037,9,108
,scpdb_apbs_cutoff_fold1_apbs_shape_apbs_clip20_minmax,ResNet3D4LGN,apbs_shape,apbs_clip20_minmax,ResNet3D4LGN_best_model_in_terms_of_validation_paper_f1.pth,raw,0.9,top_n_plus_2,3,0.6583850931677019,0.5353535353535354,0.8548387096774194,53,46,9,0.49074074074074076,0.75,15.721261310499496,13.610831272486267,0.32363771296517313,0.32363771296517313,0.4234159747963633,79.42592592592592,1.287037037037037,9,108
,scpdb_apbs_cutoff_fold1_apbs_shape_apbs_clip20_minmax,ResNet3D4L,apbs_shape,apbs_clip20_minmax,ResNet3D4L_best_model_in_terms_of_validation_paper_f1.pth,raw,0.05,top1,1,0.6064516129032258,0.44339622641509435,0.9591836734693877,47,59,2,0.4351851851851852,0.7037037037037037,12.56166948762716,10.080261500355581,0.3582782703621007,0.3582782703621007,0.5260451054030052,199.37037037037038,0.9814814814814815,2,108
,scpdb_apbs_cutoff_fold1_apbs_shape_apbs_clip20_minmax,ResNet3D4L,apbs_shape,apbs_clip20_minmax,ResNet3D4L_best_model_in_terms_of_validation_paper_f1.pth,raw,0.05,top2,2,0.6909090909090908,0.5377358490566038,0.9661016949152542,57,49,2,0.5277777777777778,0.8333333333333334,7.707418261434155,5.6324209157082885,0.4056177110079397,0.4056177110079397,0.49866271322597877,199.37037037037038,1.3888888888888888,2,108
,scpdb_apbs_cutoff_fold1_apbs_shape_apbs_clip20_minmax,ResNet3D4L,apbs_shape,apbs_clip20_minmax,ResNet3D4L_best_model_in_terms_of_validation_paper_f1.pth,raw,0.05,top3,3,0.6909090909090908,0.5377358490566038,0.9661016949152542,57,49,2,0.5277777777777778,0.8425925925925926,7.416373256436312,5.358830506457581,0.40784233823256694,0.40784233823256694,0.49866271322597877,199.37037037037038,1.5462962962962963,2,108
,scpdb_apbs_cutoff_fold1_apbs_shape_apbs_clip20_minmax,ResNet3D4L,apbs_shape,apbs_clip20_minmax,ResNet3D4L_best_model_in_terms_of_validation_paper_f1.pth,raw,0.05,top_n_plus_2,3,0.6909090909090908,0.5377358490566038,0.9661016949152542,57,49,2,0.5277777777777778,0.8425925925925926,7.416373256436312,5.358830506457581,0.40784233823256694,0.40784233823256694,0.49866271322597877,199.37037037037038,1.5462962962962963,2,108
,scpdb_apbs_cutoff_fold1_apbs_shape_apbs_clip20_minmax,ResNet3D4L,apbs_shape,apbs_clip20_minmax,ResNet3D4L_best_model_in_terms_of_validation_paper_f1.pth,raw,0.1,top1,1,0.624203821656051,0.4666666666666667,0.9423076923076923,49,56,3,0.4537037037037037,0.7037037037037037,13.473628959672954,11.066357495455089,0.36630450194408015,0.36630450194408015,0.5393806503887382,178.83333333333334,0.9722222222222222,3,108
,scpdb_apbs_cutoff_fold1_apbs_shape_apbs_clip20_minmax,ResNet3D4L,apbs_shape,apbs_clip20_minmax,ResNet3D4L_best_model_in_terms_of_validation_paper_f1.pth,raw,0.1,top2,2,0.6909090909090908,0.5428571428571428,0.95,57,48,3,0.5277777777777778,0.8055555555555556,9.483524933793829,7.432902671382464,0.4145881281751161,0.4145881281751161,0.5212948355022946,178.83333333333334,1.3611111111111112,3,108
,scpdb_apbs_cutoff_fold1_apbs_shape_apbs_clip20_minmax,ResNet3D4L,apbs_shape,apbs_clip20_minmax,ResNet3D4L_best_model_in_terms_of_validation_paper_f1.pth,raw,0.1,top3,3,0.6909090909090908,0.5428571428571428,0.95,57,48,3,0.5277777777777778,0.8148148148148148,9.144976146003263,7.136714634999327,0.41659836209324475,0.41659836209324475,0.5212948355022946,178.83333333333334,1.5185185185185186,3,108
,scpdb_apbs_cutoff_fold1_apbs_shape_apbs_clip20_minmax,ResNet3D4L,apbs_shape,apbs_clip20_minmax,ResNet3D4L_best_model_in_terms_of_validation_paper_f1.pth,raw,0.1,top_n_plus_2,3,0.6909090909090908,0.5428571428571428,0.95,57,48,3,0.5277777777777778,0.8148148148148148,9.144976146003263,7.136714634999327,0.41659836209324475,0.41659836209324475,0.5212948355022946,178.83333333333334,1.5185185185185186,3,108
,scpdb_apbs_cutoff_fold1_apbs_shape_apbs_clip20_minmax,ResNet3D4L,apbs_shape,apbs_clip20_minmax,ResNet3D4L_best_model_in_terms_of_validation_paper_f1.pth,raw,0.2,top1,1,0.6329113924050633,0.47619047619047616,0.9433962264150944,50,55,3,0.46296296296296297,0.7037037037037037,13.465893073267672,11.067989643359711,0.36945236211854965,0.36945236211854965,0.5429667153000657,160.27777777777777,0.9722222222222222,3,108
,scpdb_apbs_cutoff_fold1_apbs_shape_apbs_clip20_minmax,ResNet3D4L,apbs_shape,apbs_clip20_minmax,ResNet3D4L_best_model_in_terms_of_validation_paper_f1.pth,raw,0.2,top2,2,0.6987951807228915,0.5523809523809524,0.9508196721311475,58,47,3,0.5370370370370371,0.8148148148148148,9.471472057478417,7.432133906468277,0.41548862049075114,0.41548862049075114,0.5203273267779686,160.27777777777777,1.3518518518518519,3,108
,scpdb_apbs_cutoff_fold1_apbs_shape_apbs_clip20_minmax,ResNet3D4L,apbs_shape,apbs_clip20_minmax,ResNet3D4L_best_model_in_terms_of_validation_paper_f1.pth,raw,0.2,top3,3,0.6987951807228915,0.5523809523809524,0.9508196721311475,58,47,3,0.5370370370370371,0.8240740740740741,9.132602211389612,7.133669009624679,0.4173782652375387,0.4173782652375387,0.5203273267779686,160.27777777777777,1.4907407407407407,3,108
,scpdb_apbs_cutoff_fold1_apbs_shape_apbs_clip20_minmax,ResNet3D4L,apbs_shape,apbs_clip20_minmax,ResNet3D4L_best_model_in_terms_of_validation_paper_f1.pth,raw,0.2,top_n_plus_2,3,0.6987951807228915,0.5523809523809524,0.9508196721311475,58,47,3,0.5370370370370371,0.8240740740740741,9.132602211389612,7.133669009624679,0.4173782652375387,0.4173782652375387,0.5203273267779686,160.27777777777777,1.4907407407407407,3,108
,scpdb_apbs_cutoff_fold1_apbs_shape_apbs_clip20_minmax,ResNet3D4L,apbs_shape,apbs_clip20_minmax,ResNet3D4L_best_model_in_terms_of_validation_paper_f1.pth,raw,0.3,top1,1,0.6242038216560509,0.47115384615384615,0.9245283018867925,49,55,4,0.4537037037037037,0.7037037037037037,14.214279385687924,11.843793964074203,0.37160699802380237,0.37160699802380237,0.5466358447720283,149.12962962962962,0.9629629629629629,4,108
,scpdb_apbs_cutoff_fold1_apbs_shape_apbs_clip20_minmax,ResNet3D4L,apbs_shape,apbs_clip20_minmax,ResNet3D4L_best_model_in_terms_of_validation_paper_f1.pth,raw,0.3,top2,2,0.6909090909090909,0.5480769230769231,0.9344262295081968,57,47,4,0.5277777777777778,0.8055555555555556,10.225948042867754,8.20693910710795,0.41422654420880495,0.41422654420880495,0.5185655486884189,149.12962962962962,1.3425925925925926,4,108
,scpdb_apbs_cutoff_fold1_apbs_shape_apbs_clip20_minmax,ResNet3D4L,apbs_shape,apbs_clip20_minmax,ResNet3D4L_best_model_in_terms_of_validation_paper_f1.pth,raw,0.3,top3,3,0.6909090909090909,0.5480769230769231,0.9344262295081968,57,47,4,0.5277777777777778,0.8148148148148148,9.889695396542335,7.9106823239772055,0.4159272244809138,0.4159272244809138,0.5185655486884189,149.12962962962962,1.4814814814814814,4,108
,scpdb_apbs_cutoff_fold1_apbs_shape_apbs_clip20_minmax,ResNet3D4L,apbs_shape,apbs_clip20_minmax,ResNet3D4L_best_model_in_terms_of_validation_paper_f1.pth,raw,0.3,top_n_plus_2,3,0.6909090909090909,0.5480769230769231,0.9344262295081968,57,47,4,0.5277777777777778,0.8148148148148148,9.889695396542335,7.9106823239772055,0.4159272244809138,0.4159272244809138,0.5185655486884189,149.12962962962962,1.4814814814814814,4,108
,scpdb_apbs_cutoff_fold1_apbs_shape_apbs_clip20_minmax,ResNet3D4L,apbs_shape,apbs_clip20_minmax,ResNet3D4L_best_model_in_terms_of_validation_paper_f1.pth,raw,0.35,top1,1,0.6242038216560509,0.47115384615384615,0.9245283018867925,49,55,4,0.4537037037037037,0.7037037037037037,14.203348735679903,11.824019695257233,0.37186895594851016,0.37186895594851016,0.5472819350394001,144.6851851851852,0.9629629629629629,4,108
,scpdb_apbs_cutoff_fold1_apbs_shape_apbs_clip20_minmax,ResNet3D4L,apbs_shape,apbs_clip20_minmax,ResNet3D4L_best_model_in_terms_of_validation_paper_f1.pth,raw,0.35,top2,2,0.6909090909090909,0.5480769230769231,0.9344262295081968,57,47,4,0.5277777777777778,0.8148148148148148,10.218828877766885,8.18594370883515,0.41358181494377183,0.41358181494377183,0.5177672401868209,144.6851851851852,1.3425925925925926,4,108
,scpdb_apbs_cutoff_fold1_apbs_shape_apbs_clip20_minmax,ResNet3D4L,apbs_shape,apbs_clip20_minmax,ResNet3D4L_best_model_in_terms_of_validation_paper_f1.pth,raw,0.35,top3,3,0.6909090909090909,0.5480769230769231,0.9344262295081968,57,47,4,0.5277777777777778,0.8240740740740741,9.884286572252153,7.8902471466170745,0.4152307241269276,0.4152307241269276,0.5177672401868209,144.6851851851852,1.4814814814814814,4,108
,scpdb_apbs_cutoff_fold1_apbs_shape_apbs_clip20_minmax,ResNet3D4L,apbs_shape,apbs_clip20_minmax,ResNet3D4L_best_model_in_terms_of_validation_paper_f1.pth,raw,0.35,top_n_plus_2,3,0.6909090909090909,0.5480769230769231,0.9344262295081968,57,47,4,0.5277777777777778,0.8240740740740741,9.884286572252153,7.8902471466170745,0.4152307241269276,0.4152307241269276,0.5177672401868209,144.6851851851852,1.4814814814814814,4,108
,scpdb_apbs_cutoff_fold1_apbs_shape_apbs_clip20_minmax,ResNet3D4L,apbs_shape,apbs_clip20_minmax,ResNet3D4L_best_model_in_terms_of_validation_paper_f1.pth,raw,0.4,top1,1,0.6242038216560509,0.47115384615384615,0.9245283018867925,49,55,4,0.4537037037037037,0.7037037037037037,14.206934069838915,11.828332159833023,0.37181319370954613,0.37181319370954613,0.5472118686206965,140.62962962962962,0.9629629629629629,4,108
,scpdb_apbs_cutoff_fold1_apbs_shape_apbs_clip20_minmax,ResNet3D4L,apbs_shape,apbs_clip20_minmax,ResNet3D4L_best_model_in_terms_of_validation_paper_f1.pth,raw,0.4,top2,2,0.6909090909090909,0.5480769230769231,0.9344262295081968,57,47,4,0.5277777777777778,0.8148148148148148,10.22873325660089,8.194158196804542,0.4125473600405846,0.4125473600405846,0.5164970124046205,140.62962962962962,1.3333333333333333,4,108
,scpdb_apbs_cutoff_fold1_apbs_shape_apbs_clip20_minmax,ResNet3D4L,apbs_shape,apbs_clip20_minmax,ResNet3D4L_best_model_in_terms_of_validation_paper_f1.pth,raw,0.4,top3,3,0.6909090909090909,0.5480769230769231,0.9344262295081968,57,47,4,0.5277777777777778,0.8240740740740741,9.891756392303975,7.8957548791977805,0.41401607012998437,0.41401607012998437,0.5164970124046205,140.62962962962962,1.4722222222222223,4,108
,scpdb_apbs_cutoff_fold1_apbs_shape_apbs_clip20_minmax,ResNet3D4L,apbs_shape,apbs_clip20_minmax,ResNet3D4L_best_model_in_terms_of_validation_paper_f1.pth,raw,0.4,top_n_plus_2,3,0.6909090909090909,0.5480769230769231,0.9344262295081968,57,47,4,0.5277777777777778,0.8240740740740741,9.891756392303975,7.8957548791977805,0.41401607012998437,0.41401607012998437,0.5164970124046205,140.62962962962962,1.4722222222222223,4,108
,scpdb_apbs_cutoff_fold1_apbs_shape_apbs_clip20_minmax,ResNet3D4L,apbs_shape,apbs_clip20_minmax,ResNet3D4L_best_model_in_terms_of_validation_paper_f1.pth,raw,0.45,top1,1,0.6242038216560509,0.47115384615384615,0.9245283018867925,49,55,4,0.4537037037037037,0.7037037037037037,14.209849250980188,11.837199849603847,0.3726653981523939,0.3726653981523939,0.5489942741343661,136.9814814814815,0.9629629629629629,4,108
,scpdb_apbs_cutoff_fold1_apbs_shape_apbs_clip20_minmax,ResNet3D4L,apbs_shape,apbs_clip20_minmax,ResNet3D4L_best_model_in_terms_of_validation_paper_f1.pth,raw,0.45,top2,2,0.6829268292682926,0.5384615384615384,0.9333333333333333,56,48,4,0.5185185185185185,0.8148148148148148,10.235167655677882,8.20416368229622,0.41245844682760086,0.41245844682760086,0.5163737712181663,136.9814814814815,1.3333333333333333,4,108
,scpdb_apbs_cutoff_fold1_apbs_shape_apbs_clip20_minmax,ResNet3D4L,apbs_shape,apbs_clip20_minmax,ResNet3D4L_best_model_in_terms_of_validation_paper_f1.pth,raw,0.45,top3,3,0.6829268292682926,0.5384615384615384,0.9333333333333333,56,48,4,0.5185185185185185,0.8240740740740741,9.897799818857559,7.905698569193148,0.41392715691700066,0.41392715691700066,0.5163737712181663,136.9814814814815,1.462962962962963,4,108
,scpdb_apbs_cutoff_fold1_apbs_shape_apbs_clip20_minmax,ResNet3D4L,apbs_shape,apbs_clip20_minmax,ResNet3D4L_best_model_in_terms_of_validation_paper_f1.pth,raw,0.45,top_n_plus_2,3,0.6829268292682926,0.5384615384615384,0.9333333333333333,56,48,4,0.5185185185185185,0.8240740740740741,9.897799818857559,7.905698569193148,0.41392715691700066,0.41392715691700066,0.5163737712181663,136.9814814814815,1.462962962962963,4,108
,scpdb_apbs_cutoff_fold1_apbs_shape_apbs_clip20_minmax,ResNet3D4L,apbs_shape,apbs_clip20_minmax,ResNet3D4L_best_model_in_terms_of_validation_paper_f1.pth,raw,0.5,top1,1,0.6242038216560509,0.47115384615384615,0.9245283018867925,49,55,4,0.4537037037037037,0.7037037037037037,14.199932791160913,11.823656582216246,0.3738752360405821,0.3738752360405821,0.5500009589911424,133.55555555555554,0.9629629629629629,4,108
,scpdb_apbs_cutoff_fold1_apbs_shape_apbs_clip20_minmax,ResNet3D4L,apbs_shape,apbs_clip20_minmax,ResNet3D4L_best_model_in_terms_of_validation_paper_f1.pth,raw,0.5,top2,2,0.6909090909090909,0.5480769230769231,0.9344262295081968,57,47,4,0.5277777777777778,0.8148148148148148,10.223624726158777,8.191601213349243,0.4130718036824415,0.4130718036824415,0.5148673848711864,133.55555555555554,1.3333333333333333,4,108
,scpdb_apbs_cutoff_fold1_apbs_shape_apbs_clip20_minmax,ResNet3D4L,apbs_shape,apbs_clip20_minmax,ResNet3D4L_best_model_in_terms_of_validation_paper_f1.pth,raw,0.5,top3,3,0.6909090909090909,0.5480769230769231,0.9344262295081968,57,47,4,0.5277777777777778,0.8240740740740741,9.931328420221089,7.9119338348275425,0.41441279985102386,0.41441279985102386,0.5148673848711864,133.55555555555554,1.4537037037037037,4,108
,scpdb_apbs_cutoff_fold1_apbs_shape_apbs_clip20_minmax,ResNet3D4L,apbs_shape,apbs_clip20_minmax,ResNet3D4L_best_model_in_terms_of_validation_paper_f1.pth,raw,0.5,top_n_plus_2,3,0.6909090909090909,0.5480769230769231,0.9344262295081968,57,47,4,0.5277777777777778,0.8240740740740741,9.931328420221089,7.9119338348275425,0.41441279985102386,0.41441279985102386,0.5148673848711864,133.55555555555554,1.4537037037037037,4,108
,scpdb_apbs_cutoff_fold1_apbs_shape_apbs_clip20_minmax,ResNet3D4L,apbs_shape,apbs_clip20_minmax,ResNet3D4L_best_model_in_terms_of_validation_paper_f1.pth,raw,0.55,top1,1,0.6415094339622641,0.49038461538461536,0.9272727272727272,51,53,4,0.4722222222222222,0.7037037037037037,14.195367089936266,11.82678809253056,0.37287606186320665,0.37287606186320665,0.5459340233828595,130.11111111111111,0.9629629629629629,4,108
,scpdb_apbs_cutoff_fold1_apbs_shape_apbs_clip20_minmax,ResNet3D4L,apbs_shape,apbs_clip20_minmax,ResNet3D4L_best_model_in_terms_of_validation_paper_f1.pth,raw,0.55,top2,2,0.6987951807228916,0.5576923076923077,0.9354838709677419,58,46,4,0.5370370370370371,0.8055555555555556,10.219239476253433,8.195896352958147,0.41070327081918095,0.41070327081918095,0.51469363714173,130.11111111111111,1.3333333333333333,4,108
,scpdb_apbs_cutoff_fold1_apbs_shape_apbs_clip20_minmax,ResNet3D4L,apbs_shape,apbs_clip20_minmax,ResNet3D4L_best_model_in_terms_of_validation_paper_f1.pth,raw,0.55,top3,3,0.6987951807228916,0.5576923076923077,0.9354838709677419,58,46,4,0.5370370370370371,0.8148148148148148,9.926629785879962,7.916341156259885,0.4120442669877633,0.4120442669877633,0.51469363714173,130.11111111111111,1.4537037037037037,4,108
,scpdb_apbs_cutoff_fold1_apbs_shape_apbs_clip20_minmax,ResNet3D4L,apbs_shape,apbs_clip20_minmax,ResNet3D4L_best_model_in_terms_of_validation_paper_f1.pth,raw,0.55,top_n_plus_2,3,0.6987951807228916,0.5576923076923077,0.9354838709677419,58,46,4,0.5370370370370371,0.8148148148148148,9.926629785879962,7.916341156259885,0.4120442669877633,0.4120442669877633,0.51469363714173,130.11111111111111,1.4537037037037037,4,108
,scpdb_apbs_cutoff_fold1_apbs_shape_apbs_clip20_minmax,ResNet3D4L,apbs_shape,apbs_clip20_minmax,ResNet3D4L_best_model_in_terms_of_validation_paper_f1.pth,raw,0.6,top1,1,0.6242038216560509,0.47115384615384615,0.9245283018867925,49,55,4,0.4537037037037037,0.7037037037037037,14.210635792179577,11.84700132672592,0.372160454255264,0.372160454255264,0.5482717019667763,126.62037037037037,0.9629629629629629,4,108
,scpdb_apbs_cutoff_fold1_apbs_shape_apbs_clip20_minmax,ResNet3D4L,apbs_shape,apbs_clip20_minmax,ResNet3D4L_best_model_in_terms_of_validation_paper_f1.pth,raw,0.6,top2,2,0.6829268292682926,0.5384615384615384,0.9333333333333333,56,48,4,0.5185185185185185,0.8055555555555556,10.234610585801361,8.21455718838133,0.40936741980837,0.40936741980837,0.5148459076577334,126.62037037037037,1.3240740740740742,4,108
,scpdb_apbs_cutoff_fold1_apbs_shape_apbs_clip20_minmax,ResNet3D4L,apbs_shape,apbs_clip20_minmax,ResNet3D4L_best_model_in_terms_of_validation_paper_f1.pth,raw,0.6,top3,3,0.6829268292682926,0.5384615384615384,0.9333333333333333,56,48,4,0.5185185185185185,0.8148148148148148,9.944437606722204,7.936221975323336,0.41058070205613495,0.41058070205613495,0.5148459076577334,126.62037037037037,1.4351851851851851,4,108
,scpdb_apbs_cutoff_fold1_apbs_shape_apbs_clip20_minmax,ResNet3D4L,apbs_shape,apbs_clip20_minmax,ResNet3D4L_best_model_in_terms_of_validation_paper_f1.pth,raw,0.6,top_n_plus_2,3,0.6829268292682926,0.5384615384615384,0.9333333333333333,56,48,4,0.5185185185185185,0.8148148148148148,9.944437606722204,7.936221975323336,0.41058070205613495,0.41058070205613495,0.5148459076577334,126.62037037037037,1.4351851851851851,4,108
,scpdb_apbs_cutoff_fold1_apbs_shape_apbs_clip20_minmax,ResNet3D4L,apbs_shape,apbs_clip20_minmax,ResNet3D4L_best_model_in_terms_of_validation_paper_f1.pth,raw,0.7,top1,1,0.6242038216560509,0.47115384615384615,0.9245283018867925,49,55,4,0.4537037037037037,0.7037037037037037,14.338606153961914,11.967433582097673,0.36272847999745045,0.36272847999745045,0.5399151940325378,119.47222222222223,0.9629629629629629,4,108
,scpdb_apbs_cutoff_fold1_apbs_shape_apbs_clip20_minmax,ResNet3D4L,apbs_shape,apbs_clip20_minmax,ResNet3D4L_best_model_in_terms_of_validation_paper_f1.pth,raw,0.7,top2,2,0.6829268292682926,0.5384615384615384,0.9333333333333333,56,48,4,0.5185185185185185,0.8148148148148148,10.240238334327708,8.2030372862501,0.4030044778096044,0.4030044778096044,0.5106457371781483,119.47222222222223,1.2962962962962963,4,108
,scpdb_apbs_cutoff_fold1_apbs_shape_apbs_clip20_minmax,ResNet3D4L,apbs_shape,apbs_clip20_minmax,ResNet3D4L_best_model_in_terms_of_validation_paper_f1.pth,raw,0.7,top3,3,0.6829268292682926,0.5384615384615384,0.9333333333333333,56,48,4,0.5185185185185185,0.8240740740740741,9.95005995166432,7.925403060809883,0.4040261891761434,0.4040261891761434,0.5106457371781483,119.47222222222223,1.3888888888888888,4,108
,scpdb_apbs_cutoff_fold1_apbs_shape_apbs_clip20_minmax,ResNet3D4L,apbs_shape,apbs_clip20_minmax,ResNet3D4L_best_model_in_terms_of_validation_paper_f1.pth,raw,0.7,top_n_plus_2,3,0.6829268292682926,0.5384615384615384,0.9333333333333333,56,48,4,0.5185185185185185,0.8240740740740741,9.95005995166432,7.925403060809883,0.4040261891761434,0.4040261891761434,0.5106457371781483,119.47222222222223,1.3888888888888888,4,108
,scpdb_apbs_cutoff_fold1_apbs_shape_apbs_clip20_minmax,ResNet3D4L,apbs_shape,apbs_clip20_minmax,ResNet3D4L_best_model_in_terms_of_validation_paper_f1.pth,raw,0.8,top1,1,0.6242038216560509,0.48514851485148514,0.875,49,52,7,0.4537037037037037,0.7037037037037037,16.74433439488514,14.470633081824985,0.3604609088501106,0.3604609088501106,0.5346353343283414,111.12037037037037,0.9351851851851852,7,108
,scpdb_apbs_cutoff_fold1_apbs_shape_apbs_clip20_minmax,ResNet3D4L,apbs_shape,apbs_clip20_minmax,ResNet3D4L_best_model_in_terms_of_validation_paper_f1.pth,raw,0.8,top2,2,0.6829268292682927,0.5544554455445545,0.8888888888888888,56,45,7,0.5185185185185185,0.8148148148148148,12.77695798572549,10.914332894617088,0.396043899016822,0.396043899016822,0.5022975430179769,111.12037037037037,1.2407407407407407,7,108
,scpdb_apbs_cutoff_fold1_apbs_shape_apbs_clip20_minmax,ResNet3D4L,apbs_shape,apbs_clip20_minmax,ResNet3D4L_best_model_in_terms_of_validation_paper_f1.pth,raw,0.8,top3,3,0.6829268292682927,0.5544554455445545,0.8888888888888888,56,45,7,0.5185185185185185,0.8240740740740741,12.484933503301114,10.639331343008008,0.3968101825417263,0.3968101825417263,0.5022975430179769,111.12037037037037,1.3333333333333333,7,108
,scpdb_apbs_cutoff_fold1_apbs_shape_apbs_clip20_minmax,ResNet3D4L,apbs_shape,apbs_clip20_minmax,ResNet3D4L_best_model_in_terms_of_validation_paper_f1.pth,raw,0.8,top_n_plus_2,3,0.6829268292682927,0.5544554455445545,0.8888888888888888,56,45,7,0.5185185185185185,0.8240740740740741,12.484933503301114,10.639331343008008,0.3968101825417263,0.3968101825417263,0.5022975430179769,111.12037037037037,1.3333333333333333,7,108
,scpdb_apbs_cutoff_fold1_apbs_shape_apbs_clip20_minmax,ResNet3D4L,apbs_shape,apbs_clip20_minmax,ResNet3D4L_best_model_in_terms_of_validation_paper_f1.pth,raw,0.9,top1,1,0.6153846153846153,0.48,0.8571428571428571,48,52,8,0.4444444444444444,0.7129629629629629,17.450964849064768,15.24319013955384,0.3509244523063422,0.3509244523063422,0.5198276298940818,98.29629629629629,0.9259259259259259,8,108
,scpdb_apbs_cutoff_fold1_apbs_shape_apbs_clip20_minmax,ResNet3D4L,apbs_shape,apbs_clip20_minmax,ResNet3D4L_best_model_in_terms_of_validation_paper_f1.pth,raw,0.9,top2,2,0.6666666666666666,0.54,0.8709677419354839,54,46,8,0.5,0.8148148148148148,13.869005003606654,12.029754786494609,0.38203792744720344,0.38203792744720344,0.492340439234019,98.29629629629629,1.2222222222222223,8,108
,scpdb_apbs_cutoff_fold1_apbs_shape_apbs_clip20_minmax,ResNet3D4L,apbs_shape,apbs_clip20_minmax,ResNet3D4L_best_model_in_terms_of_validation_paper_f1.pth,raw,0.9,top3,3,0.6666666666666666,0.54,0.8709677419354839,54,46,8,0.5,0.8240740740740741,13.578572923836495,11.750582486997368,0.3826126400908816,0.3826126400908816,0.492340439234019,98.29629629629629,1.3055555555555556,8,108
,scpdb_apbs_cutoff_fold1_apbs_shape_apbs_clip20_minmax,ResNet3D4L,apbs_shape,apbs_clip20_minmax,ResNet3D4L_best_model_in_terms_of_validation_paper_f1.pth,raw,0.9,top_n_plus_2,3,0.6666666666666666,0.54,0.8709677419354839,54,46,8,0.5,0.8240740740740741,13.578572923836495,11.750582486997368,0.3826126400908816,0.3826126400908816,0.492340439234019,98.29629629629629,1.3055555555555556,8,108
,scpdb_apbs_cutoff_fold1_apbs_shape_apbs_clip20_minmax,UNet3D4LA,apbs_shape,apbs_clip20_minmax,UNet3D4LA_best_model_in_terms_of_validation_paper_f1.pth,raw,0.05,top1,1,0.6748466257668712,0.5339805825242718,0.9166666666666666,55,48,5,0.5092592592592593,0.7129629629629629,12.6682837001268,10.472724077719906,0.3738961839282908,0.3738961839282908,0.5230001330707361,156.41666666666666,0.9537037037037037,5,108
,scpdb_apbs_cutoff_fold1_apbs_shape_apbs_clip20_minmax,UNet3D4LA,apbs_shape,apbs_clip20_minmax,UNet3D4LA_best_model_in_terms_of_validation_paper_f1.pth,raw,0.05,top2,2,0.6909090909090909,0.5533980582524272,0.9193548387096774,57,46,5,0.5277777777777778,0.7407407407407407,11.362207758446731,9.279338466187836,0.38431900826796894,0.38431900826796894,0.511108599858717,156.41666666666666,1.2222222222222223,5,108
,scpdb_apbs_cutoff_fold1_apbs_shape_apbs_clip20_minmax,UNet3D4LA,apbs_shape,apbs_clip20_minmax,UNet3D4LA_best_model_in_terms_of_validation_paper_f1.pth,raw,0.05,top3,3,0.6909090909090909,0.5533980582524272,0.9193548387096774,57,46,5,0.5277777777777778,0.7407407407407407,11.254577550341182,9.156451278900718,0.3855290251029857,0.3855290251029857,0.511108599858717,156.41666666666666,1.287037037037037,5,108
,scpdb_apbs_cutoff_fold1_apbs_shape_apbs_clip20_minmax,UNet3D4LA,apbs_shape,apbs_clip20_minmax,UNet3D4LA_best_model_in_terms_of_validation_paper_f1.pth,raw,0.05,top_n_plus_2,3,0.6909090909090909,0.5533980582524272,0.9193548387096774,57,46,5,0.5277777777777778,0.7407407407407407,11.254577550341182,9.156451278900718,0.3855290251029857,0.3855290251029857,0.511108599858717,156.41666666666666,1.287037037037037,5,108
,scpdb_apbs_cutoff_fold1_apbs_shape_apbs_clip20_minmax,UNet3D4LA,apbs_shape,apbs_clip20_minmax,UNet3D4LA_best_model_in_terms_of_validation_paper_f1.pth,raw,0.1,top1,1,0.6748466257668712,0.5392156862745098,0.9016393442622951,55,47,6,0.5092592592592593,0.7222222222222222,13.687952073116,11.54510791634825,0.3759622028996904,0.3759622028996904,0.5255955633979709,144.80555555555554,0.9444444444444444,6,108
,scpdb_apbs_cutoff_fold1_apbs_shape_apbs_clip20_minmax,UNet3D4LA,apbs_shape,apbs_clip20_minmax,UNet3D4LA_best_model_in_terms_of_validation_paper_f1.pth,raw,0.1,top2,2,0.6909090909090908,0.5588235294117647,0.9047619047619048,57,45,6,0.5277777777777778,0.75,12.381219535075989,10.351058043167832,0.3855709780418954,0.3855709780418954,0.5119107836789167,144.80555555555554,1.2037037037037037,6,108
,scpdb_apbs_cutoff_fold1_apbs_shape_apbs_clip20_minmax,UNet3D4LA,apbs_shape,apbs_clip20_minmax,UNet3D4LA_best_model_in_terms_of_validation_paper_f1.pth,raw,0.1,top3,3,0.6909090909090908,0.5588235294117647,0.9047619047619048,57,45,6,0.5277777777777778,0.75,12.296289140386637,10.245380079108656,0.3866971041680215,0.3866971041680215,0.5119107836789167,144.80555555555554,1.2222222222222223,6,108
,scpdb_apbs_cutoff_fold1_apbs_shape_apbs_clip20_minmax,UNet3D4LA,apbs_shape,apbs_clip20_minmax,UNet3D4LA_best_model_in_terms_of_validation_paper_f1.pth,raw,0.1,top_n_plus_2,3,0.6909090909090908,0.5588235294117647,0.9047619047619048,57,45,6,0.5277777777777778,0.75,12.296289140386637,10.245380079108656,0.3866971041680215,0.3866971041680215,0.5119107836789167,144.80555555555554,1.2222222222222223,6,108
,scpdb_apbs_cutoff_fold1_apbs_shape_apbs_clip20_minmax,UNet3D4LA,apbs_shape,apbs_clip20_minmax,UNet3D4LA_best_model_in_terms_of_validation_paper_f1.pth,raw,0.2,top1,1,0.6909090909090908,0.5588235294117647,0.9047619047619048,57,45,6,0.5277777777777778,0.7129629629629629,13.668766496682256,11.536137333348497,0.37765478204526015,0.37765478204526015,0.5217183947594413,133.19444444444446,0.9444444444444444,6,108
,scpdb_apbs_cutoff_fold1_apbs_shape_apbs_clip20_minmax,UNet3D4LA,apbs_shape,apbs_clip20_minmax,UNet3D4LA_best_model_in_terms_of_validation_paper_f1.pth,raw,0.2,top2,2,0.7065868263473054,0.5784313725490197,0.9076923076923077,59,43,6,0.5462962962962963,0.7407407407407407,12.352279282624249,10.340162189227287,0.3863577651184264,0.3863577651184264,0.5068005807816764,133.19444444444446,1.2037037037037037,6,108
,scpdb_apbs_cutoff_fold1_apbs_shape_apbs_clip20_minmax,UNet3D4LA,apbs_shape,apbs_clip20_minmax,UNet3D4LA_best_model_in_terms_of_validation_paper_f1.pth,raw,0.2,top3,3,0.7065868263473054,0.5784313725490197,0.9076923076923077,59,43,6,0.5462962962962963,0.7407407407407407,12.2680719054847,10.236506174779462,0.38728369104435223,0.38728369104435223,0.5068005807816764,133.19444444444446,1.2222222222222223,6,108
,scpdb_apbs_cutoff_fold1_apbs_shape_apbs_clip20_minmax,UNet3D4LA,apbs_shape,apbs_clip20_minmax,UNet3D4LA_best_model_in_terms_of_validation_paper_f1.pth,raw,0.2,top_n_plus_2,3,0.7065868263473054,0.5784313725490197,0.9076923076923077,59,43,6,0.5462962962962963,0.7407407407407407,12.2680719054847,10.236506174779462,0.38728369104435223,0.38728369104435223,0.5068005807816764,133.19444444444446,1.2222222222222223,6,108
,scpdb_apbs_cutoff_fold1_apbs_shape_apbs_clip20_minmax,UNet3D4LA,apbs_shape,apbs_clip20_minmax,UNet3D4LA_best_model_in_terms_of_validation_paper_f1.pth,raw,0.3,top1,1,0.6909090909090908,0.5588235294117647,0.9047619047619048,57,45,6,0.5277777777777778,0.7222222222222222,13.64481430521322,11.480360923626957,0.3773273541238382,0.3773273541238382,0.5178276370799361,125.68518518518519,0.9444444444444444,6,108
,scpdb_apbs_cutoff_fold1_apbs_shape_apbs_clip20_minmax,UNet3D4LA,apbs_shape,apbs_clip20_minmax,UNet3D4LA_best_model_in_terms_of_validation_paper_f1.pth,raw,0.3,top2,2,0.6987951807228915,0.5686274509803921,0.90625,58,44,6,0.5370370370370371,0.7407407407407407,12.698889836818918,10.593490917737345,0.385628143107476,0.385628143107476,0.5106361161727032,125.68518518518519,1.1944444444444444,6,108
,scpdb_apbs_cutoff_fold1_apbs_shape_apbs_clip20_minmax,UNet3D4LA,apbs_shape,apbs_clip20_minmax,UNet3D4LA_best_model_in_terms_of_validation_paper_f1.pth,raw,0.3,top3,3,0.6987951807228915,0.5686274509803921,0.90625,58,44,6,0.5370370370370371,0.7407407407407407,12.615808035495705,10.491018530272548,0.38644513657152835,0.38644513657152835,0.5106361161727032,125.68518518518519,1.2037037037037037,6,108
,scpdb_apbs_cutoff_fold1_apbs_shape_apbs_clip20_minmax,UNet3D4LA,apbs_shape,apbs_clip20_minmax,UNet3D4LA_best_model_in_terms_of_validation_paper_f1.pth,raw,0.3,top_n_plus_2,3,0.6987951807228915,0.5686274509803921,0.90625,58,44,6,0.5370370370370371,0.7407407407407407,12.615808035495705,10.491018530272548,0.38644513657152835,0.38644513657152835,0.5106361161727032,125.68518518518519,1.2037037037037037,6,108
,scpdb_apbs_cutoff_fold1_apbs_shape_apbs_clip20_minmax,UNet3D4LA,apbs_shape,apbs_clip20_minmax,UNet3D4LA_best_model_in_terms_of_validation_paper_f1.pth,raw,0.35,top1,1,0.6829268292682927,0.5544554455445545,0.8888888888888888,56,45,7,0.5185185185185185,0.7222222222222222,14.648241483463922,12.53228439350893,0.3756566374206947,0.3756566374206947,0.5194531239197107,122.79629629629629,0.9351851851851852,7,108
,scpdb_apbs_cutoff_fold1_apbs_shape_apbs_clip20_minmax,UNet3D4LA,apbs_shape,apbs_clip20_minmax,UNet3D4LA_best_model_in_terms_of_validation_paper_f1.pth,raw,0.35,top2,2,0.6909090909090908,0.5643564356435643,0.890625,57,44,7,0.5277777777777778,0.7407407407407407,13.699572095488838,11.647278878748708,0.38373104574413464,0.38373104574413464,0.5117282742131803,122.79629629629629,1.1759259259259258,7,108
,scpdb_apbs_cutoff_fold1_apbs_shape_apbs_clip20_minmax,UNet3D4LA,apbs_shape,apbs_clip20_minmax,UNet3D4LA_best_model_in_terms_of_validation_paper_f1.pth,raw,0.35,top3,3,0.6909090909090908,0.5643564356435643,0.890625,57,44,7,0.5277777777777778,0.7407407407407407,13.614844928740276,11.542818364827333,0.3845727965858855,0.3845727965858855,0.5117282742131803,122.79629629629629,1.1851851851851851,7,108
,scpdb_apbs_cutoff_fold1_apbs_shape_apbs_clip20_minmax,UNet3D4LA,apbs_shape,apbs_clip20_minmax,UNet3D4LA_best_model_in_terms_of_validation_paper_f1.pth,raw,0.35,top_n_plus_2,3,0.6909090909090908,0.5643564356435643,0.890625,57,44,7,0.5277777777777778,0.7407407407407407,13.614844928740276,11.542818364827333,0.3845727965858855,0.3845727965858855,0.5117282742131803,122.79629629629629,1.1851851851851851,7,108
,scpdb_apbs_cutoff_fold1_apbs_shape_apbs_clip20_minmax,UNet3D4LA,apbs_shape,apbs_clip20_minmax,UNet3D4LA_best_model_in_terms_of_validation_paper_f1.pth,raw,0.4,top1,1,0.6829268292682927,0.5544554455445545,0.8888888888888888,56,45,7,0.5185185185185185,0.7222222222222222,14.787093896347187,12.678893063867731,0.37443108472618836,0.37443108472618836,0.5174830712696252,120.10185185185185,0.9351851851851852,7,108
,scpdb_apbs_cutoff_fold1_apbs_shape_apbs_clip20_minmax,UNet3D4LA,apbs_shape,apbs_clip20_minmax,UNet3D4LA_best_model_in_terms_of_validation_paper_f1.pth,raw,0.4,top2,2,0.6909090909090908,0.5643564356435643,0.890625,57,44,7,0.5277777777777778,0.7407407407407407,13.695787386817639,11.645930639852713,0.3831172963954974,0.3831172963954974,0.5095403542550502,120.10185185185185,1.1759259259259258,7,108
,scpdb_apbs_cutoff_fold1_apbs_shape_apbs_clip20_minmax,UNet3D4LA,apbs_shape,apbs_clip20_minmax,UNet3D4LA_best_model_in_terms_of_validation_paper_f1.pth,raw,0.4,top3,3,0.6909090909090908,0.5643564356435643,0.890625,57,44,7,0.5277777777777778,0.7407407407407407,13.607975313762953,11.538519668529156,0.38384067602512706,0.38384067602512706,0.5095403542550502,120.10185185185185,1.1851851851851851,7,108
,scpdb_apbs_cutoff_fold1_apbs_shape_apbs_clip20_minmax,UNet3D4LA,apbs_shape,apbs_clip20_minmax,UNet3D4LA_best_model_in_terms_of_validation_paper_f1.pth,raw,0.4,top_n_plus_2,3,0.6909090909090908,0.5643564356435643,0.890625,57,44,7,0.5277777777777778,0.7407407407407407,13.607975313762953,11.538519668529156,0.38384067602512706,0.38384067602512706,0.5095403542550502,120.10185185185185,1.1851851851851851,7,108
,scpdb_apbs_cutoff_fold1_apbs_shape_apbs_clip20_minmax,UNet3D4LA,apbs_shape,apbs_clip20_minmax,UNet3D4LA_best_model_in_terms_of_validation_paper_f1.pth,raw,0.45,top1,1,0.6829268292682927,0.5544554455445545,0.8888888888888888,56,45,7,0.5185185185185185,0.7222222222222222,14.783521118207917,12.673263439128084,0.3748048777694937,0.3748048777694937,0.5172764907356788,117.39814814814815,0.9351851851851852,7,108
,scpdb_apbs_cutoff_fold1_apbs_shape_apbs_clip20_minmax,UNet3D4LA,apbs_shape,apbs_clip20_minmax,UNet3D4LA_best_model_in_terms_of_validation_paper_f1.pth,raw,0.45,top2,2,0.6909090909090908,0.5643564356435643,0.890625,57,44,7,0.5277777777777778,0.7407407407407407,13.689533509809113,11.637628628400241,0.3834690370623227,0.3834690370623227,0.5093373979409975,117.39814814814815,1.1759259259259258,7,108
,scpdb_apbs_cutoff_fold1_apbs_shape_apbs_clip20_minmax,UNet3D4LA,apbs_shape,apbs_clip20_minmax,UNet3D4LA_best_model_in_terms_of_validation_paper_f1.pth,raw,0.45,top3,3,0.6909090909090908,0.5643564356435643,0.890625,57,44,7,0.5277777777777778,0.7407407407407407,13.60172143675443,11.530217657076687,0.3841924166919523,0.3841924166919523,0.5093373979409975,117.39814814814815,1.1851851851851851,7,108
,scpdb_apbs_cutoff_fold1_apbs_shape_apbs_clip20_minmax,UNet3D4LA,apbs_shape,apbs_clip20_minmax,UNet3D4LA_best_model_in_terms_of_validation_paper_f1.pth,raw,0.45,top_n_plus_2,3,0.6909090909090908,0.5643564356435643,0.890625,57,44,7,0.5277777777777778,0.7407407407407407,13.60172143675443,11.530217657076687,0.3841924166919523,0.3841924166919523,0.5093373979409975,117.39814814814815,1.1851851851851851,7,108
,scpdb_apbs_cutoff_fold1_apbs_shape_apbs_clip20_minmax,UNet3D4LA,apbs_shape,apbs_clip20_minmax,UNet3D4LA_best_model_in_terms_of_validation_paper_f1.pth,raw,0.5,top1,1,0.6829268292682927,0.5544554455445545,0.8888888888888888,56,45,7,0.5185185185185185,0.7222222222222222,14.790044526371947,12.675744101408744,0.37380403933942113,0.37380403933942113,0.5161112488516116,114.99074074074075,0.9351851851851852,7,108
,scpdb_apbs_cutoff_fold1_apbs_shape_apbs_clip20_minmax,UNet3D4LA,apbs_shape,apbs_clip20_minmax,UNet3D4LA_best_model_in_terms_of_validation_paper_f1.pth,raw,0.5,top2,2,0.6909090909090908,0.5643564356435643,0.890625,57,44,7,0.5277777777777778,0.7407407407407407,13.697861475991456,11.64312558939164,0.3822777038798797,0.3822777038798797,0.5078139544441429,114.99074074074075,1.1759259259259258,7,108
,scpdb_apbs_cutoff_fold1_apbs_shape_apbs_clip20_minmax,UNet3D4LA,apbs_shape,apbs_clip20_minmax,UNet3D4LA_best_model_in_terms_of_validation_paper_f1.pth,raw,0.5,top3,3,0.6909090909090908,0.5643564356435643,0.890625,57,44,7,0.5277777777777778,0.7407407407407407,13.60904825050604,11.53514303457268,0.3830125657258526,0.3830125657258526,0.5078139544441429,114.99074074074075,1.1851851851851851,7,108
,scpdb_apbs_cutoff_fold1_apbs_shape_apbs_clip20_minmax,UNet3D4LA,apbs_shape,apbs_clip20_minmax,UNet3D4LA_best_model_in_terms_of_validation_paper_f1.pth,raw,0.5,top_n_plus_2,3,0.6909090909090908,0.5643564356435643,0.890625,57,44,7,0.5277777777777778,0.7407407407407407,13.60904825050604,11.53514303457268,0.3830125657258526,0.3830125657258526,0.5078139544441429,114.99074074074075,1.1851851851851851,7,108
,scpdb_apbs_cutoff_fold1_apbs_shape_apbs_clip20_minmax,UNet3D4LA,apbs_shape,apbs_clip20_minmax,UNet3D4LA_best_model_in_terms_of_validation_paper_f1.pth,raw,0.55,top1,1,0.6748466257668712,0.5445544554455446,0.8870967741935484,55,46,7,0.5092592592592593,0.7222222222222222,14.784500442573126,12.667764028170339,0.37264930687628256,0.37264930687628256,0.5116869530804377,112.4074074074074,0.9351851851851852,7,108
,scpdb_apbs_cutoff_fold1_apbs_shape_apbs_clip20_minmax,UNet3D4LA,apbs_shape,apbs_clip20_minmax,UNet3D4LA_best_model_in_terms_of_validation_paper_f1.pth,raw,0.55,top2,2,0.6748466257668712,0.5445544554455446,0.8870967741935484,55,46,7,0.5092592592592593,0.7314814814814815,13.970251160085834,11.893595467497017,0.3807291125691351,0.3807291125691351,0.5116869530804377,112.4074074074074,1.1666666666666667,7,108
,scpdb_apbs_cutoff_fold1_apbs_shape_apbs_clip20_minmax,UNet3D4LA,apbs_shape,apbs_clip20_minmax,UNet3D4LA_best_model_in_terms_of_validation_paper_f1.pth,raw,0.55,top3,3,0.6748466257668712,0.5445544554455446,0.8870967741935484,55,46,7,0.5092592592592593,0.7314814814814815,13.880101871089039,11.783685526057505,0.38147582702552696,0.38147582702552696,0.5116869530804377,112.4074074074074,1.1759259259259258,7,108
,scpdb_apbs_cutoff_fold1_apbs_shape_apbs_clip20_minmax,UNet3D4LA,apbs_shape,apbs_clip20_minmax,UNet3D4LA_best_model_in_terms_of_validation_paper_f1.pth,raw,0.55,top_n_plus_2,3,0.6748466257668712,0.5445544554455446,0.8870967741935484,55,46,7,0.5092592592592593,0.7314814814814815,13.880101871089039,11.783685526057505,0.38147582702552696,0.38147582702552696,0.5116869530804377,112.4074074074074,1.1759259259259258,7,108
,scpdb_apbs_cutoff_fold1_apbs_shape_apbs_clip20_minmax,UNet3D4LA,apbs_shape,apbs_clip20_minmax,UNet3D4LA_best_model_in_terms_of_validation_paper_f1.pth,raw,0.6,top1,1,0.6748466257668712,0.5445544554455446,0.8870967741935484,55,46,7,0.5092592592592593,0.7129629629629629,14.91092903848602,12.768495817693806,0.3664874209877638,0.3664874209877638,0.5084684721500953,109.73148148148148,0.9351851851851852,7,108
,scpdb_apbs_cutoff_fold1_apbs_shape_apbs_clip20_minmax,UNet3D4LA,apbs_shape,apbs_clip20_minmax,UNet3D4LA_best_model_in_terms_of_validation_paper_f1.pth,raw,0.6,top2,2,0.6748466257668712,0.5445544554455446,0.8870967741935484,55,46,7,0.5092592592592593,0.7407407407407407,13.973474926849322,11.882842832820437,0.3787870868988268,0.3787870868988268,0.5084684721500953,109.73148148148148,1.1666666666666667,7,108
,scpdb_apbs_cutoff_fold1_apbs_shape_apbs_clip20_minmax,UNet3D4LA,apbs_shape,apbs_clip20_minmax,UNet3D4LA_best_model_in_terms_of_validation_paper_f1.pth,raw,0.6,top3,3,0.6748466257668712,0.5445544554455446,0.8870967741935484,55,46,7,0.5092592592592593,0.7407407407407407,13.883546078875964,11.772851977570067,0.3795460425758153,0.3795460425758153,0.5084684721500953,109.73148148148148,1.1759259259259258,7,108
,scpdb_apbs_cutoff_fold1_apbs_shape_apbs_clip20_minmax,UNet3D4LA,apbs_shape,apbs_clip20_minmax,UNet3D4LA_best_model_in_terms_of_validation_paper_f1.pth,raw,0.6,top_n_plus_2,3,0.6748466257668712,0.5445544554455446,0.8870967741935484,55,46,7,0.5092592592592593,0.7407407407407407,13.883546078875964,11.772851977570067,0.3795460425758153,0.3795460425758153,0.5084684721500953,109.73148148148148,1.1759259259259258,7,108
,scpdb_apbs_cutoff_fold1_apbs_shape_apbs_clip20_minmax,UNet3D4LA,apbs_shape,apbs_clip20_minmax,UNet3D4LA_best_model_in_terms_of_validation_paper_f1.pth,raw,0.7,top1,1,0.6748466257668712,0.5445544554455446,0.8870967741935484,55,46,7,0.5092592592592593,0.7129629629629629,14.916094986432029,12.78375162234361,0.3618905300185855,0.3618905300185855,0.5025822164555838,104.36111111111111,0.9351851851851852,7,108
,scpdb_apbs_cutoff_fold1_apbs_shape_apbs_clip20_minmax,UNet3D4LA,apbs_shape,apbs_clip20_minmax,UNet3D4LA_best_model_in_terms_of_validation_paper_f1.pth,raw,0.7,top2,2,0.6748466257668712,0.5445544554455446,0.8870967741935484,55,46,7,0.5092592592592593,0.7407407407407407,13.972730087993137,11.888695813829187,0.3741273331315171,0.3741273331315171,0.5025822164555838,104.36111111111111,1.1666666666666667,7,108
,scpdb_apbs_cutoff_fold1_apbs_shape_apbs_clip20_minmax,UNet3D4LA,apbs_shape,apbs_clip20_minmax,UNet3D4LA_best_model_in_terms_of_validation_paper_f1.pth,raw,0.7,top3,3,0.6748466257668712,0.5445544554455446,0.8870967741935484,55,46,7,0.5092592592592593,0.7407407407407407,13.879207659139059,11.774356717034319,0.3749255451366256,0.3749255451366256,0.5025822164555838,104.36111111111111,1.1759259259259258,7,108
,scpdb_apbs_cutoff_fold1_apbs_shape_apbs_clip20_minmax,UNet3D4LA,apbs_shape,apbs_clip20_minmax,UNet3D4LA_best_model_in_terms_of_validation_paper_f1.pth,raw,0.7,top_n_plus_2,3,0.6748466257668712,0.5445544554455446,0.8870967741935484,55,46,7,0.5092592592592593,0.7407407407407407,13.879207659139059,11.774356717034319,0.3749255451366256,0.3749255451366256,0.5025822164555838,104.36111111111111,1.1759259259259258,7,108
,scpdb_apbs_cutoff_fold1_apbs_shape_apbs_clip20_minmax,UNet3D4LA,apbs_shape,apbs_clip20_minmax,UNet3D4LA_best_model_in_terms_of_validation_paper_f1.pth,raw,0.8,top1,1,0.6748466257668712,0.5445544554455446,0.8870967741935484,55,46,7,0.5092592592592593,0.7037037037037037,15.212454294442043,13.03103942597628,0.35056482328404004,0.35056482328404004,0.4903776067442571,97.75,0.9351851851851852,7,108
,scpdb_apbs_cutoff_fold1_apbs_shape_apbs_clip20_minmax,UNet3D4LA,apbs_shape,apbs_clip20_minmax,UNet3D4LA_best_model_in_terms_of_validation_paper_f1.pth,raw,0.8,top2,2,0.6829268292682927,0.5544554455445545,0.8888888888888888,56,45,7,0.5185185185185185,0.7407407407407407,13.878113334660096,11.766250304378067,0.3689344978623987,0.3689344978623987,0.49233514948096696,97.75,1.1574074074074074,7,108
,scpdb_apbs_cutoff_fold1_apbs_shape_apbs_clip20_minmax,UNet3D4LA,apbs_shape,apbs_clip20_minmax,UNet3D4LA_best_model_in_terms_of_validation_paper_f1.pth,raw,0.8,top3,3,0.6829268292682927,0.5544554455445545,0.8888888888888888,56,45,7,0.5185185185185185,0.7407407407407407,13.878113334660096,11.766250304378067,0.3689344978623987,0.3689344978623987,0.49233514948096696,97.75,1.1666666666666667,7,108
,scpdb_apbs_cutoff_fold1_apbs_shape_apbs_clip20_minmax,UNet3D4LA,apbs_shape,apbs_clip20_minmax,UNet3D4LA_best_model_in_terms_of_validation_paper_f1.pth,raw,0.8,top_n_plus_2,3,0.6829268292682927,0.5544554455445545,0.8888888888888888,56,45,7,0.5185185185185185,0.7407407407407407,13.878113334660096,11.766250304378067,0.3689344978623987,0.3689344978623987,0.49233514948096696,97.75,1.1666666666666667,7,108
,scpdb_apbs_cutoff_fold1_apbs_shape_apbs_clip20_minmax,UNet3D4LA,apbs_shape,apbs_clip20_minmax,UNet3D4LA_best_model_in_terms_of_validation_paper_f1.pth,raw,0.9,top1,1,0.6748466257668712,0.5555555555555556,0.859375,55,44,9,0.5092592592592593,0.7037037037037037,16.660708913440157,14.623518416344227,0.34498191514458687,0.34498191514458687,0.48358043167193177,87.68518518518519,0.9166666666666666,9,108
,scpdb_apbs_cutoff_fold1_apbs_shape_apbs_clip20_minmax,UNet3D4LA,apbs_shape,apbs_clip20_minmax,UNet3D4LA_best_model_in_terms_of_validation_paper_f1.pth,raw,0.9,top2,2,0.6748466257668712,0.5555555555555556,0.859375,55,44,9,0.5092592592592593,0.7407407407407407,15.57282227666893,13.569699828781857,0.36087206605329974,0.36087206605329974,0.48358043167193177,87.68518518518519,1.1481481481481481,9,108
,scpdb_apbs_cutoff_fold1_apbs_shape_apbs_clip20_minmax,UNet3D4LA,apbs_shape,apbs_clip20_minmax,UNet3D4LA_best_model_in_terms_of_validation_paper_f1.pth,raw,0.9,top3,3,0.6748466257668712,0.5555555555555556,0.859375,55,44,9,0.5092592592592593,0.7407407407407407,15.47741889012433,13.452226467815672,0.3613680977993315,0.3613680977993315,0.48358043167193177,87.68518518518519,1.1574074074074074,9,108
,scpdb_apbs_cutoff_fold1_apbs_shape_apbs_clip20_minmax,UNet3D4LA,apbs_shape,apbs_clip20_minmax,UNet3D4LA_best_model_in_terms_of_validation_paper_f1.pth,raw,0.9,top_n_plus_2,3,0.6748466257668712,0.5555555555555556,0.859375,55,44,9,0.5092592592592593,0.7407407407407407,15.47741889012433,13.452226467815672,0.3613680977993315,0.3613680977993315,0.48358043167193177,87.68518518518519,1.1574074074074074,9,108
,scpdb_apbs_cutoff_fold1_apbs_shape_apbs_clip20_minmax,UNetPlusPlus3D,apbs_shape,apbs_clip20_minmax,UNetPlusPlus3D_best_model_in_terms_of_validation_paper_f1.pth,raw,0.05,top1,1,0.6829268292682926,0.5283018867924528,0.9655172413793104,56,50,2,0.5185185185185185,0.7314814814814815,9.452291261348085,7.11656136347437,0.40059109223594513,0.40059109223594513,0.5216245041954075,180.40740740740742,0.9814814814814815,2,108
,scpdb_apbs_cutoff_fold1_apbs_shape_apbs_clip20_minmax,UNetPlusPlus3D,apbs_shape,apbs_clip20_minmax,UNetPlusPlus3D_best_model_in_terms_of_validation_paper_f1.pth,raw,0.05,top2,2,0.7142857142857144,0.5660377358490566,0.967741935483871,60,46,2,0.5555555555555556,0.7777777777777778,7.637261367530006,5.4132777978807844,0.41774824165021635,0.41774824165021635,0.5174237642194267,180.40740740740742,1.3425925925925926,2,108
,scpdb_apbs_cutoff_fold1_apbs_shape_apbs_clip20_minmax,UNetPlusPlus3D,apbs_shape,apbs_clip20_minmax,UNetPlusPlus3D_best_model_in_terms_of_validation_paper_f1.pth,raw,0.05,top3,3,0.7218934911242603,0.5754716981132075,0.9682539682539683,61,45,2,0.5648148148148148,0.7870370370370371,7.354397551592698,5.188203419296269,0.42054031198504843,0.42054031198504843,0.5102203284846355,180.40740740740742,1.462962962962963,2,108
,scpdb_apbs_cutoff_fold1_apbs_shape_apbs_clip20_minmax,UNetPlusPlus3D,apbs_shape,apbs_clip20_minmax,UNetPlusPlus3D_best_model_in_terms_of_validation_paper_f1.pth,raw,0.05,top_n_plus_2,3,0.7218934911242603,0.5754716981132075,0.9682539682539683,61,45,2,0.5648148148148148,0.7870370370370371,7.354397551592698,5.188203419296269,0.42054031198504843,0.42054031198504843,0.5102203284846355,180.40740740740742,1.462962962962963,2,108
,scpdb_apbs_cutoff_fold1_apbs_shape_apbs_clip20_minmax,UNetPlusPlus3D,apbs_shape,apbs_clip20_minmax,UNetPlusPlus3D_best_model_in_terms_of_validation_paper_f1.pth,raw,0.1,top1,1,0.6909090909090908,0.5377358490566038,0.9661016949152542,57,49,2,0.5277777777777778,0.7407407407407407,9.145863788967194,6.838572819912745,0.4041388339407821,0.4041388339407821,0.5212515727045788,166.71296296296296,0.9814814814814815,2,108
,scpdb_apbs_cutoff_fold1_apbs_shape_apbs_clip20_minmax,UNetPlusPlus3D,apbs_shape,apbs_clip20_minmax,UNetPlusPlus3D_best_model_in_terms_of_validation_paper_f1.pth,raw,0.1,top2,2,0.7142857142857144,0.5660377358490566,0.967741935483871,60,46,2,0.5555555555555556,0.7870370370370371,7.586800504883566,5.386971605054045,0.4228911721375648,0.4228911721375648,0.5221250210053768,166.71296296296296,1.3240740740740742,2,108
,scpdb_apbs_cutoff_fold1_apbs_shape_apbs_clip20_minmax,UNetPlusPlus3D,apbs_shape,apbs_clip20_minmax,UNetPlusPlus3D_best_model_in_terms_of_validation_paper_f1.pth,raw,0.1,top3,3,0.7218934911242603,0.5754716981132075,0.9682539682539683,61,45,2,0.5648148148148148,0.7962962962962963,7.300669425593747,5.1670922876837135,0.4252941530012758,0.4252941530012758,0.5143794532851399,166.71296296296296,1.4444444444444444,2,108
,scpdb_apbs_cutoff_fold1_apbs_shape_apbs_clip20_minmax,UNetPlusPlus3D,apbs_shape,apbs_clip20_minmax,UNetPlusPlus3D_best_model_in_terms_of_validation_paper_f1.pth,raw,0.1,top_n_plus_2,3,0.7218934911242603,0.5754716981132075,0.9682539682539683,61,45,2,0.5648148148148148,0.7962962962962963,7.300669425593747,5.1670922876837135,0.4252941530012758,0.4252941530012758,0.5143794532851399,166.71296296296296,1.4444444444444444,2,108
,scpdb_apbs_cutoff_fold1_apbs_shape_apbs_clip20_minmax,UNetPlusPlus3D,apbs_shape,apbs_clip20_minmax,UNetPlusPlus3D_best_model_in_terms_of_validation_paper_f1.pth,raw,0.2,top1,1,0.6909090909090908,0.5428571428571428,0.95,57,48,3,0.5277777777777778,0.7407407407407407,10.560831340834463,8.217924490530159,0.401317371600634,0.401317371600634,0.5294725014020943,151.87037037037038,0.9722222222222222,3,108
,scpdb_apbs_cutoff_fold1_apbs_shape_apbs_clip20_minmax,UNetPlusPlus3D,apbs_shape,apbs_clip20_minmax,UNetPlusPlus3D_best_model_in_terms_of_validation_paper_f1.pth,raw,0.2,top2,2,0.7142857142857142,0.5714285714285714,0.9523809523809523,60,45,3,0.5555555555555556,0.7962962962962963,8.582673033552437,6.356561965173087,0.42767370713366354,0.42767370713366354,0.530198053720449,151.87037037037038,1.3148148148148149,3,108
,scpdb_apbs_cutoff_fold1_apbs_shape_apbs_clip20_minmax,UNetPlusPlus3D,apbs_shape,apbs_clip20_minmax,UNetPlusPlus3D_best_model_in_terms_of_validation_paper_f1.pth,raw,0.2,top3,3,0.7218934911242604,0.580952380952381,0.953125,61,44,3,0.5648148148148148,0.8055555555555556,8.296784693113146,6.1369583739368245,0.430020093345298,0.430020093345298,0.5220876101005695,151.87037037037038,1.4166666666666667,3,108
,scpdb_apbs_cutoff_fold1_apbs_shape_apbs_clip20_minmax,UNetPlusPlus3D,apbs_shape,apbs_clip20_minmax,UNetPlusPlus3D_best_model_in_terms_of_validation_paper_f1.pth,raw,0.2,top_n_plus_2,3,0.7218934911242604,0.580952380952381,0.953125,61,44,3,0.5648148148148148,0.8055555555555556,8.296784693113146,6.1369583739368245,0.430020093345298,0.430020093345298,0.5220876101005695,151.87037037037038,1.4166666666666667,3,108
,scpdb_apbs_cutoff_fold1_apbs_shape_apbs_clip20_minmax,UNetPlusPlus3D,apbs_shape,apbs_clip20_minmax,UNetPlusPlus3D_best_model_in_terms_of_validation_paper_f1.pth,raw,0.3,top1,1,0.6909090909090908,0.5428571428571428,0.95,57,48,3,0.5277777777777778,0.7407407407407407,10.54159489320392,8.212986326311059,0.40017572553359426,0.40017572553359426,0.5281729756471544,141.36111111111111,0.9722222222222222,3,108
,scpdb_apbs_cutoff_fold1_apbs_shape_apbs_clip20_minmax,UNetPlusPlus3D,apbs_shape,apbs_clip20_minmax,UNetPlusPlus3D_best_model_in_terms_of_validation_paper_f1.pth,raw,0.3,top2,2,0.7142857142857142,0.5714285714285714,0.9523809523809523,60,45,3,0.5555555555555556,0.7870370370370371,8.870669108150633,6.659960252169368,0.42609420980983465,0.42609420980983465,0.528677079145196,141.36111111111111,1.2962962962962963,3,108
,scpdb_apbs_cutoff_fold1_apbs_shape_apbs_clip20_minmax,UNetPlusPlus3D,apbs_shape,apbs_clip20_minmax,UNetPlusPlus3D_best_model_in_terms_of_validation_paper_f1.pth,raw,0.3,top3,3,0.7142857142857142,0.5714285714285714,0.9523809523809523,60,45,3,0.5555555555555556,0.7870370370370371,8.774975904781241,6.545739979906541,0.4277777114933363,0.4277777114933363,0.528677079145196,141.36111111111111,1.3703703703703705,3,108
,scpdb_apbs_cutoff_fold1_apbs_shape_apbs_clip20_minmax,UNetPlusPlus3D,apbs_shape,apbs_clip20_minmax,UNetPlusPlus3D_best_model_in_terms_of_validation_paper_f1.pth,raw,0.3,top_n_plus_2,3,0.7142857142857142,0.5714285714285714,0.9523809523809523,60,45,3,0.5555555555555556,0.7870370370370371,8.774975904781241,6.545739979906541,0.4277777114933363,0.4277777114933363,0.528677079145196,141.36111111111111,1.3703703703703705,3,108
,scpdb_apbs_cutoff_fold1_apbs_shape_apbs_clip20_minmax,UNetPlusPlus3D,apbs_shape,apbs_clip20_minmax,UNetPlusPlus3D_best_model_in_terms_of_validation_paper_f1.pth,raw,0.35,top1,1,0.6909090909090908,0.5428571428571428,0.95,57,48,3,0.5277777777777778,0.7407407407407407,10.516061911699174,8.204728840555056,0.39948621321332894,0.39948621321332894,0.5278689868620426,136.60185185185185,0.9722222222222222,3,108
,scpdb_apbs_cutoff_fold1_apbs_shape_apbs_clip20_minmax,UNetPlusPlus3D,apbs_shape,apbs_clip20_minmax,UNetPlusPlus3D_best_model_in_terms_of_validation_paper_f1.pth,raw,0.35,top2,2,0.7142857142857142,0.5714285714285714,0.9523809523809523,60,45,3,0.5555555555555556,0.7870370370370371,8.844656488937233,6.654549675915535,0.42512978454936057,0.42512978454936057,0.5278241475182127,136.60185185185185,1.287037037037037,3,108
,scpdb_apbs_cutoff_fold1_apbs_shape_apbs_clip20_minmax,UNetPlusPlus3D,apbs_shape,apbs_clip20_minmax,UNetPlusPlus3D_best_model_in_terms_of_validation_paper_f1.pth,raw,0.35,top3,3,0.7142857142857142,0.5714285714285714,0.9523809523809523,60,45,3,0.5555555555555556,0.7870370370370371,8.749590797885022,6.542119281946361,0.42671360521212864,0.42671360521212864,0.5278241475182127,136.60185185185185,1.3611111111111112,3,108
,scpdb_apbs_cutoff_fold1_apbs_shape_apbs_clip20_minmax,UNetPlusPlus3D,apbs_shape,apbs_clip20_minmax,UNetPlusPlus3D_best_model_in_terms_of_validation_paper_f1.pth,raw,0.35,top_n_plus_2,3,0.7142857142857142,0.5714285714285714,0.9523809523809523,60,45,3,0.5555555555555556,0.7870370370370371,8.749590797885022,6.542119281946361,0.42671360521212864,0.42671360521212864,0.5278241475182127,136.60185185185185,1.3611111111111112,3,108
,scpdb_apbs_cutoff_fold1_apbs_shape_apbs_clip20_minmax,UNetPlusPlus3D,apbs_shape,apbs_clip20_minmax,UNetPlusPlus3D_best_model_in_terms_of_validation_paper_f1.pth,raw,0.4,top1,1,0.6829268292682926,0.5333333333333333,0.9491525423728814,56,49,3,0.5185185185185185,0.7407407407407407,10.505535850436198,8.186587622479518,0.3988133498762131,0.3988133498762131,0.5338578300059436,132.27777777777777,0.9722222222222222,3,108
,scpdb_apbs_cutoff_fold1_apbs_shape_apbs_clip20_minmax,UNetPlusPlus3D,apbs_shape,apbs_clip20_minmax,UNetPlusPlus3D_best_model_in_terms_of_validation_paper_f1.pth,raw,0.4,top2,2,0.7065868263473054,0.5619047619047619,0.9516129032258065,59,46,3,0.5462962962962963,0.7870370370370371,8.834487481799341,6.636385060553006,0.42434568194927375,0.42434568194927375,0.5331819338397387,132.27777777777777,1.287037037037037,3,108
,scpdb_apbs_cutoff_fold1_apbs_shape_apbs_clip20_minmax,UNetPlusPlus3D,apbs_shape,apbs_clip20_minmax,UNetPlusPlus3D_best_model_in_terms_of_validation_paper_f1.pth,raw,0.4,top3,3,0.7065868263473054,0.5619047619047619,0.9516129032258065,59,46,3,0.5462962962962963,0.7870370370370371,8.740408989675617,6.524896565645815,0.42580767025336724,0.42580767025336724,0.5331819338397387,132.27777777777777,1.3611111111111112,3,108
,scpdb_apbs_cutoff_fold1_apbs_shape_apbs_clip20_minmax,UNetPlusPlus3D,apbs_shape,apbs_clip20_minmax,UNetPlusPlus3D_best_model_in_terms_of_validation_paper_f1.pth,raw,0.4,top_n_plus_2,3,0.7065868263473054,0.5619047619047619,0.9516129032258065,59,46,3,0.5462962962962963,0.7870370370370371,8.740408989675617,6.524896565645815,0.42580767025336724,0.42580767025336724,0.5331819338397387,132.27777777777777,1.3611111111111112,3,108
,scpdb_apbs_cutoff_fold1_apbs_shape_apbs_clip20_minmax,UNetPlusPlus3D,apbs_shape,apbs_clip20_minmax,UNetPlusPlus3D_best_model_in_terms_of_validation_paper_f1.pth,raw,0.45,top1,1,0.6909090909090908,0.5428571428571428,0.95,57,48,3,0.5277777777777778,0.75,10.436687937516078,8.104461676664796,0.3987605418505203,0.3987605418505203,0.5324711854005217,127.58333333333333,0.9722222222222222,3,108
,scpdb_apbs_cutoff_fold1_apbs_shape_apbs_clip20_minmax,UNetPlusPlus3D,apbs_shape,apbs_clip20_minmax,UNetPlusPlus3D_best_model_in_terms_of_validation_paper_f1.pth,raw,0.45,top2,2,0.7142857142857142,0.5714285714285714,0.9523809523809523,60,45,3,0.5555555555555556,0.7962962962962963,8.771213247465747,6.557362189577917,0.4239089404840846,0.4239089404840846,0.5312767028277564,127.58333333333333,1.2962962962962963,3,108
,scpdb_apbs_cutoff_fold1_apbs_shape_apbs_clip20_minmax,UNetPlusPlus3D,apbs_shape,apbs_clip20_minmax,UNetPlusPlus3D_best_model_in_terms_of_validation_paper_f1.pth,raw,0.45,top3,3,0.7142857142857142,0.5714285714285714,0.9523809523809523,60,45,3,0.5555555555555556,0.7962962962962963,8.67450073252992,6.444224691233699,0.4254104419855861,0.4254104419855861,0.5312767028277564,127.58333333333333,1.3425925925925926,3,108
,scpdb_apbs_cutoff_fold1_apbs_shape_apbs_clip20_minmax,UNetPlusPlus3D,apbs_shape,apbs_clip20_minmax,UNetPlusPlus3D_best_model_in_terms_of_validation_paper_f1.pth,raw,0.45,top_n_plus_2,3,0.7142857142857142,0.5714285714285714,0.9523809523809523,60,45,3,0.5555555555555556,0.7962962962962963,8.67450073252992,6.444224691233699,0.4254104419855861,0.4254104419855861,0.5312767028277564,127.58333333333333,1.3425925925925926,3,108
,scpdb_apbs_cutoff_fold1_apbs_shape_apbs_clip20_minmax,UNetPlusPlus3D,apbs_shape,apbs_clip20_minmax,UNetPlusPlus3D_best_model_in_terms_of_validation_paper_f1.pth,raw,0.5,top1,1,0.6829268292682926,0.5333333333333333,0.9491525423728814,56,49,3,0.5185185185185185,0.75,10.627655960952794,8.321741530112696,0.39625595849482004,0.39625595849482004,0.5272737405255369,122.75925925925925,0.9722222222222222,3,108
,scpdb_apbs_cutoff_fold1_apbs_shape_apbs_clip20_minmax,UNetPlusPlus3D,apbs_shape,apbs_clip20_minmax,UNetPlusPlus3D_best_model_in_terms_of_validation_paper_f1.pth,raw,0.5,top2,2,0.7065868263473054,0.5619047619047619,0.9516129032258065,59,46,3,0.5462962962962963,0.7870370370370371,8.847721093833293,6.640146321762274,0.4181621839096942,0.4181621839096942,0.5261164318648965,122.75925925925925,1.2777777777777777,3,108
,scpdb_apbs_cutoff_fold1_apbs_shape_apbs_clip20_minmax,UNetPlusPlus3D,apbs_shape,apbs_clip20_minmax,UNetPlusPlus3D_best_model_in_terms_of_validation_paper_f1.pth,raw,0.5,top3,3,0.7065868263473054,0.5619047619047619,0.9516129032258065,59,46,3,0.5462962962962963,0.7962962962962963,8.6686799636472,6.449516520003696,0.42262407333535174,0.42262407333535174,0.5261164318648965,122.75925925925925,1.3240740740740742,3,108
,scpdb_apbs_cutoff_fold1_apbs_shape_apbs_clip20_minmax,UNetPlusPlus3D,apbs_shape,apbs_clip20_minmax,UNetPlusPlus3D_best_model_in_terms_of_validation_paper_f1.pth,raw,0.5,top_n_plus_2,3,0.7065868263473054,0.5619047619047619,0.9516129032258065,59,46,3,0.5462962962962963,0.7962962962962963,8.6686799636472,6.449516520003696,0.42262407333535174,0.42262407333535174,0.5261164318648965,122.75925925925925,1.3240740740740742,3,108
,scpdb_apbs_cutoff_fold1_apbs_shape_apbs_clip20_minmax,UNetPlusPlus3D,apbs_shape,apbs_clip20_minmax,UNetPlusPlus3D_best_model_in_terms_of_validation_paper_f1.pth,raw,0.55,top1,1,0.6748466257668712,0.5339805825242718,0.9166666666666666,55,48,5,0.5092592592592593,0.7222222222222222,12.83691363772438,10.592164542574277,0.3840142484414577,0.3840142484414577,0.521137084932254,117.45370370370371,0.9537037037037037,5,108
,scpdb_apbs_cutoff_fold1_apbs_shape_apbs_clip20_minmax,UNetPlusPlus3D,apbs_shape,apbs_clip20_minmax,UNetPlusPlus3D_best_model_in_terms_of_validation_paper_f1.pth,raw,0.55,top2,2,0.7065868263473054,0.5728155339805825,0.921875,59,44,5,0.5462962962962963,0.7777777777777778,10.781854693940053,8.65495055261993,0.41233044619637094,0.41233044619637094,0.5198066503261908,117.45370370370371,1.2592592592592593,5,108
,scpdb_apbs_cutoff_fold1_apbs_shape_apbs_clip20_minmax,UNetPlusPlus3D,apbs_shape,apbs_clip20_minmax,UNetPlusPlus3D_best_model_in_terms_of_validation_paper_f1.pth,raw,0.55,top3,3,0.7065868263473054,0.5728155339805825,0.921875,59,44,5,0.5462962962962963,0.7870370370370371,10.599975164929482,8.45977930926939,0.4165041274533855,0.4165041274533855,0.5198066503261908,117.45370370370371,1.3055555555555556,5,108
,scpdb_apbs_cutoff_fold1_apbs_shape_apbs_clip20_minmax,UNetPlusPlus3D,apbs_shape,apbs_clip20_minmax,UNetPlusPlus3D_best_model_in_terms_of_validation_paper_f1.pth,raw,0.55,top_n_plus_2,3,0.7065868263473054,0.5728155339805825,0.921875,59,44,5,0.5462962962962963,0.7870370370370371,10.599975164929482,8.45977930926939,0.4165041274533855,0.4165041274533855,0.5198066503261908,117.45370370370371,1.3055555555555556,5,108
,scpdb_apbs_cutoff_fold1_apbs_shape_apbs_clip20_minmax,UNetPlusPlus3D,apbs_shape,apbs_clip20_minmax,UNetPlusPlus3D_best_model_in_terms_of_validation_paper_f1.pth,raw,0.6,top1,1,0.6829268292682927,0.5436893203883495,0.9180327868852459,56,47,5,0.5185185185185185,0.7222222222222222,12.59262167850484,10.358262242807381,0.3815953396238124,0.3815953396238124,0.5142406511196269,111.5925925925926,0.9537037037037037,5,108
,scpdb_apbs_cutoff_fold1_apbs_shape_apbs_clip20_minmax,UNetPlusPlus3D,apbs_shape,apbs_clip20_minmax,UNetPlusPlus3D_best_model_in_terms_of_validation_paper_f1.pth,raw,0.6,top2,2,0.7065868263473054,0.5728155339805825,0.921875,59,44,5,0.5462962962962963,0.7777777777777778,10.746298304911171,8.639586048856069,0.40661444053614026,0.40661444053614026,0.508908529784251,111.5925925925926,1.2592592592592593,5,108
,scpdb_apbs_cutoff_fold1_apbs_shape_apbs_clip20_minmax,UNetPlusPlus3D,apbs_shape,apbs_clip20_minmax,UNetPlusPlus3D_best_model_in_terms_of_validation_paper_f1.pth,raw,0.6,top3,3,0.7065868263473054,0.5728155339805825,0.921875,59,44,5,0.5462962962962963,0.7870370370370371,10.560146851020496,8.442380769820552,0.4098384332627169,0.4098384332627169,0.508908529784251,111.5925925925926,1.3055555555555556,5,108
,scpdb_apbs_cutoff_fold1_apbs_shape_apbs_clip20_minmax,UNetPlusPlus3D,apbs_shape,apbs_clip20_minmax,UNetPlusPlus3D_best_model_in_terms_of_validation_paper_f1.pth,raw,0.6,top_n_plus_2,3,0.7065868263473054,0.5728155339805825,0.921875,59,44,5,0.5462962962962963,0.7870370370370371,10.560146851020496,8.442380769820552,0.4098384332627169,0.4098384332627169,0.508908529784251,111.5925925925926,1.3055555555555556,5,108
,scpdb_apbs_cutoff_fold1_apbs_shape_apbs_clip20_minmax,UNetPlusPlus3D,apbs_shape,apbs_clip20_minmax,UNetPlusPlus3D_best_model_in_terms_of_validation_paper_f1.pth,raw,0.7,top1,1,0.6748466257668712,0.5392156862745098,0.9016393442622951,55,47,6,0.5092592592592593,0.7129629629629629,13.976121953757913,11.740666237382252,0.3526129301514559,0.3526129301514559,0.4854092384374769,93.62962962962963,0.9444444444444444,6,108
,scpdb_apbs_cutoff_fold1_apbs_shape_apbs_clip20_minmax,UNetPlusPlus3D,apbs_shape,apbs_clip20_minmax,UNetPlusPlus3D_best_model_in_terms_of_validation_paper_f1.pth,raw,0.7,top2,2,0.7065868263473054,0.5784313725490197,0.9076923076923077,59,43,6,0.5462962962962963,0.7870370370370371,11.694836602662756,9.637343970499593,0.38330055991842193,0.38330055991842193,0.47843039507174956,93.62962962962963,1.25,6,108
,scpdb_apbs_cutoff_fold1_apbs_shape_apbs_clip20_minmax,UNetPlusPlus3D,apbs_shape,apbs_clip20_minmax,UNetPlusPlus3D_best_model_in_terms_of_validation_paper_f1.pth,raw,0.7,top3,3,0.7142857142857143,0.5882352941176471,0.9090909090909091,60,42,6,0.5555555555555556,0.7962962962962963,11.496395689253244,9.42280373950819,0.38516821370147153,0.38516821370147153,0.4721026456888665,93.62962962962963,1.2962962962962963,6,108
,scpdb_apbs_cutoff_fold1_apbs_shape_apbs_clip20_minmax,UNetPlusPlus3D,apbs_shape,apbs_clip20_minmax,UNetPlusPlus3D_best_model_in_terms_of_validation_paper_f1.pth,raw,0.7,top_n_plus_2,3,0.7142857142857143,0.5882352941176471,0.9090909090909091,60,42,6,0.5555555555555556,0.7962962962962963,11.496395689253244,9.42280373950819,0.38516821370147153,0.38516821370147153,0.4721026456888665,93.62962962962963,1.2962962962962963,6,108
,scpdb_apbs_cutoff_fold1_apbs_shape_apbs_clip20_minmax,UNetPlusPlus3D,apbs_shape,apbs_clip20_minmax,UNetPlusPlus3D_best_model_in_terms_of_validation_paper_f1.pth,raw,0.8,top1,1,0.0,0.0,0.0,0,0,108,0.0,0.0,121.24355652982143,121.24355652982143,0.0,0.0,0.0,0.0,0.0,108,108
,scpdb_apbs_cutoff_fold1_apbs_shape_apbs_clip20_minmax,UNetPlusPlus3D,apbs_shape,apbs_clip20_minmax,UNetPlusPlus3D_best_model_in_terms_of_validation_paper_f1.pth,raw,0.8,top2,2,0.0,0.0,0.0,0,0,108,0.0,0.0,121.24355652982143,121.24355652982143,0.0,0.0,0.0,0.0,0.0,108,108
,scpdb_apbs_cutoff_fold1_apbs_shape_apbs_clip20_minmax,UNetPlusPlus3D,apbs_shape,apbs_clip20_minmax,UNetPlusPlus3D_best_model_in_terms_of_validation_paper_f1.pth,raw,0.8,top3,3,0.0,0.0,0.0,0,0,108,0.0,0.0,121.24355652982143,121.24355652982143,0.0,0.0,0.0,0.0,0.0,108,108
,scpdb_apbs_cutoff_fold1_apbs_shape_apbs_clip20_minmax,UNetPlusPlus3D,apbs_shape,apbs_clip20_minmax,UNetPlusPlus3D_best_model_in_terms_of_validation_paper_f1.pth,raw,0.8,top_n_plus_2,3,0.0,0.0,0.0,0,0,108,0.0,0.0,121.24355652982143,121.24355652982143,0.0,0.0,0.0,0.0,0.0,108,108
,scpdb_apbs_cutoff_fold1_apbs_shape_apbs_clip20_minmax,UNetPlusPlus3D,apbs_shape,apbs_clip20_minmax,UNetPlusPlus3D_best_model_in_terms_of_validation_paper_f1.pth,raw,0.9,top1,1,0.0,0.0,0.0,0,0,108,0.0,0.0,121.24355652982143,121.24355652982143,0.0,0.0,0.0,0.0,0.0,108,108
,scpdb_apbs_cutoff_fold1_apbs_shape_apbs_clip20_minmax,UNetPlusPlus3D,apbs_shape,apbs_clip20_minmax,UNetPlusPlus3D_best_model_in_terms_of_validation_paper_f1.pth,raw,0.9,top2,2,0.0,0.0,0.0,0,0,108,0.0,0.0,121.24355652982143,121.24355652982143,0.0,0.0,0.0,0.0,0.0,108,108
,scpdb_apbs_cutoff_fold1_apbs_shape_apbs_clip20_minmax,UNetPlusPlus3D,apbs_shape,apbs_clip20_minmax,UNetPlusPlus3D_best_model_in_terms_of_validation_paper_f1.pth,raw,0.9,top3,3,0.0,0.0,0.0,0,0,108,0.0,0.0,121.24355652982143,121.24355652982143,0.0,0.0,0.0,0.0,0.0,108,108
,scpdb_apbs_cutoff_fold1_apbs_shape_apbs_clip20_minmax,UNetPlusPlus3D,apbs_shape,apbs_clip20_minmax,UNetPlusPlus3D_best_model_in_terms_of_validation_paper_f1.pth,raw,0.9,top_n_plus_2,3,0.0,0.0,0.0,0,0,108,0.0,0.0,121.24355652982143,121.24355652982143,0.0,0.0,0.0,0.0,0.0,108,108
,scpdb_apbs_cutoff_fold1_apbs_shape_apbs_full_signed,CBAMUNet3D,apbs_shape,apbs_full_signed,CBAMUNet3D_best_model_in_terms_of_validation_paper_f1.pth,raw,0.05,top1,1,0.6829268292682926,0.5233644859813084,0.9824561403508771,56,51,1,0.5185185185185185,0.7222222222222222,10.038219375618349,7.6297710702318335,0.367401441043794,0.367401441043794,0.4914784981696617,162.08333333333334,0.9907407407407407,1,108
,scpdb_apbs_cutoff_fold1_apbs_shape_apbs_full_signed,CBAMUNet3D,apbs_shape,apbs_full_signed,CBAMUNet3D_best_model_in_terms_of_validation_paper_f1.pth,raw,0.05,top2,2,0.7065868263473052,0.5514018691588785,0.9833333333333333,59,48,1,0.5462962962962963,0.7962962962962963,6.785245433938445,4.53065844704597,0.40511156424617023,0.40511156424617023,0.4910145523264641,162.08333333333334,1.4074074074074074,1,108
,scpdb_apbs_cutoff_fold1_apbs_shape_apbs_full_signed,CBAMUNet3D,apbs_shape,apbs_full_signed,CBAMUNet3D_best_model_in_terms_of_validation_paper_f1.pth,raw,0.05,top3,3,0.7142857142857142,0.5607476635514018,0.9836065573770492,60,47,1,0.5555555555555556,0.8055555555555556,6.549876138520261,4.308800272608925,0.4062958881049127,0.4062958881049127,0.48496275940009276,162.08333333333334,1.4814814814814814,1,108
,scpdb_apbs_cutoff_fold1_apbs_shape_apbs_full_signed,CBAMUNet3D,apbs_shape,apbs_full_signed,CBAMUNet3D_best_model_in_terms_of_validation_paper_f1.pth,raw,0.05,top_n_plus_2,3,0.7142857142857142,0.5607476635514018,0.9836065573770492,60,47,1,0.5555555555555556,0.8055555555555556,6.549876138520261,4.308800272608925,0.4062958881049127,0.4062958881049127,0.48496275940009276,162.08333333333334,1.4814814814814814,1,108
,scpdb_apbs_cutoff_fold1_apbs_shape_apbs_full_signed,CBAMUNet3D,apbs_shape,apbs_full_signed,CBAMUNet3D_best_model_in_terms_of_validation_paper_f1.pth,raw,0.1,top1,1,0.6909090909090908,0.5377358490566038,0.9661016949152542,57,49,2,0.5277777777777778,0.7222222222222222,10.798846430159678,8.525278011420923,0.37398125772278473,0.37398125772278473,0.5016635390518157,148.12037037037038,0.9814814814814815,2,108
,scpdb_apbs_cutoff_fold1_apbs_shape_apbs_full_signed,CBAMUNet3D,apbs_shape,apbs_full_signed,CBAMUNet3D_best_model_in_terms_of_validation_paper_f1.pth,raw,0.1,top2,2,0.7065868263473054,0.5566037735849056,0.9672131147540983,59,47,2,0.5462962962962963,0.7870370370370371,8.071630593383919,5.891002443995358,0.4052464908497,0.4052464908497,0.5000714144652104,148.12037037037038,1.3703703703703705,2,108
,scpdb_apbs_cutoff_fold1_apbs_shape_apbs_full_signed,CBAMUNet3D,apbs_shape,apbs_full_signed,CBAMUNet3D_best_model_in_terms_of_validation_paper_f1.pth,raw,0.1,top3,3,0.7142857142857144,0.5660377358490566,0.967741935483871,60,46,2,0.5555555555555556,0.7962962962962963,7.835243835233677,5.667362898069897,0.4060001514870816,0.4060001514870816,0.493093480038077,148.12037037037038,1.4351851851851851,2,108
,scpdb_apbs_cutoff_fold1_apbs_shape_apbs_full_signed,CBAMUNet3D,apbs_shape,apbs_full_signed,CBAMUNet3D_best_model_in_terms_of_validation_paper_f1.pth,raw,0.1,top_n_plus_2,3,0.7142857142857144,0.5660377358490566,0.967741935483871,60,46,2,0.5555555555555556,0.7962962962962963,7.835243835233677,5.667362898069897,0.4060001514870816,0.4060001514870816,0.493093480038077,148.12037037037038,1.4351851851851851,2,108
,scpdb_apbs_cutoff_fold1_apbs_shape_apbs_full_signed,CBAMUNet3D,apbs_shape,apbs_full_signed,CBAMUNet3D_best_model_in_terms_of_validation_paper_f1.pth,raw,0.2,top1,1,0.6909090909090908,0.5428571428571428,0.95,57,48,3,0.5277777777777778,0.7314814814814815,11.588763969507678,9.33984390250682,0.37527233346651173,0.37527233346651173,0.4985684900964696,134.74074074074073,0.9722222222222222,3,108
,scpdb_apbs_cutoff_fold1_apbs_shape_apbs_full_signed,CBAMUNet3D,apbs_shape,apbs_full_signed,CBAMUNet3D_best_model_in_terms_of_validation_paper_f1.pth,raw,0.2,top2,2,0.7142857142857142,0.5714285714285714,0.9523809523809523,60,45,3,0.5555555555555556,0.7962962962962963,9.005778576550668,6.865232726409226,0.4056102238836895,0.4056102238836895,0.49454520135037705,134.74074074074073,1.3425925925925926,3,108
,scpdb_apbs_cutoff_fold1_apbs_shape_apbs_full_signed,CBAMUNet3D,apbs_shape,apbs_full_signed,CBAMUNet3D_best_model_in_terms_of_validation_paper_f1.pth,raw,0.2,top3,3,0.7142857142857142,0.5714285714285714,0.9523809523809523,60,45,3,0.5555555555555556,0.7962962962962963,9.005778576550668,6.865232726409226,0.4056102238836895,0.4056102238836895,0.49454520135037705,134.74074074074073,1.3981481481481481,3,108
,scpdb_apbs_cutoff_fold1_apbs_shape_apbs_full_signed,CBAMUNet3D,apbs_shape,apbs_full_signed,CBAMUNet3D_best_model_in_terms_of_validation_paper_f1.pth,raw,0.2,top_n_plus_2,3,0.7142857142857142,0.5714285714285714,0.9523809523809523,60,45,3,0.5555555555555556,0.7962962962962963,9.005778576550668,6.865232726409226,0.4056102238836895,0.4056102238836895,0.49454520135037705,134.74074074074073,1.3981481481481481,3,108
,scpdb_apbs_cutoff_fold1_apbs_shape_apbs_full_signed,CBAMUNet3D,apbs_shape,apbs_full_signed,CBAMUNet3D_best_model_in_terms_of_validation_paper_f1.pth,raw,0.3,top1,1,0.6909090909090909,0.5480769230769231,0.9344262295081968,57,47,4,0.5277777777777778,0.7222222222222222,12.658993121784375,10.436843333106413,0.37061541587920316,0.37061541587920316,0.4968587598834974,126.5,0.9629629629629629,4,108
,scpdb_apbs_cutoff_fold1_apbs_shape_apbs_full_signed,CBAMUNet3D,apbs_shape,apbs_full_signed,CBAMUNet3D_best_model_in_terms_of_validation_paper_f1.pth,raw,0.3,top2,2,0.7294117647058823,0.5961538461538461,0.9393939393939394,62,42,4,0.5740740740740741,0.7962962962962963,9.743934659939987,7.670080251533005,0.40439035945151897,0.40439035945151897,0.4895585580085047,126.5,1.3148148148148149,4,108
,scpdb_apbs_cutoff_fold1_apbs_shape_apbs_full_signed,CBAMUNet3D,apbs_shape,apbs_full_signed,CBAMUNet3D_best_model_in_terms_of_validation_paper_f1.pth,raw,0.3,top3,3,0.7294117647058823,0.5961538461538461,0.9393939393939394,62,42,4,0.5740740740740741,0.7962962962962963,9.743934659939987,7.670080251533005,0.40439035945151897,0.40439035945151897,0.4895585580085047,126.5,1.3611111111111112,4,108
,scpdb_apbs_cutoff_fold1_apbs_shape_apbs_full_signed,CBAMUNet3D,apbs_shape,apbs_full_signed,CBAMUNet3D_best_model_in_terms_of_validation_paper_f1.pth,raw,0.3,top_n_plus_2,3,0.7294117647058823,0.5961538461538461,0.9393939393939394,62,42,4,0.5740740740740741,0.7962962962962963,9.743934659939987,7.670080251533005,0.40439035945151897,0.40439035945151897,0.4895585580085047,126.5,1.3611111111111112,4,108
,scpdb_apbs_cutoff_fold1_apbs_shape_apbs_full_signed,CBAMUNet3D,apbs_shape,apbs_full_signed,CBAMUNet3D_best_model_in_terms_of_validation_paper_f1.pth,raw,0.35,top1,1,0.7142857142857143,0.5769230769230769,0.9375,60,44,4,0.5555555555555556,0.7314814814814815,12.388487807251169,10.218350252208527,0.37560865433428636,0.37560865433428636,0.4911142536455083,123.44444444444444,0.9629629629629629,4,108
,scpdb_apbs_cutoff_fold1_apbs_shape_apbs_full_signed,CBAMUNet3D,apbs_shape,apbs_full_signed,CBAMUNet3D_best_model_in_terms_of_validation_paper_f1.pth,raw,0.35,top2,2,0.744186046511628,0.6153846153846154,0.9411764705882353,64,40,4,0.5925925925925926,0.7962962962962963,9.7370117928452,7.66636060006673,0.404900734017117,0.404900734017117,0.48492863120931673,123.44444444444444,1.3148148148148149,4,108
,scpdb_apbs_cutoff_fold1_apbs_shape_apbs_full_signed,CBAMUNet3D,apbs_shape,apbs_full_signed,CBAMUNet3D_best_model_in_terms_of_validation_paper_f1.pth,raw,0.35,top3,3,0.744186046511628,0.6153846153846154,0.9411764705882353,64,40,4,0.5925925925925926,0.7962962962962963,9.7370117928452,7.66636060006673,0.404900734017117,0.404900734017117,0.48492863120931673,123.44444444444444,1.3703703703703705,4,108
,scpdb_apbs_cutoff_fold1_apbs_shape_apbs_full_signed,CBAMUNet3D,apbs_shape,apbs_full_signed,CBAMUNet3D_best_model_in_terms_of_validation_paper_f1.pth,raw,0.35,top_n_plus_2,3,0.744186046511628,0.6153846153846154,0.9411764705882353,64,40,4,0.5925925925925926,0.7962962962962963,9.7370117928452,7.66636060006673,0.404900734017117,0.404900734017117,0.48492863120931673,123.44444444444444,1.3703703703703705,4,108
,scpdb_apbs_cutoff_fold1_apbs_shape_apbs_full_signed,CBAMUNet3D,apbs_shape,apbs_full_signed,CBAMUNet3D_best_model_in_terms_of_validation_paper_f1.pth,raw,0.4,top1,1,0.7142857142857143,0.5769230769230769,0.9375,60,44,4,0.5555555555555556,0.7314814814814815,12.381755241680313,10.212770402525948,0.37578292764286736,0.37578292764286736,0.4916887491016938,120.72222222222223,0.9629629629629629,4,108
,scpdb_apbs_cutoff_fold1_apbs_shape_apbs_full_signed,CBAMUNet3D,apbs_shape,apbs_full_signed,CBAMUNet3D_best_model_in_terms_of_validation_paper_f1.pth,raw,0.4,top2,2,0.744186046511628,0.6153846153846154,0.9411764705882353,64,40,4,0.5925925925925926,0.7962962962962963,9.728666108157359,7.657660712509673,0.4047710324158984,0.4047710324158984,0.48543311075559115,120.72222222222223,1.3148148148148149,4,108
,scpdb_apbs_cutoff_fold1_apbs_shape_apbs_full_signed,CBAMUNet3D,apbs_shape,apbs_full_signed,CBAMUNet3D_best_model_in_terms_of_validation_paper_f1.pth,raw,0.4,top3,3,0.744186046511628,0.6153846153846154,0.9411764705882353,64,40,4,0.5925925925925926,0.7962962962962963,9.728666108157359,7.657660712509673,0.4047710324158984,0.4047710324158984,0.48543311075559115,120.72222222222223,1.3703703703703705,4,108
,scpdb_apbs_cutoff_fold1_apbs_shape_apbs_full_signed,CBAMUNet3D,apbs_shape,apbs_full_signed,CBAMUNet3D_best_model_in_terms_of_validation_paper_f1.pth,raw,0.4,top_n_plus_2,3,0.744186046511628,0.6153846153846154,0.9411764705882353,64,40,4,0.5925925925925926,0.7962962962962963,9.728666108157359,7.657660712509673,0.4047710324158984,0.4047710324158984,0.48543311075559115,120.72222222222223,1.3703703703703705,4,108
,scpdb_apbs_cutoff_fold1_apbs_shape_apbs_full_signed,CBAMUNet3D,apbs_shape,apbs_full_signed,CBAMUNet3D_best_model_in_terms_of_validation_paper_f1.pth,raw,0.45,top1,1,0.7142857142857143,0.5769230769230769,0.9375,60,44,4,0.5555555555555556,0.7314814814814815,12.381945725663499,10.22070390141743,0.37293296173806345,0.37293296173806345,0.48837812181977724,117.75,0.9629629629629629,4,108
,scpdb_apbs_cutoff_fold1_apbs_shape_apbs_full_signed,CBAMUNet3D,apbs_shape,apbs_full_signed,CBAMUNet3D_best_model_in_terms_of_validation_paper_f1.pth,raw,0.45,top2,2,0.744186046511628,0.6153846153846154,0.9411764705882353,64,40,4,0.5925925925925926,0.7962962962962963,9.726457930087587,7.663603944093377,0.401546890939312,0.401546890939312,0.4818541269040094,117.75,1.2962962962962963,4,108
,scpdb_apbs_cutoff_fold1_apbs_shape_apbs_full_signed,CBAMUNet3D,apbs_shape,apbs_full_signed,CBAMUNet3D_best_model_in_terms_of_validation_paper_f1.pth,raw,0.45,top3,3,0.744186046511628,0.6153846153846154,0.9411764705882353,64,40,4,0.5925925925925926,0.7962962962962963,9.726457930087587,7.663603944093377,0.401546890939312,0.401546890939312,0.4818541269040094,117.75,1.3425925925925926,4,108
,scpdb_apbs_cutoff_fold1_apbs_shape_apbs_full_signed,CBAMUNet3D,apbs_shape,apbs_full_signed,CBAMUNet3D_best_model_in_terms_of_validation_paper_f1.pth,raw,0.45,top_n_plus_2,3,0.744186046511628,0.6153846153846154,0.9411764705882353,64,40,4,0.5925925925925926,0.7962962962962963,9.726457930087587,7.663603944093377,0.401546890939312,0.401546890939312,0.4818541269040094,117.75,1.3425925925925926,4,108
,scpdb_apbs_cutoff_fold1_apbs_shape_apbs_full_signed,CBAMUNet3D,apbs_shape,apbs_full_signed,CBAMUNet3D_best_model_in_terms_of_validation_paper_f1.pth,raw,0.5,top1,1,0.6987951807228915,0.5686274509803921,0.90625,58,44,6,0.5370370370370371,0.7222222222222222,14.312584799448633,12.157109908472451,0.3682725789122979,0.3682725789122979,0.488556438217368,115.3425925925926,0.9444444444444444,6,108
,scpdb_apbs_cutoff_fold1_apbs_shape_apbs_full_signed,CBAMUNet3D,apbs_shape,apbs_full_signed,CBAMUNet3D_best_model_in_terms_of_validation_paper_f1.pth,raw,0.5,top2,2,0.7294117647058823,0.6078431372549019,0.9117647058823529,62,40,6,0.5740740740740741,0.7962962962962963,11.389795322855582,9.383573628020661,0.40032946635099326,0.40032946635099326,0.48278728498198875,115.3425925925926,1.2685185185185186,6,108
,scpdb_apbs_cutoff_fold1_apbs_shape_apbs_full_signed,CBAMUNet3D,apbs_shape,apbs_full_signed,CBAMUNet3D_best_model_in_terms_of_validation_paper_f1.pth,raw,0.5,top3,3,0.7294117647058823,0.6078431372549019,0.9117647058823529,62,40,6,0.5740740740740741,0.7962962962962963,11.389795322855582,9.383573628020661,0.40032946635099326,0.40032946635099326,0.48278728498198875,115.3425925925926,1.3148148148148149,6,108
,scpdb_apbs_cutoff_fold1_apbs_shape_apbs_full_signed,CBAMUNet3D,apbs_shape,apbs_full_signed,CBAMUNet3D_best_model_in_terms_of_validation_paper_f1.pth,raw,0.5,top_n_plus_2,3,0.7294117647058823,0.6078431372549019,0.9117647058823529,62,40,6,0.5740740740740741,0.7962962962962963,11.389795322855582,9.383573628020661,0.40032946635099326,0.40032946635099326,0.48278728498198875,115.3425925925926,1.3148148148148149,6,108
,scpdb_apbs_cutoff_fold1_apbs_shape_apbs_full_signed,CBAMUNet3D,apbs_shape,apbs_full_signed,CBAMUNet3D_best_model_in_terms_of_validation_paper_f1.pth,raw,0.55,top1,1,0.6987951807228915,0.5686274509803921,0.90625,58,44,6,0.5370370370370371,0.7222222222222222,14.307464714355355,12.153260950187738,0.36593739819195076,0.36593739819195076,0.48573486023946766,112.95370370370371,0.9444444444444444,6,108
,scpdb_apbs_cutoff_fold1_apbs_shape_apbs_full_signed,CBAMUNet3D,apbs_shape,apbs_full_signed,CBAMUNet3D_best_model_in_terms_of_validation_paper_f1.pth,raw,0.55,top2,2,0.7294117647058823,0.6078431372549019,0.9117647058823529,62,40,6,0.5740740740740741,0.7962962962962963,11.385458207105527,9.381121927544353,0.39810987115677593,0.39810987115677593,0.48085546910463506,112.95370370370371,1.2685185185185186,6,108
,scpdb_apbs_cutoff_fold1_apbs_shape_apbs_full_signed,CBAMUNet3D,apbs_shape,apbs_full_signed,CBAMUNet3D_best_model_in_terms_of_validation_paper_f1.pth,raw,0.55,top3,3,0.7294117647058823,0.6078431372549019,0.9117647058823529,62,40,6,0.5740740740740741,0.7962962962962963,11.385458207105527,9.381121927544353,0.39810987115677593,0.39810987115677593,0.48085546910463506,112.95370370370371,1.3055555555555556,6,108
,scpdb_apbs_cutoff_fold1_apbs_shape_apbs_full_signed,CBAMUNet3D,apbs_shape,apbs_full_signed,CBAMUNet3D_best_model_in_terms_of_validation_paper_f1.pth,raw,0.55,top_n_plus_2,3,0.7294117647058823,0.6078431372549019,0.9117647058823529,62,40,6,0.5740740740740741,0.7962962962962963,11.385458207105527,9.381121927544353,0.39810987115677593,0.39810987115677593,0.48085546910463506,112.95370370370371,1.3055555555555556,6,108
,scpdb_apbs_cutoff_fold1_apbs_shape_apbs_full_signed,CBAMUNet3D,apbs_shape,apbs_full_signed,CBAMUNet3D_best_model_in_terms_of_validation_paper_f1.pth,raw,0.6,top1,1,0.6987951807228915,0.5686274509803921,0.90625,58,44,6,0.5370370370370371,0.7222222222222222,14.303867471838236,12.150878618233016,0.36487841480237393,0.36487841480237393,0.48435028795835633,110.49074074074075,0.9444444444444444,6,108
,scpdb_apbs_cutoff_fold1_apbs_shape_apbs_full_signed,CBAMUNet3D,apbs_shape,apbs_full_signed,CBAMUNet3D_best_model_in_terms_of_validation_paper_f1.pth,raw,0.6,top2,2,0.7294117647058823,0.6078431372549019,0.9117647058823529,62,40,6,0.5740740740740741,0.7962962962962963,11.381879406783659,9.377678265590141,0.39624555599732386,0.39624555599732386,0.479065163054239,110.49074074074075,1.2592592592592593,6,108
,scpdb_apbs_cutoff_fold1_apbs_shape_apbs_full_signed,CBAMUNet3D,apbs_shape,apbs_full_signed,CBAMUNet3D_best_model_in_terms_of_validation_paper_f1.pth,raw,0.6,top3,3,0.7294117647058823,0.6078431372549019,0.9117647058823529,62,40,6,0.5740740740740741,0.7962962962962963,11.381879406783659,9.377678265590141,0.39624555599732386,0.39624555599732386,0.479065163054239,110.49074074074075,1.287037037037037,6,108
,scpdb_apbs_cutoff_fold1_apbs_shape_apbs_full_signed,CBAMUNet3D,apbs_shape,apbs_full_signed,CBAMUNet3D_best_model_in_terms_of_validation_paper_f1.pth,raw,0.6,top_n_plus_2,3,0.7294117647058823,0.6078431372549019,0.9117647058823529,62,40,6,0.5740740740740741,0.7962962962962963,11.381879406783659,9.377678265590141,0.39624555599732386,0.39624555599732386,0.479065163054239,110.49074074074075,1.287037037037037,6,108
,scpdb_apbs_cutoff_fold1_apbs_shape_apbs_full_signed,CBAMUNet3D,apbs_shape,apbs_full_signed,CBAMUNet3D_best_model_in_terms_of_validation_paper_f1.pth,raw,0.7,top1,1,0.7065868263473054,0.5784313725490197,0.9076923076923077,59,43,6,0.5462962962962963,0.7314814814814815,13.995986581163383,11.882159625418895,0.3668094110067441,0.3668094110067441,0.4825912806277144,105.26851851851852,0.9444444444444444,6,108
,scpdb_apbs_cutoff_fold1_apbs_shape_apbs_full_signed,CBAMUNet3D,apbs_shape,apbs_full_signed,CBAMUNet3D_best_model_in_terms_of_validation_paper_f1.pth,raw,0.7,top2,2,0.7368421052631579,0.6176470588235294,0.9130434782608695,63,39,6,0.5833333333333334,0.7962962962962963,11.34575540756111,9.3450097695806,0.39310692536668895,0.39310692536668895,0.47418809925807087,105.26851851851852,1.2592592592592593,6,108
,scpdb_apbs_cutoff_fold1_apbs_shape_apbs_full_signed,CBAMUNet3D,apbs_shape,apbs_full_signed,CBAMUNet3D_best_model_in_terms_of_validation_paper_f1.pth,raw,0.7,top3,3,0.7368421052631579,0.6176470588235294,0.9130434782608695,63,39,6,0.5833333333333334,0.7962962962962963,11.34575540756111,9.3450097695806,0.39310692536668895,0.39310692536668895,0.47418809925807087,105.26851851851852,1.2962962962962963,6,108
,scpdb_apbs_cutoff_fold1_apbs_shape_apbs_full_signed,CBAMUNet3D,apbs_shape,apbs_full_signed,CBAMUNet3D_best_model_in_terms_of_validation_paper_f1.pth,raw,0.7,top_n_plus_2,3,0.7368421052631579,0.6176470588235294,0.9130434782608695,63,39,6,0.5833333333333334,0.7962962962962963,11.34575540756111,9.3450097695806,0.39310692536668895,0.39310692536668895,0.47418809925807087,105.26851851851852,1.2962962962962963,6,108
,scpdb_apbs_cutoff_fold1_apbs_shape_apbs_full_signed,CBAMUNet3D,apbs_shape,apbs_full_signed,CBAMUNet3D_best_model_in_terms_of_validation_paper_f1.pth,raw,0.8,top1,1,0.6909090909090908,0.5588235294117647,0.9047619047619048,57,45,6,0.5277777777777778,0.7222222222222222,14.001658421654323,11.888019382104192,0.36190718488348445,0.36190718488348445,0.4847049229014983,98.97222222222223,0.9444444444444444,6,108
,scpdb_apbs_cutoff_fold1_apbs_shape_apbs_full_signed,CBAMUNet3D,apbs_shape,apbs_full_signed,CBAMUNet3D_best_model_in_terms_of_validation_paper_f1.pth,raw,0.8,top2,2,0.7218934911242604,0.5980392156862745,0.9104477611940298,61,41,6,0.5648148148148148,0.7870370370370371,11.335199676064054,9.35080726680997,0.3872184050364011,0.3872184050364011,0.4750155235577493,98.97222222222223,1.2592592592592593,6,108
,scpdb_apbs_cutoff_fold1_apbs_shape_apbs_full_signed,CBAMUNet3D,apbs_shape,apbs_full_signed,CBAMUNet3D_best_model_in_terms_of_validation_paper_f1.pth,raw,0.8,top3,3,0.7218934911242604,0.5980392156862745,0.9104477611940298,61,41,6,0.5648148148148148,0.7870370370370371,11.335199676064054,9.35080726680997,0.3872184050364011,0.3872184050364011,0.4750155235577493,98.97222222222223,1.2962962962962963,6,108
,scpdb_apbs_cutoff_fold1_apbs_shape_apbs_full_signed,CBAMUNet3D,apbs_shape,apbs_full_signed,CBAMUNet3D_best_model_in_terms_of_validation_paper_f1.pth,raw,0.8,top_n_plus_2,3,0.7218934911242604,0.5980392156862745,0.9104477611940298,61,41,6,0.5648148148148148,0.7870370370370371,11.335199676064054,9.35080726680997,0.3872184050364011,0.3872184050364011,0.4750155235577493,98.97222222222223,1.2962962962962963,6,108
,scpdb_apbs_cutoff_fold1_apbs_shape_apbs_full_signed,CBAMUNet3D,apbs_shape,apbs_full_signed,CBAMUNet3D_best_model_in_terms_of_validation_paper_f1.pth,raw,0.9,top1,1,0.6909090909090908,0.5588235294117647,0.9047619047619048,57,45,6,0.5277777777777778,0.7222222222222222,14.269933132364073,12.098639031162804,0.3483514047475423,0.3483514047475423,0.46885434425842587,90.25925925925925,0.9444444444444444,6,108
,scpdb_apbs_cutoff_fold1_apbs_shape_apbs_full_signed,CBAMUNet3D,apbs_shape,apbs_full_signed,CBAMUNet3D_best_model_in_terms_of_validation_paper_f1.pth,raw,0.9,top2,2,0.7294117647058823,0.6078431372549019,0.9117647058823529,62,40,6,0.5740740740740741,0.8148148148148148,11.251545460909128,9.2931401639581,0.375886916390717,0.3756929791667045,0.4565199355277234,90.25925925925925,1.2685185185185186,6,108
,scpdb_apbs_cutoff_fold1_apbs_shape_apbs_full_signed,CBAMUNet3D,apbs_shape,apbs_full_signed,CBAMUNet3D_best_model_in_terms_of_validation_paper_f1.pth,raw,0.9,top3,3,0.7294117647058823,0.6078431372549019,0.9117647058823529,62,40,6,0.5740740740740741,0.8148148148148148,11.251545460909128,9.2931401639581,0.375886916390717,0.3756929791667045,0.4565199355277234,90.25925925925925,1.3055555555555556,6,108
,scpdb_apbs_cutoff_fold1_apbs_shape_apbs_full_signed,CBAMUNet3D,apbs_shape,apbs_full_signed,CBAMUNet3D_best_model_in_terms_of_validation_paper_f1.pth,raw,0.9,top_n_plus_2,3,0.7294117647058823,0.6078431372549019,0.9117647058823529,62,40,6,0.5740740740740741,0.8148148148148148,11.251545460909128,9.2931401639581,0.375886916390717,0.3756929791667045,0.4565199355277234,90.25925925925925,1.3055555555555556,6,108
,scpdb_apbs_cutoff_fold1_apbs_shape_apbs_full_signed,ResNet3D4LGN,apbs_shape,apbs_full_signed,ResNet3D4LGN_best_model_in_terms_of_validation_paper_f1.pth,raw,0.05,top1,1,0.6415094339622641,0.49514563106796117,0.9107142857142857,51,52,5,0.4722222222222222,0.6574074074074074,15.51428307579948,13.203919744678398,0.3325829203234582,0.3325829203234582,0.4805269216671031,166.37962962962962,0.9537037037037037,5,108
,scpdb_apbs_cutoff_fold1_apbs_shape_apbs_full_signed,ResNet3D4LGN,apbs_shape,apbs_full_signed,ResNet3D4LGN_best_model_in_terms_of_validation_paper_f1.pth,raw,0.05,top2,2,0.6909090909090909,0.5533980582524272,0.9193548387096774,57,46,5,0.5277777777777778,0.7685185185185185,10.558246185727695,8.419421478729824,0.3778096256334994,0.3778096256334994,0.4662314327026062,166.37962962962962,1.3888888888888888,5,108
,scpdb_apbs_cutoff_fold1_apbs_shape_apbs_full_signed,ResNet3D4LGN,apbs_shape,apbs_full_signed,ResNet3D4LGN_best_model_in_terms_of_validation_paper_f1.pth,raw,0.05,top3,3,0.6909090909090909,0.5533980582524272,0.9193548387096774,57,46,5,0.5277777777777778,0.7685185185185185,10.558246185727695,8.419421478729824,0.3778096256334994,0.3778096256334994,0.4662314327026062,166.37962962962962,1.6018518518518519,5,108
,scpdb_apbs_cutoff_fold1_apbs_shape_apbs_full_signed,ResNet3D4LGN,apbs_shape,apbs_full_signed,ResNet3D4LGN_best_model_in_terms_of_validation_paper_f1.pth,raw,0.05,top_n_plus_2,3,0.6909090909090909,0.5533980582524272,0.9193548387096774,57,46,5,0.5277777777777778,0.7685185185185185,10.558246185727695,8.419421478729824,0.3778096256334994,0.3778096256334994,0.4662314327026062,166.37962962962962,1.6018518518518519,5,108
,scpdb_apbs_cutoff_fold1_apbs_shape_apbs_full_signed,ResNet3D4LGN,apbs_shape,apbs_full_signed,ResNet3D4LGN_best_model_in_terms_of_validation_paper_f1.pth,raw,0.1,top1,1,0.65,0.5098039215686274,0.896551724137931,52,50,6,0.48148148148148145,0.6574074074074074,16.29944018226234,14.053973132827139,0.33902710501249866,0.33902710501249866,0.4876455836614823,148.50925925925927,0.9444444444444444,6,108
,scpdb_apbs_cutoff_fold1_apbs_shape_apbs_full_signed,ResNet3D4LGN,apbs_shape,apbs_full_signed,ResNet3D4LGN_best_model_in_terms_of_validation_paper_f1.pth,raw,0.1,top2,2,0.6987951807228915,0.5686274509803921,0.90625,58,44,6,0.5370370370370371,0.7592592592592593,11.768789481615038,9.711731141040772,0.3790419805107113,0.3790419805107113,0.4701225733151361,148.50925925925927,1.3333333333333333,6,108
,scpdb_apbs_cutoff_fold1_apbs_shape_apbs_full_signed,ResNet3D4LGN,apbs_shape,apbs_full_signed,ResNet3D4LGN_best_model_in_terms_of_validation_paper_f1.pth,raw,0.1,top3,3,0.6987951807228915,0.5686274509803921,0.90625,58,44,6,0.5370370370370371,0.7592592592592593,11.768789481615038,9.711731141040772,0.3790419805107113,0.3790419805107113,0.4701225733151361,148.50925925925927,1.4907407407407407,6,108
,scpdb_apbs_cutoff_fold1_apbs_shape_apbs_full_signed,ResNet3D4LGN,apbs_shape,apbs_full_signed,ResNet3D4LGN_best_model_in_terms_of_validation_paper_f1.pth,raw,0.1,top_n_plus_2,3,0.6987951807228915,0.5686274509803921,0.90625,58,44,6,0.5370370370370371,0.7592592592592593,11.768789481615038,9.711731141040772,0.3790419805107113,0.3790419805107113,0.4701225733151361,148.50925925925927,1.4907407407407407,6,108
,scpdb_apbs_cutoff_fold1_apbs_shape_apbs_full_signed,ResNet3D4LGN,apbs_shape,apbs_full_signed,ResNet3D4LGN_best_model_in_terms_of_validation_paper_f1.pth,raw,0.2,top1,1,0.65,0.5098039215686274,0.896551724137931,52,50,6,0.48148148148148145,0.6666666666666666,16.269359595378877,14.02852632633134,0.34276336540279106,0.34276336540279106,0.48982993015313575,131.50925925925927,0.9444444444444444,6,108
,scpdb_apbs_cutoff_fold1_apbs_shape_apbs_full_signed,ResNet3D4LGN,apbs_shape,apbs_full_signed,ResNet3D4LGN_best_model_in_terms_of_validation_paper_f1.pth,raw,0.2,top2,2,0.7065868263473054,0.5784313725490197,0.9076923076923077,59,43,6,0.5462962962962963,0.7685185185185185,11.737275473929003,9.684932322329134,0.379605924531273,0.379605924531273,0.46631765186529617,131.50925925925927,1.3055555555555556,6,108
,scpdb_apbs_cutoff_fold1_apbs_shape_apbs_full_signed,ResNet3D4LGN,apbs_shape,apbs_full_signed,ResNet3D4LGN_best_model_in_terms_of_validation_paper_f1.pth,raw,0.2,top3,3,0.7065868263473054,0.5784313725490197,0.9076923076923077,59,43,6,0.5462962962962963,0.7777777777777778,11.62533655195177,9.58331518997938,0.38100115537855866,0.38100115537855866,0.46631765186529617,131.50925925925927,1.4166666666666667,6,108
,scpdb_apbs_cutoff_fold1_apbs_shape_apbs_full_signed,ResNet3D4LGN,apbs_shape,apbs_full_signed,ResNet3D4LGN_best_model_in_terms_of_validation_paper_f1.pth,raw,0.2,top_n_plus_2,3,0.7065868263473054,0.5784313725490197,0.9076923076923077,59,43,6,0.5462962962962963,0.7777777777777778,11.62533655195177,9.58331518997938,0.38100115537855866,0.38100115537855866,0.46631765186529617,131.50925925925927,1.4166666666666667,6,108
,scpdb_apbs_cutoff_fold1_apbs_shape_apbs_full_signed,ResNet3D4LGN,apbs_shape,apbs_full_signed,ResNet3D4LGN_best_model_in_terms_of_validation_paper_f1.pth,raw,0.3,top1,1,0.6583850931677019,0.5196078431372549,0.8983050847457628,53,49,6,0.49074074074074076,0.6666666666666666,16.249637115548737,14.005159220253127,0.3410833859547258,0.3410833859547258,0.4857180748400001,121.96296296296296,0.9444444444444444,6,108
,scpdb_apbs_cutoff_fold1_apbs_shape_apbs_full_signed,ResNet3D4LGN,apbs_shape,apbs_full_signed,ResNet3D4LGN_best_model_in_terms_of_validation_paper_f1.pth,raw,0.3,top2,2,0.7142857142857143,0.5882352941176471,0.9090909090909091,60,42,6,0.5555555555555556,0.7685185185185185,11.725593555888441,9.671468930028038,0.37568651451787394,0.37568651451787394,0.460996560637253,121.96296296296296,1.3240740740740742,6,108
,scpdb_apbs_cutoff_fold1_apbs_shape_apbs_full_signed,ResNet3D4LGN,apbs_shape,apbs_full_signed,ResNet3D4LGN_best_model_in_terms_of_validation_paper_f1.pth,raw,0.3,top3,3,0.7142857142857143,0.5882352941176471,0.9090909090909091,60,42,6,0.5555555555555556,0.7777777777777778,11.612254260203665,9.568430073805242,0.3768280670292895,0.3768280670292895,0.460996560637253,121.96296296296296,1.4259259259259258,6,108
,scpdb_apbs_cutoff_fold1_apbs_shape_apbs_full_signed,ResNet3D4LGN,apbs_shape,apbs_full_signed,ResNet3D4LGN_best_model_in_terms_of_validation_paper_f1.pth,raw,0.3,top_n_plus_2,3,0.7142857142857143,0.5882352941176471,0.9090909090909091,60,42,6,0.5555555555555556,0.7777777777777778,11.612254260203665,9.568430073805242,0.3768280670292895,0.3768280670292895,0.460996560637253,121.96296296296296,1.4259259259259258,6,108
,scpdb_apbs_cutoff_fold1_apbs_shape_apbs_full_signed,ResNet3D4LGN,apbs_shape,apbs_full_signed,ResNet3D4LGN_best_model_in_terms_of_validation_paper_f1.pth,raw,0.35,top1,1,0.6583850931677019,0.5196078431372549,0.8983050847457628,53,49,6,0.49074074074074076,0.6666666666666666,15.958347065444775,13.722455399877116,0.3425687778203079,0.3425687778203079,0.4846916681490613,118.1574074074074,0.9444444444444444,6,108
,scpdb_apbs_cutoff_fold1_apbs_shape_apbs_full_signed,ResNet3D4LGN,apbs_shape,apbs_full_signed,ResNet3D4LGN_best_model_in_terms_of_validation_paper_f1.pth,raw,0.35,top2,2,0.6987951807228915,0.5686274509803921,0.90625,58,44,6,0.5370370370370371,0.7592592592592593,11.970396173782742,9.796921080906598,0.37326786407033136,0.37326786407033136,0.47221476869808954,118.1574074074074,1.3240740740740742,6,108
,scpdb_apbs_cutoff_fold1_apbs_shape_apbs_full_signed,ResNet3D4LGN,apbs_shape,apbs_full_signed,ResNet3D4LGN_best_model_in_terms_of_validation_paper_f1.pth,raw,0.35,top3,3,0.6987951807228915,0.5686274509803921,0.90625,58,44,6,0.5370370370370371,0.7777777777777778,11.64963474809989,9.543350613969617,0.3745525636427022,0.3745525636427022,0.47221476869808954,118.1574074074074,1.4166666666666667,6,108
,scpdb_apbs_cutoff_fold1_apbs_shape_apbs_full_signed,ResNet3D4LGN,apbs_shape,apbs_full_signed,ResNet3D4LGN_best_model_in_terms_of_validation_paper_f1.pth,raw,0.35,top_n_plus_2,3,0.6987951807228915,0.5686274509803921,0.90625,58,44,6,0.5370370370370371,0.7777777777777778,11.64963474809989,9.543350613969617,0.3745525636427022,0.3745525636427022,0.47221476869808954,118.1574074074074,1.4166666666666667,6,108
,scpdb_apbs_cutoff_fold1_apbs_shape_apbs_full_signed,ResNet3D4LGN,apbs_shape,apbs_full_signed,ResNet3D4LGN_best_model_in_terms_of_validation_paper_f1.pth,raw,0.4,top1,1,0.6666666666666667,0.5294117647058824,0.9,54,48,6,0.5,0.6944444444444444,15.297429963152627,13.099168504702929,0.34955197327189524,0.34955197327189524,0.48378435601746167,114.71296296296296,0.9444444444444444,6,108
,scpdb_apbs_cutoff_fold1_apbs_shape_apbs_full_signed,ResNet3D4LGN,apbs_shape,apbs_full_signed,ResNet3D4LGN_best_model_in_terms_of_validation_paper_f1.pth,raw,0.4,top2,2,0.6987951807228915,0.5686274509803921,0.90625,58,44,6,0.5370370370370371,0.7777777777777778,11.745059017338262,9.634767204139576,0.37303439265892385,0.37303439265892385,0.4708011641274494,114.71296296296296,1.3148148148148149,6,108
,scpdb_apbs_cutoff_fold1_apbs_shape_apbs_full_signed,ResNet3D4LGN,apbs_shape,apbs_full_signed,ResNet3D4LGN_best_model_in_terms_of_validation_paper_f1.pth,raw,0.4,top3,3,0.6987951807228915,0.5686274509803921,0.90625,58,44,6,0.5370370370370371,0.7870370370370371,11.63424392169281,9.535795214105178,0.3736685884985992,0.3736685884985992,0.4708011641274494,114.71296296296296,1.3981481481481481,6,108
,scpdb_apbs_cutoff_fold1_apbs_shape_apbs_full_signed,ResNet3D4LGN,apbs_shape,apbs_full_signed,ResNet3D4LGN_best_model_in_terms_of_validation_paper_f1.pth,raw,0.4,top_n_plus_2,3,0.6987951807228915,0.5686274509803921,0.90625,58,44,6,0.5370370370370371,0.7870370370370371,11.63424392169281,9.535795214105178,0.3736685884985992,0.3736685884985992,0.4708011641274494,114.71296296296296,1.3981481481481481,6,108
,scpdb_apbs_cutoff_fold1_apbs_shape_apbs_full_signed,ResNet3D4LGN,apbs_shape,apbs_full_signed,ResNet3D4LGN_best_model_in_terms_of_validation_paper_f1.pth,raw,0.45,top1,1,0.6666666666666667,0.5294117647058824,0.9,54,48,6,0.5,0.6944444444444444,15.289117861596717,13.102408994755683,0.3482192586564687,0.3482192586564687,0.4816169702763485,111.62037037037037,0.9444444444444444,6,108
,scpdb_apbs_cutoff_fold1_apbs_shape_apbs_full_signed,ResNet3D4LGN,apbs_shape,apbs_full_signed,ResNet3D4LGN_best_model_in_terms_of_validation_paper_f1.pth,raw,0.45,top2,2,0.6987951807228915,0.5686274509803921,0.90625,58,44,6,0.5370370370370371,0.7777777777777778,11.730572536549683,9.630305572814004,0.3710509115768228,0.3710509115768228,0.4677593563335137,111.62037037037037,1.3148148148148149,6,108
,scpdb_apbs_cutoff_fold1_apbs_shape_apbs_full_signed,ResNet3D4LGN,apbs_shape,apbs_full_signed,ResNet3D4LGN_best_model_in_terms_of_validation_paper_f1.pth,raw,0.45,top3,3,0.6987951807228915,0.5686274509803921,0.90625,58,44,6,0.5370370370370371,0.7777777777777778,11.730572536549683,9.630305572814004,0.3710509115768228,0.3710509115768228,0.4677593563335137,111.62037037037037,1.3796296296296295,6,108
,scpdb_apbs_cutoff_fold1_apbs_shape_apbs_full_signed,ResNet3D4LGN,apbs_shape,apbs_full_signed,ResNet3D4LGN_best_model_in_terms_of_validation_paper_f1.pth,raw,0.45,top_n_plus_2,3,0.6987951807228915,0.5686274509803921,0.90625,58,44,6,0.5370370370370371,0.7777777777777778,11.730572536549683,9.630305572814004,0.3710509115768228,0.3710509115768228,0.4677593563335137,111.62037037037037,1.3796296296296295,6,108
,scpdb_apbs_cutoff_fold1_apbs_shape_apbs_full_signed,ResNet3D4LGN,apbs_shape,apbs_full_signed,ResNet3D4LGN_best_model_in_terms_of_validation_paper_f1.pth,raw,0.5,top1,1,0.6666666666666667,0.5294117647058824,0.9,54,48,6,0.5,0.6759259259259259,15.920020424833545,13.720801432713388,0.34108741529736486,0.34108741529736486,0.4804229190686009,108.64814814814815,0.9444444444444444,6,108
,scpdb_apbs_cutoff_fold1_apbs_shape_apbs_full_signed,ResNet3D4LGN,apbs_shape,apbs_full_signed,ResNet3D4LGN_best_model_in_terms_of_validation_paper_f1.pth,raw,0.5,top2,2,0.7065868263473054,0.5784313725490197,0.9076923076923077,59,43,6,0.5462962962962963,0.7685185185185185,12.017220177658416,9.924851467319238,0.36981478638383813,0.36981478638383813,0.46611633220521953,108.64814814814815,1.3055555555555556,6,108
,scpdb_apbs_cutoff_fold1_apbs_shape_apbs_full_signed,ResNet3D4LGN,apbs_shape,apbs_full_signed,ResNet3D4LGN_best_model_in_terms_of_validation_paper_f1.pth,raw,0.5,top3,3,0.7065868263473054,0.5784313725490197,0.9076923076923077,59,43,6,0.5462962962962963,0.7685185185185185,12.017220177658416,9.924851467319238,0.36981478638383813,0.36981478638383813,0.46611633220521953,108.64814814814815,1.3703703703703705,6,108
,scpdb_apbs_cutoff_fold1_apbs_shape_apbs_full_signed,ResNet3D4LGN,apbs_shape,apbs_full_signed,ResNet3D4LGN_best_model_in_terms_of_validation_paper_f1.pth,raw,0.5,top_n_plus_2,3,0.7065868263473054,0.5784313725490197,0.9076923076923077,59,43,6,0.5462962962962963,0.7685185185185185,12.017220177658416,9.924851467319238,0.36981478638383813,0.36981478638383813,0.46611633220521953,108.64814814814815,1.3703703703703705,6,108
,scpdb_apbs_cutoff_fold1_apbs_shape_apbs_full_signed,ResNet3D4LGN,apbs_shape,apbs_full_signed,ResNet3D4LGN_best_model_in_terms_of_validation_paper_f1.pth,raw,0.55,top1,1,0.6748466257668712,0.5445544554455446,0.8870967741935484,55,46,7,0.5092592592592593,0.6944444444444444,16.220454427751335,14.079924076242166,0.3414789939695333,0.3414789939695333,0.4766833724286158,105.68518518518519,0.9351851851851852,7,108
,scpdb_apbs_cutoff_fold1_apbs_shape_apbs_full_signed,ResNet3D4LGN,apbs_shape,apbs_full_signed,ResNet3D4LGN_best_model_in_terms_of_validation_paper_f1.pth,raw,0.55,top2,2,0.7065868263473053,0.5841584158415841,0.8939393939393939,59,42,7,0.5462962962962963,0.7777777777777778,13.24124025931901,11.166060514762558,0.3666384278003938,0.3666384278003938,0.4625980635245362,105.68518518518519,1.2777777777777777,7,108
,scpdb_apbs_cutoff_fold1_apbs_shape_apbs_full_signed,ResNet3D4LGN,apbs_shape,apbs_full_signed,ResNet3D4LGN_best_model_in_terms_of_validation_paper_f1.pth,raw,0.55,top3,3,0.7065868263473053,0.5841584158415841,0.8939393939393939,59,42,7,0.5462962962962963,0.7777777777777778,13.24124025931901,11.166060514762558,0.3666384278003938,0.3666384278003938,0.4625980635245362,105.68518518518519,1.3333333333333333,7,108
,scpdb_apbs_cutoff_fold1_apbs_shape_apbs_full_signed,ResNet3D4LGN,apbs_shape,apbs_full_signed,ResNet3D4LGN_best_model_in_terms_of_validation_paper_f1.pth,raw,0.55,top_n_plus_2,3,0.7065868263473053,0.5841584158415841,0.8939393939393939,59,42,7,0.5462962962962963,0.7777777777777778,13.24124025931901,11.166060514762558,0.3666384278003938,0.3666384278003938,0.4625980635245362,105.68518518518519,1.3333333333333333,7,108
,scpdb_apbs_cutoff_fold1_apbs_shape_apbs_full_signed,ResNet3D4LGN,apbs_shape,apbs_full_signed,ResNet3D4LGN_best_model_in_terms_of_validation_paper_f1.pth,raw,0.6,top1,1,0.6583850931677019,0.5247524752475248,0.8833333333333333,53,48,7,0.49074074074074076,0.6574074074074074,16.916107681094104,14.730585614873634,0.3323002122938004,0.3323002122938004,0.4768000128025536,102.39814814814815,0.9351851851851852,7,108
,scpdb_apbs_cutoff_fold1_apbs_shape_apbs_full_signed,ResNet3D4LGN,apbs_shape,apbs_full_signed,ResNet3D4LGN_best_model_in_terms_of_validation_paper_f1.pth,raw,0.6,top2,2,0.7065868263473053,0.5841584158415841,0.8939393939393939,59,42,7,0.5462962962962963,0.7685185185185185,13.207460162886006,11.162450772167325,0.3639405369070065,0.3639405369070065,0.45813529564403555,102.39814814814815,1.287037037037037,7,108
,scpdb_apbs_cutoff_fold1_apbs_shape_apbs_full_signed,ResNet3D4LGN,apbs_shape,apbs_full_signed,ResNet3D4LGN_best_model_in_terms_of_validation_paper_f1.pth,raw,0.6,top3,3,0.7065868263473053,0.5841584158415841,0.8939393939393939,59,42,7,0.5462962962962963,0.7685185185185185,13.207460162886006,11.162450772167325,0.3639405369070065,0.3639405369070065,0.45813529564403555,102.39814814814815,1.3425925925925926,7,108
,scpdb_apbs_cutoff_fold1_apbs_shape_apbs_full_signed,ResNet3D4LGN,apbs_shape,apbs_full_signed,ResNet3D4LGN_best_model_in_terms_of_validation_paper_f1.pth,raw,0.6,top_n_plus_2,3,0.7065868263473053,0.5841584158415841,0.8939393939393939,59,42,7,0.5462962962962963,0.7685185185185185,13.207460162886006,11.162450772167325,0.3639405369070065,0.3639405369070065,0.45813529564403555,102.39814814814815,1.3425925925925926,7,108
,scpdb_apbs_cutoff_fold1_apbs_shape_apbs_full_signed,ResNet3D4LGN,apbs_shape,apbs_full_signed,ResNet3D4LGN_best_model_in_terms_of_validation_paper_f1.pth,raw,0.7,top1,1,0.6666666666666666,0.5346534653465347,0.8852459016393442,54,47,7,0.5,0.6666666666666666,16.917102818404228,14.744347522264205,0.32978682577832785,0.32978682577832785,0.472529122469382,95.67592592592592,0.9351851851851852,7,108
,scpdb_apbs_cutoff_fold1_apbs_shape_apbs_full_signed,ResNet3D4LGN,apbs_shape,apbs_full_signed,ResNet3D4LGN_best_model_in_terms_of_validation_paper_f1.pth,raw,0.7,top2,2,0.7142857142857142,0.594059405940594,0.8955223880597015,60,41,7,0.5555555555555556,0.7592592592592593,13.276825720764407,11.24108381451778,0.35620368473625025,0.35620368473625025,0.45151025283457497,95.67592592592592,1.2962962962962963,7,108
,scpdb_apbs_cutoff_fold1_apbs_shape_apbs_full_signed,ResNet3D4LGN,apbs_shape,apbs_full_signed,ResNet3D4LGN_best_model_in_terms_of_validation_paper_f1.pth,raw,0.7,top3,3,0.7142857142857142,0.594059405940594,0.8955223880597015,60,41,7,0.5555555555555556,0.7685185185185185,13.202586036540445,11.171664401826865,0.35765393016239927,0.35765393016239927,0.45151025283457497,95.67592592592592,1.3518518518518519,7,108
,scpdb_apbs_cutoff_fold1_apbs_shape_apbs_full_signed,ResNet3D4LGN,apbs_shape,apbs_full_signed,ResNet3D4LGN_best_model_in_terms_of_validation_paper_f1.pth,raw,0.7,top_n_plus_2,3,0.7142857142857142,0.594059405940594,0.8955223880597015,60,41,7,0.5555555555555556,0.7685185185185185,13.202586036540445,11.171664401826865,0.35765393016239927,0.35765393016239927,0.45151025283457497,95.67592592592592,1.3518518518518519,7,108
,scpdb_apbs_cutoff_fold1_apbs_shape_apbs_full_signed,ResNet3D4LGN,apbs_shape,apbs_full_signed,ResNet3D4LGN_best_model_in_terms_of_validation_paper_f1.pth,raw,0.8,top1,1,0.6666666666666666,0.5346534653465347,0.8852459016393442,54,47,7,0.5,0.6666666666666666,16.90835760777443,14.738084142556213,0.3240380501439909,0.3240380501439909,0.4642444336101183,88.50925925925925,0.9351851851851852,7,108
,scpdb_apbs_cutoff_fold1_apbs_shape_apbs_full_signed,ResNet3D4LGN,apbs_shape,apbs_full_signed,ResNet3D4LGN_best_model_in_terms_of_validation_paper_f1.pth,raw,0.8,top2,2,0.7065868263473053,0.5841584158415841,0.8939393939393939,59,42,7,0.5462962962962963,0.7592592592592593,13.906839557634296,11.857024422755083,0.347585258978089,0.347585258978089,0.4484594864814781,88.50925925925925,1.25,7,108
,scpdb_apbs_cutoff_fold1_apbs_shape_apbs_full_signed,ResNet3D4LGN,apbs_shape,apbs_full_signed,ResNet3D4LGN_best_model_in_terms_of_validation_paper_f1.pth,raw,0.8,top3,3,0.7142857142857142,0.594059405940594,0.8955223880597015,60,41,7,0.5555555555555556,0.7685185185185185,13.826709399530019,11.782051392115795,0.3486140655624511,0.3486140655624511,0.44283701355863864,88.50925925925925,1.3055555555555556,7,108
,scpdb_apbs_cutoff_fold1_apbs_shape_apbs_full_signed,ResNet3D4LGN,apbs_shape,apbs_full_signed,ResNet3D4LGN_best_model_in_terms_of_validation_paper_f1.pth,raw,0.8,top_n_plus_2,3,0.7142857142857142,0.594059405940594,0.8955223880597015,60,41,7,0.5555555555555556,0.7685185185185185,13.826709399530019,11.782051392115795,0.3486140655624511,0.3486140655624511,0.44283701355863864,88.50925925925925,1.3055555555555556,7,108
,scpdb_apbs_cutoff_fold1_apbs_shape_apbs_full_signed,ResNet3D4LGN,apbs_shape,apbs_full_signed,ResNet3D4LGN_best_model_in_terms_of_validation_paper_f1.pth,raw,0.9,top1,1,0.6666666666666665,0.5454545454545454,0.8571428571428571,54,45,9,0.5,0.6666666666666666,18.874784206440047,16.76013716873945,0.31332015547897485,0.31332015547897485,0.45020125075894346,78.62962962962963,0.9166666666666666,9,108
,scpdb_apbs_cutoff_fold1_apbs_shape_apbs_full_signed,ResNet3D4LGN,apbs_shape,apbs_full_signed,ResNet3D4LGN_best_model_in_terms_of_validation_paper_f1.pth,raw,0.9,top2,2,0.7065868263473053,0.5959595959595959,0.8676470588235294,59,40,9,0.5462962962962963,0.7685185185185185,15.546674044651125,13.569703996115463,0.33578282632398326,0.33578282632398326,0.43288527288746076,78.62962962962963,1.2222222222222223,9,108
,scpdb_apbs_cutoff_fold1_apbs_shape_apbs_full_signed,ResNet3D4LGN,apbs_shape,apbs_full_signed,ResNet3D4LGN_best_model_in_terms_of_validation_paper_f1.pth,raw,0.9,top3,3,0.7065868263473053,0.5959595959595959,0.8676470588235294,59,40,9,0.5462962962962963,0.7685185185185185,15.546674044651125,13.569703996115463,0.33578282632398326,0.33578282632398326,0.43288527288746076,78.62962962962963,1.2314814814814814,9,108
,scpdb_apbs_cutoff_fold1_apbs_shape_apbs_full_signed,ResNet3D4LGN,apbs_shape,apbs_full_signed,ResNet3D4LGN_best_model_in_terms_of_validation_paper_f1.pth,raw,0.9,top_n_plus_2,3,0.7065868263473053,0.5959595959595959,0.8676470588235294,59,40,9,0.5462962962962963,0.7685185185185185,15.546674044651125,13.569703996115463,0.33578282632398326,0.33578282632398326,0.43288527288746076,78.62962962962963,1.2314814814814814,9,108
,scpdb_apbs_cutoff_fold1_apbs_shape_apbs_full_signed,ResNet3D4L,apbs_shape,apbs_full_signed,ResNet3D4L_best_model_in_terms_of_validation_paper_f1.pth,raw,0.05,top1,1,0.7065868263473054,0.5566037735849056,0.9672131147540983,59,47,2,0.5462962962962963,0.7129629629629629,11.67366088708885,9.340753443614107,0.3555475756345468,0.3555475756345468,0.49941715248215396,170.25925925925927,0.9814814814814815,2,108
,scpdb_apbs_cutoff_fold1_apbs_shape_apbs_full_signed,ResNet3D4L,apbs_shape,apbs_full_signed,ResNet3D4L_best_model_in_terms_of_validation_paper_f1.pth,raw,0.05,top2,2,0.7218934911242603,0.5754716981132075,0.9682539682539683,61,45,2,0.5648148148148148,0.7870370370370371,8.297874440322264,6.061127626288082,0.3833215860958368,0.3833215860958368,0.4938403267743235,170.25925925925927,1.3611111111111112,2,108
,scpdb_apbs_cutoff_fold1_apbs_shape_apbs_full_signed,ResNet3D4L,apbs_shape,apbs_full_signed,ResNet3D4L_best_model_in_terms_of_validation_paper_f1.pth,raw,0.05,top3,3,0.7294117647058823,0.5849056603773585,0.96875,62,44,2,0.5740740740740741,0.7962962962962963,8.047520503342087,5.828340873337705,0.3842475120217627,0.3842475120217627,0.4874880634392538,170.25925925925927,1.4814814814814814,2,108
,scpdb_apbs_cutoff_fold1_apbs_shape_apbs_full_signed,ResNet3D4L,apbs_shape,apbs_full_signed,ResNet3D4L_best_model_in_terms_of_validation_paper_f1.pth,raw,0.05,top_n_plus_2,3,0.7294117647058823,0.5849056603773585,0.96875,62,44,2,0.5740740740740741,0.7962962962962963,8.047520503342087,5.828340873337705,0.3842475120217627,0.3842475120217627,0.4874880634392538,170.25925925925927,1.4814814814814814,2,108
,scpdb_apbs_cutoff_fold1_apbs_shape_apbs_full_signed,ResNet3D4L,apbs_shape,apbs_full_signed,ResNet3D4L_best_model_in_terms_of_validation_paper_f1.pth,raw,0.1,top1,1,0.7142857142857142,0.5714285714285714,0.9523809523809523,60,45,3,0.5555555555555556,0.7314814814814815,12.553960879701064,10.237492995635689,0.36408930777266485,0.36408930777266485,0.5066639596977301,156.39814814814815,0.9722222222222222,3,108
,scpdb_apbs_cutoff_fold1_apbs_shape_apbs_full_signed,ResNet3D4L,apbs_shape,apbs_full_signed,ResNet3D4L_best_model_in_terms_of_validation_paper_f1.pth,raw,0.1,top2,2,0.7294117647058824,0.5904761904761905,0.9538461538461539,62,43,3,0.5740740740740741,0.8055555555555556,9.17810893760595,6.9542779688363145,0.39055035206351135,0.39055035206351135,0.5002092062922414,156.39814814814815,1.3333333333333333,3,108
,scpdb_apbs_cutoff_fold1_apbs_shape_apbs_full_signed,ResNet3D4L,apbs_shape,apbs_full_signed,ResNet3D4L_best_model_in_terms_of_validation_paper_f1.pth,raw,0.1,top3,3,0.7368421052631579,0.6,0.9545454545454546,63,42,3,0.5833333333333334,0.8148148148148148,8.923580252460479,6.726680699080649,0.39138131122780384,0.39138131122780384,0.4936938790454373,156.39814814814815,1.4537037037037037,3,108
,scpdb_apbs_cutoff_fold1_apbs_shape_apbs_full_signed,ResNet3D4L,apbs_shape,apbs_full_signed,ResNet3D4L_best_model_in_terms_of_validation_paper_f1.pth,raw,0.1,top_n_plus_2,3,0.7368421052631579,0.6,0.9545454545454546,63,42,3,0.5833333333333334,0.8148148148148148,8.923580252460479,6.726680699080649,0.39138131122780384,0.39138131122780384,0.4936938790454373,156.39814814814815,1.4537037037037037,3,108
,scpdb_apbs_cutoff_fold1_apbs_shape_apbs_full_signed,ResNet3D4L,apbs_shape,apbs_full_signed,ResNet3D4L_best_model_in_terms_of_validation_paper_f1.pth,raw,0.2,top1,1,0.7142857142857142,0.5714285714285714,0.9523809523809523,60,45,3,0.5555555555555556,0.7314814814814815,12.58591429232695,10.244084684388675,0.361189737408937,0.361189737408937,0.5068260114684348,143.1851851851852,0.9722222222222222,3,108
,scpdb_apbs_cutoff_fold1_apbs_shape_apbs_full_signed,ResNet3D4L,apbs_shape,apbs_full_signed,ResNet3D4L_best_model_in_terms_of_validation_paper_f1.pth,raw,0.2,top2,2,0.7368421052631579,0.6,0.9545454545454546,63,42,3,0.5833333333333334,0.8055555555555556,9.504389670943423,7.240897569273384,0.3900143757857912,0.3900143757857912,0.49988981053070103,143.1851851851852,1.3333333333333333,3,108
,scpdb_apbs_cutoff_fold1_apbs_shape_apbs_full_signed,ResNet3D4L,apbs_shape,apbs_full_signed,ResNet3D4L_best_model_in_terms_of_validation_paper_f1.pth,raw,0.2,top3,3,0.7368421052631579,0.6,0.9545454545454546,63,42,3,0.5833333333333334,0.8055555555555556,9.504389670943423,7.240897569273384,0.3900143757857912,0.3900143757857912,0.49988981053070103,143.1851851851852,1.4259259259259258,3,108
,scpdb_apbs_cutoff_fold1_apbs_shape_apbs_full_signed,ResNet3D4L,apbs_shape,apbs_full_signed,ResNet3D4L_best_model_in_terms_of_validation_paper_f1.pth,raw,0.2,top_n_plus_2,3,0.7368421052631579,0.6,0.9545454545454546,63,42,3,0.5833333333333334,0.8055555555555556,9.504389670943423,7.240897569273384,0.3900143757857912,0.3900143757857912,0.49988981053070103,143.1851851851852,1.4259259259259258,3,108
,scpdb_apbs_cutoff_fold1_apbs_shape_apbs_full_signed,ResNet3D4L,apbs_shape,apbs_full_signed,ResNet3D4L_best_model_in_terms_of_validation_paper_f1.pth,raw,0.3,top1,1,0.7065868263473054,0.5619047619047619,0.9516129032258065,59,46,3,0.5462962962962963,0.7314814814814815,12.700431748057206,10.355591367041017,0.36244791093377016,0.36244791093377016,0.5057832235190919,135.21296296296296,0.9722222222222222,3,108
,scpdb_apbs_cutoff_fold1_apbs_shape_apbs_full_signed,ResNet3D4L,apbs_shape,apbs_full_signed,ResNet3D4L_best_model_in_terms_of_validation_paper_f1.pth,raw,0.3,top2,2,0.7294117647058824,0.5904761904761905,0.9538461538461539,62,43,3,0.5740740740740741,0.8055555555555556,9.495430125476737,7.229470127783052,0.3902518777894216,0.3902518777894216,0.4980776649942456,135.21296296296296,1.3240740740740742,3,108
,scpdb_apbs_cutoff_fold1_apbs_shape_apbs_full_signed,ResNet3D4L,apbs_shape,apbs_full_signed,ResNet3D4L_best_model_in_terms_of_validation_paper_f1.pth,raw,0.3,top3,3,0.7294117647058824,0.5904761904761905,0.9538461538461539,62,43,3,0.5740740740740741,0.8055555555555556,9.495430125476737,7.229470127783052,0.3902518777894216,0.3902518777894216,0.4980776649942456,135.21296296296296,1.4074074074074074,3,108
,scpdb_apbs_cutoff_fold1_apbs_shape_apbs_full_signed,ResNet3D4L,apbs_shape,apbs_full_signed,ResNet3D4L_best_model_in_terms_of_validation_paper_f1.pth,raw,0.3,top_n_plus_2,3,0.7294117647058824,0.5904761904761905,0.9538461538461539,62,43,3,0.5740740740740741,0.8055555555555556,9.495430125476737,7.229470127783052,0.3902518777894216,0.3902518777894216,0.4980776649942456,135.21296296296296,1.4074074074074074,3,108
,scpdb_apbs_cutoff_fold1_apbs_shape_apbs_full_signed,ResNet3D4L,apbs_shape,apbs_full_signed,ResNet3D4L_best_model_in_terms_of_validation_paper_f1.pth,raw,0.35,top1,1,0.7065868263473054,0.5619047619047619,0.9516129032258065,59,46,3,0.5462962962962963,0.7222222222222222,12.704945489459329,10.349109675932413,0.3622316059196533,0.3622316059196533,0.5045831412420209,132.15740740740742,0.9722222222222222,3,108
,scpdb_apbs_cutoff_fold1_apbs_shape_apbs_full_signed,ResNet3D4L,apbs_shape,apbs_full_signed,ResNet3D4L_best_model_in_terms_of_validation_paper_f1.pth,raw,0.35,top2,2,0.7294117647058824,0.5904761904761905,0.9538461538461539,62,43,3,0.5740740740740741,0.7962962962962963,9.501713600764514,7.218816284975069,0.3893774690371185,0.3893774690371185,0.4960823711927661,132.15740740740742,1.3148148148148149,3,108
,scpdb_apbs_cutoff_fold1_apbs_shape_apbs_full_signed,ResNet3D4L,apbs_shape,apbs_full_signed,ResNet3D4L_best_model_in_terms_of_validation_paper_f1.pth,raw,0.35,top3,3,0.7294117647058824,0.5904761904761905,0.9538461538461539,62,43,3,0.5740740740740741,0.7962962962962963,9.501713600764514,7.218816284975069,0.3893774690371185,0.3893774690371185,0.4960823711927661,132.15740740740742,1.3981481481481481,3,108
,scpdb_apbs_cutoff_fold1_apbs_shape_apbs_full_signed,ResNet3D4L,apbs_shape,apbs_full_signed,ResNet3D4L_best_model_in_terms_of_validation_paper_f1.pth,raw,0.35,top_n_plus_2,3,0.7294117647058824,0.5904761904761905,0.9538461538461539,62,43,3,0.5740740740740741,0.7962962962962963,9.501713600764514,7.218816284975069,0.3893774690371185,0.3893774690371185,0.4960823711927661,132.15740740740742,1.3981481481481481,3,108
,scpdb_apbs_cutoff_fold1_apbs_shape_apbs_full_signed,ResNet3D4L,apbs_shape,apbs_full_signed,ResNet3D4L_best_model_in_terms_of_validation_paper_f1.pth,raw,0.4,top1,1,0.7065868263473054,0.5619047619047619,0.9516129032258065,59,46,3,0.5462962962962963,0.7129629629629629,12.833884651412589,10.49385544579668,0.35742782398783357,0.35742782398783357,0.5051121000567317,129.2037037037037,0.9722222222222222,3,108
,scpdb_apbs_cutoff_fold1_apbs_shape_apbs_full_signed,ResNet3D4L,apbs_shape,apbs_full_signed,ResNet3D4L_best_model_in_terms_of_validation_paper_f1.pth,raw,0.4,top2,2,0.7294117647058824,0.5904761904761905,0.9538461538461539,62,43,3,0.5740740740740741,0.7962962962962963,9.491583177676612,7.212811956656479,0.3896999232436289,0.3896999232436289,0.49616013470495424,129.2037037037037,1.3148148148148149,3,108
,scpdb_apbs_cutoff_fold1_apbs_shape_apbs_full_signed,ResNet3D4L,apbs_shape,apbs_full_signed,ResNet3D4L_best_model_in_terms_of_validation_paper_f1.pth,raw,0.4,top3,3,0.7294117647058824,0.5904761904761905,0.9538461538461539,62,43,3,0.5740740740740741,0.7962962962962963,9.491583177676612,7.212811956656479,0.3896999232436289,0.3896999232436289,0.49616013470495424,129.2037037037037,1.3888888888888888,3,108
,scpdb_apbs_cutoff_fold1_apbs_shape_apbs_full_signed,ResNet3D4L,apbs_shape,apbs_full_signed,ResNet3D4L_best_model_in_terms_of_validation_paper_f1.pth,raw,0.4,top_n_plus_2,3,0.7294117647058824,0.5904761904761905,0.9538461538461539,62,43,3,0.5740740740740741,0.7962962962962963,9.491583177676612,7.212811956656479,0.3896999232436289,0.3896999232436289,0.49616013470495424,129.2037037037037,1.3888888888888888,3,108
,scpdb_apbs_cutoff_fold1_apbs_shape_apbs_full_signed,ResNet3D4L,apbs_shape,apbs_full_signed,ResNet3D4L_best_model_in_terms_of_validation_paper_f1.pth,raw,0.45,top1,1,0.7065868263473054,0.5619047619047619,0.9516129032258065,59,46,3,0.5462962962962963,0.7129629629629629,12.98105648171226,10.649135485793183,0.35178202540889175,0.35178202540889175,0.503317914638493,126.4074074074074,0.9722222222222222,3,108
,scpdb_apbs_cutoff_fold1_apbs_shape_apbs_full_signed,ResNet3D4L,apbs_shape,apbs_full_signed,ResNet3D4L_best_model_in_terms_of_validation_paper_f1.pth,raw,0.45,top2,2,0.7294117647058824,0.5904761904761905,0.9538461538461539,62,43,3,0.5740740740740741,0.8055555555555556,9.490494413191334,7.226990921836093,0.3892876259155046,0.3892876259155046,0.49639842356518077,126.4074074074074,1.3055555555555556,3,108
,scpdb_apbs_cutoff_fold1_apbs_shape_apbs_full_signed,ResNet3D4L,apbs_shape,apbs_full_signed,ResNet3D4L_best_model_in_terms_of_validation_paper_f1.pth,raw,0.45,top3,3,0.7294117647058824,0.5904761904761905,0.9538461538461539,62,43,3,0.5740740740740741,0.8055555555555556,9.490494413191334,7.226990921836093,0.3892876259155046,0.3892876259155046,0.49639842356518077,126.4074074074074,1.3796296296296295,3,108
,scpdb_apbs_cutoff_fold1_apbs_shape_apbs_full_signed,ResNet3D4L,apbs_shape,apbs_full_signed,ResNet3D4L_best_model_in_terms_of_validation_paper_f1.pth,raw,0.45,top_n_plus_2,3,0.7294117647058824,0.5904761904761905,0.9538461538461539,62,43,3,0.5740740740740741,0.8055555555555556,9.490494413191334,7.226990921836093,0.3892876259155046,0.3892876259155046,0.49639842356518077,126.4074074074074,1.3796296296296295,3,108
,scpdb_apbs_cutoff_fold1_apbs_shape_apbs_full_signed,ResNet3D4L,apbs_shape,apbs_full_signed,ResNet3D4L_best_model_in_terms_of_validation_paper_f1.pth,raw,0.5,top1,1,0.7065868263473054,0.5619047619047619,0.9516129032258065,59,46,3,0.5462962962962963,0.7129629629629629,12.96743310387642,10.647408102187567,0.35086403002911365,0.35086403002911365,0.501602540171511,123.95370370370371,0.9722222222222222,3,108
,scpdb_apbs_cutoff_fold1_apbs_shape_apbs_full_signed,ResNet3D4L,apbs_shape,apbs_full_signed,ResNet3D4L_best_model_in_terms_of_validation_paper_f1.pth,raw,0.5,top2,2,0.7294117647058824,0.5904761904761905,0.9538461538461539,62,43,3,0.5740740740740741,0.8055555555555556,9.48495222171566,7.231459276735109,0.38784454115632544,0.38784454115632544,0.4944978402869953,123.95370370370371,1.3055555555555556,3,108
,scpdb_apbs_cutoff_fold1_apbs_shape_apbs_full_signed,ResNet3D4L,apbs_shape,apbs_full_signed,ResNet3D4L_best_model_in_terms_of_validation_paper_f1.pth,raw,0.5,top3,3,0.7294117647058824,0.5904761904761905,0.9538461538461539,62,43,3,0.5740740740740741,0.8055555555555556,9.48495222171566,7.231459276735109,0.38784454115632544,0.38784454115632544,0.4944978402869953,123.95370370370371,1.3796296296296295,3,108
,scpdb_apbs_cutoff_fold1_apbs_shape_apbs_full_signed,ResNet3D4L,apbs_shape,apbs_full_signed,ResNet3D4L_best_model_in_terms_of_validation_paper_f1.pth,raw,0.5,top_n_plus_2,3,0.7294117647058824,0.5904761904761905,0.9538461538461539,62,43,3,0.5740740740740741,0.8055555555555556,9.48495222171566,7.231459276735109,0.38784454115632544,0.38784454115632544,0.4944978402869953,123.95370370370371,1.3796296296296295,3,108
,scpdb_apbs_cutoff_fold1_apbs_shape_apbs_full_signed,ResNet3D4L,apbs_shape,apbs_full_signed,ResNet3D4L_best_model_in_terms_of_validation_paper_f1.pth,raw,0.55,top1,1,0.7142857142857142,0.5714285714285714,0.9523809523809523,60,45,3,0.5555555555555556,0.7222222222222222,12.822349148717194,10.499346883026021,0.35576636948999635,0.35576636948999635,0.5022598599134823,121.41666666666667,0.9722222222222222,3,108
,scpdb_apbs_cutoff_fold1_apbs_shape_apbs_full_signed,ResNet3D4L,apbs_shape,apbs_full_signed,ResNet3D4L_best_model_in_terms_of_validation_paper_f1.pth,raw,0.55,top2,2,0.7294117647058824,0.5904761904761905,0.9538461538461539,62,43,3,0.5740740740740741,0.8055555555555556,9.493091734301773,7.234157940921228,0.38677439358988924,0.38677439358988924,0.4929220980865006,121.41666666666667,1.3055555555555556,3,108
,scpdb_apbs_cutoff_fold1_apbs_shape_apbs_full_signed,ResNet3D4L,apbs_shape,apbs_full_signed,ResNet3D4L_best_model_in_terms_of_validation_paper_f1.pth,raw,0.55,top3,3,0.7294117647058824,0.5904761904761905,0.9538461538461539,62,43,3,0.5740740740740741,0.8055555555555556,9.493091734301773,7.234157940921228,0.38677439358988924,0.38677439358988924,0.4929220980865006,121.41666666666667,1.3796296296296295,3,108
,scpdb_apbs_cutoff_fold1_apbs_shape_apbs_full_signed,ResNet3D4L,apbs_shape,apbs_full_signed,ResNet3D4L_best_model_in_terms_of_validation_paper_f1.pth,raw,0.55,top_n_plus_2,3,0.7294117647058824,0.5904761904761905,0.9538461538461539,62,43,3,0.5740740740740741,0.8055555555555556,9.493091734301773,7.234157940921228,0.38677439358988924,0.38677439358988924,0.4929220980865006,121.41666666666667,1.3796296296296295,3,108
,scpdb_apbs_cutoff_fold1_apbs_shape_apbs_full_signed,ResNet3D4L,apbs_shape,apbs_full_signed,ResNet3D4L_best_model_in_terms_of_validation_paper_f1.pth,raw,0.6,top1,1,0.6909090909090908,0.5428571428571428,0.95,57,48,3,0.5277777777777778,0.7129629629629629,12.979076953705217,10.6589884972557,0.3495858340891382,0.3495858340891382,0.5018730241928538,118.73148148148148,0.9722222222222222,3,108
,scpdb_apbs_cutoff_fold1_apbs_shape_apbs_full_signed,ResNet3D4L,apbs_shape,apbs_full_signed,ResNet3D4L_best_model_in_terms_of_validation_paper_f1.pth,raw,0.6,top2,2,0.7142857142857142,0.5714285714285714,0.9523809523809523,60,45,3,0.5555555555555556,0.8055555555555556,9.495573174104218,7.240761355467691,0.38587533329604823,0.38587533329604823,0.49394992892708134,118.73148148148148,1.2962962962962963,3,108
,scpdb_apbs_cutoff_fold1_apbs_shape_apbs_full_signed,ResNet3D4L,apbs_shape,apbs_full_signed,ResNet3D4L_best_model_in_terms_of_validation_paper_f1.pth,raw,0.6,top3,3,0.7142857142857142,0.5714285714285714,0.9523809523809523,60,45,3,0.5555555555555556,0.8055555555555556,9.495573174104218,7.240761355467691,0.38587533329604823,0.38587533329604823,0.49394992892708134,118.73148148148148,1.3611111111111112,3,108
,scpdb_apbs_cutoff_fold1_apbs_shape_apbs_full_signed,ResNet3D4L,apbs_shape,apbs_full_signed,ResNet3D4L_best_model_in_terms_of_validation_paper_f1.pth,raw,0.6,top_n_plus_2,3,0.7142857142857142,0.5714285714285714,0.9523809523809523,60,45,3,0.5555555555555556,0.8055555555555556,9.495573174104218,7.240761355467691,0.38587533329604823,0.38587533329604823,0.49394992892708134,118.73148148148148,1.3611111111111112,3,108
,scpdb_apbs_cutoff_fold1_apbs_shape_apbs_full_signed,ResNet3D4L,apbs_shape,apbs_full_signed,ResNet3D4L_best_model_in_terms_of_validation_paper_f1.pth,raw,0.7,top1,1,0.6909090909090908,0.5428571428571428,0.95,57,48,3,0.5277777777777778,0.7129629629629629,12.978833405672471,10.645024093045878,0.3495990099377704,0.3495990099377704,0.5010840333824321,113.41666666666667,0.9722222222222222,3,108
,scpdb_apbs_cutoff_fold1_apbs_shape_apbs_full_signed,ResNet3D4L,apbs_shape,apbs_full_signed,ResNet3D4L_best_model_in_terms_of_validation_paper_f1.pth,raw,0.7,top2,2,0.7142857142857142,0.5714285714285714,0.9523809523809523,60,45,3,0.5555555555555556,0.8055555555555556,9.498993083928463,7.228050161444453,0.3842402655310099,0.3842402655310099,0.49157087606627453,113.41666666666667,1.2777777777777777,3,108
,scpdb_apbs_cutoff_fold1_apbs_shape_apbs_full_signed,ResNet3D4L,apbs_shape,apbs_full_signed,ResNet3D4L_best_model_in_terms_of_validation_paper_f1.pth,raw,0.7,top3,3,0.7142857142857142,0.5714285714285714,0.9523809523809523,60,45,3,0.5555555555555556,0.8055555555555556,9.498993083928463,7.228050161444453,0.3842402655310099,0.3842402655310099,0.49157087606627453,113.41666666666667,1.3333333333333333,3,108
,scpdb_apbs_cutoff_fold1_apbs_shape_apbs_full_signed,ResNet3D4L,apbs_shape,apbs_full_signed,ResNet3D4L_best_model_in_terms_of_validation_paper_f1.pth,raw,0.7,top_n_plus_2,3,0.7142857142857142,0.5714285714285714,0.9523809523809523,60,45,3,0.5555555555555556,0.8055555555555556,9.498993083928463,7.228050161444453,0.3842402655310099,0.3842402655310099,0.49157087606627453,113.41666666666667,1.3333333333333333,3,108
,scpdb_apbs_cutoff_fold1_apbs_shape_apbs_full_signed,ResNet3D4L,apbs_shape,apbs_full_signed,ResNet3D4L_best_model_in_terms_of_validation_paper_f1.pth,raw,0.8,top1,1,0.7142857142857142,0.5714285714285714,0.9523809523809523,60,45,3,0.5555555555555556,0.7222222222222222,12.824090760512284,10.492356393469368,0.3509513848456367,0.3509513848456367,0.49371777020447405,106.81481481481481,0.9722222222222222,3,108
,scpdb_apbs_cutoff_fold1_apbs_shape_apbs_full_signed,ResNet3D4L,apbs_shape,apbs_full_signed,ResNet3D4L_best_model_in_terms_of_validation_paper_f1.pth,raw,0.8,top2,2,0.7294117647058824,0.5904761904761905,0.9538461538461539,62,43,3,0.5740740740740741,0.7962962962962963,9.839244628789833,7.549627063993095,0.3788201680080707,0.3788201680080707,0.482620369258356,106.81481481481481,1.2685185185185186,3,108
,scpdb_apbs_cutoff_fold1_apbs_shape_apbs_full_signed,ResNet3D4L,apbs_shape,apbs_full_signed,ResNet3D4L_best_model_in_terms_of_validation_paper_f1.pth,raw,0.8,top3,3,0.7294117647058824,0.5904761904761905,0.9538461538461539,62,43,3,0.5740740740740741,0.7962962962962963,9.839244628789833,7.549627063993095,0.3788201680080707,0.3788201680080707,0.482620369258356,106.81481481481481,1.3055555555555556,3,108
,scpdb_apbs_cutoff_fold1_apbs_shape_apbs_full_signed,ResNet3D4L,apbs_shape,apbs_full_signed,ResNet3D4L_best_model_in_terms_of_validation_paper_f1.pth,raw,0.8,top_n_plus_2,3,0.7294117647058824,0.5904761904761905,0.9538461538461539,62,43,3,0.5740740740740741,0.7962962962962963,9.839244628789833,7.549627063993095,0.3788201680080707,0.3788201680080707,0.482620369258356,106.81481481481481,1.3055555555555556,3,108
,scpdb_apbs_cutoff_fold1_apbs_shape_apbs_full_signed,ResNet3D4L,apbs_shape,apbs_full_signed,ResNet3D4L_best_model_in_terms_of_validation_paper_f1.pth,raw,0.9,top1,1,0.6909090909090908,0.5588235294117647,0.9047619047619048,57,45,6,0.5277777777777778,0.7037037037037037,15.816769720182206,13.534731692601506,0.3438200102526865,0.3438200102526865,0.4882552798053452,96.98148148148148,0.9444444444444444,6,108
,scpdb_apbs_cutoff_fold1_apbs_shape_apbs_full_signed,ResNet3D4L,apbs_shape,apbs_full_signed,ResNet3D4L_best_model_in_terms_of_validation_paper_f1.pth,raw,0.9,top2,2,0.6987951807228915,0.5686274509803921,0.90625,58,44,6,0.5370370370370371,0.7685185185185185,13.246122122418818,10.96475039516573,0.3686091478802495,0.3686091478802495,0.48355289983248256,96.98148148148148,1.2037037037037037,6,108
,scpdb_apbs_cutoff_fold1_apbs_shape_apbs_full_signed,ResNet3D4L,apbs_shape,apbs_full_signed,ResNet3D4L_best_model_in_terms_of_validation_paper_f1.pth,raw,0.9,top3,3,0.6987951807228915,0.5686274509803921,0.90625,58,44,6,0.5370370370370371,0.7685185185185185,13.246122122418818,10.96475039516573,0.3686091478802495,0.3686091478802495,0.48355289983248256,96.98148148148148,1.2222222222222223,6,108
,scpdb_apbs_cutoff_fold1_apbs_shape_apbs_full_signed,ResNet3D4L,apbs_shape,apbs_full_signed,ResNet3D4L_best_model_in_terms_of_validation_paper_f1.pth,raw,0.9,top_n_plus_2,3,0.6987951807228915,0.5686274509803921,0.90625,58,44,6,0.5370370370370371,0.7685185185185185,13.246122122418818,10.96475039516573,0.3686091478802495,0.3686091478802495,0.48355289983248256,96.98148148148148,1.2222222222222223,6,108
,scpdb_apbs_cutoff_fold1_apbs_shape_apbs_full_signed,UNet3D4LA,apbs_shape,apbs_full_signed,UNet3D4LA_best_model_in_terms_of_validation_paper_f1.pth,raw,0.05,top1,1,0.6987951807228915,0.5523809523809524,0.9508196721311475,58,47,3,0.5370370370370371,0.7314814814814815,10.829493765445822,8.567678383266074,0.3800087525526045,0.3800087525526045,0.49638249075271196,188.08333333333334,0.9722222222222222,3,108
,scpdb_apbs_cutoff_fold1_apbs_shape_apbs_full_signed,UNet3D4LA,apbs_shape,apbs_full_signed,UNet3D4LA_best_model_in_terms_of_validation_paper_f1.pth,raw,0.05,top2,2,0.7218934911242604,0.580952380952381,0.953125,61,44,3,0.5648148148148148,0.7685185185185185,8.939710981275253,6.903209094829325,0.3962009136812411,0.3962009136812411,0.48908934581045743,188.08333333333334,1.3611111111111112,3,108
,scpdb_apbs_cutoff_fold1_apbs_shape_apbs_full_signed,UNet3D4LA,apbs_shape,apbs_full_signed,UNet3D4LA_best_model_in_terms_of_validation_paper_f1.pth,raw,0.05,top3,3,0.7294117647058824,0.5904761904761905,0.9538461538461539,62,43,3,0.5740740740740741,0.7777777777777778,8.558961461649771,6.5287062911630285,0.3989443979062068,0.3989443979062068,0.4859797804957129,188.08333333333334,1.4814814814814814,3,108
,scpdb_apbs_cutoff_fold1_apbs_shape_apbs_full_signed,UNet3D4LA,apbs_shape,apbs_full_signed,UNet3D4LA_best_model_in_terms_of_validation_paper_f1.pth,raw,0.05,top_n_plus_2,3,0.7294117647058824,0.5904761904761905,0.9538461538461539,62,43,3,0.5740740740740741,0.7777777777777778,8.558961461649771,6.5287062911630285,0.3989443979062068,0.3989443979062068,0.4859797804957129,188.08333333333334,1.4814814814814814,3,108
,scpdb_apbs_cutoff_fold1_apbs_shape_apbs_full_signed,UNet3D4LA,apbs_shape,apbs_full_signed,UNet3D4LA_best_model_in_terms_of_validation_paper_f1.pth,raw,0.1,top1,1,0.6909090909090908,0.5428571428571428,0.95,57,48,3,0.5277777777777778,0.7314814814814815,10.788389710236045,8.554496231427661,0.38563882242787784,0.38563882242787784,0.5090419336764729,172.7314814814815,0.9722222222222222,3,108
,scpdb_apbs_cutoff_fold1_apbs_shape_apbs_full_signed,UNet3D4LA,apbs_shape,apbs_full_signed,UNet3D4LA_best_model_in_terms_of_validation_paper_f1.pth,raw,0.1,top2,2,0.7142857142857142,0.5714285714285714,0.9523809523809523,60,45,3,0.5555555555555556,0.7685185185185185,8.919852267197623,6.904176113224689,0.4009894750906173,0.4009894750906173,0.4995096159376384,172.7314814814815,1.3703703703703705,3,108
,scpdb_apbs_cutoff_fold1_apbs_shape_apbs_full_signed,UNet3D4LA,apbs_shape,apbs_full_signed,UNet3D4LA_best_model_in_terms_of_validation_paper_f1.pth,raw,0.1,top3,3,0.7218934911242604,0.580952380952381,0.953125,61,44,3,0.5648148148148148,0.7777777777777778,8.54270456300526,6.532399789004934,0.40273650513953413,0.40273650513953413,0.49441403609084134,172.7314814814815,1.4814814814814814,3,108
,scpdb_apbs_cutoff_fold1_apbs_shape_apbs_full_signed,UNet3D4LA,apbs_shape,apbs_full_signed,UNet3D4LA_best_model_in_terms_of_validation_paper_f1.pth,raw,0.1,top_n_plus_2,3,0.7218934911242604,0.580952380952381,0.953125,61,44,3,0.5648148148148148,0.7777777777777778,8.54270456300526,6.532399789004934,0.40273650513953413,0.40273650513953413,0.49441403609084134,172.7314814814815,1.4814814814814814,3,108
,scpdb_apbs_cutoff_fold1_apbs_shape_apbs_full_signed,UNet3D4LA,apbs_shape,apbs_full_signed,UNet3D4LA_best_model_in_terms_of_validation_paper_f1.pth,raw,0.2,top1,1,0.6829268292682926,0.5333333333333333,0.9491525423728814,56,49,3,0.5185185185185185,0.7407407407407407,10.752047401559828,8.524718515979524,0.388751267614118,0.388751267614118,0.511371803718706,158.53703703703704,0.9722222222222222,3,108
,scpdb_apbs_cutoff_fold1_apbs_shape_apbs_full_signed,UNet3D4LA,apbs_shape,apbs_full_signed,UNet3D4LA_best_model_in_terms_of_validation_paper_f1.pth,raw,0.2,top2,2,0.7065868263473054,0.5619047619047619,0.9516129032258065,59,46,3,0.5462962962962963,0.7777777777777778,8.918522850186696,6.899564334627935,0.40314497331169546,0.40314497331169546,0.499593946628345,158.53703703703704,1.3518518518518519,3,108
,scpdb_apbs_cutoff_fold1_apbs_shape_apbs_full_signed,UNet3D4LA,apbs_shape,apbs_full_signed,UNet3D4LA_best_model_in_terms_of_validation_paper_f1.pth,raw,0.2,top3,3,0.7142857142857142,0.5714285714285714,0.9523809523809523,60,45,3,0.5555555555555556,0.7870370370370371,8.544504230091714,6.530715816132018,0.4045425973508289,0.4045425973508289,0.4937831041216461,158.53703703703704,1.462962962962963,3,108
,scpdb_apbs_cutoff_fold1_apbs_shape_apbs_full_signed,UNet3D4LA,apbs_shape,apbs_full_signed,UNet3D4LA_best_model_in_terms_of_validation_paper_f1.pth,raw,0.2,top_n_plus_2,3,0.7142857142857142,0.5714285714285714,0.9523809523809523,60,45,3,0.5555555555555556,0.7870370370370371,8.544504230091714,6.530715816132018,0.4045425973508289,0.4045425973508289,0.4937831041216461,158.53703703703704,1.462962962962963,3,108
,scpdb_apbs_cutoff_fold1_apbs_shape_apbs_full_signed,UNet3D4LA,apbs_shape,apbs_full_signed,UNet3D4LA_best_model_in_terms_of_validation_paper_f1.pth,raw,0.3,top1,1,0.6987951807228915,0.5523809523809524,0.9508196721311475,58,47,3,0.5370370370370371,0.7407407407407407,10.763479302687418,8.533909539056353,0.387994668802739,0.387994668802739,0.5027561967876536,149.71296296296296,0.9722222222222222,3,108
,scpdb_apbs_cutoff_fold1_apbs_shape_apbs_full_signed,UNet3D4LA,apbs_shape,apbs_full_signed,UNet3D4LA_best_model_in_terms_of_validation_paper_f1.pth,raw,0.3,top2,2,0.7218934911242604,0.580952380952381,0.953125,61,44,3,0.5648148148148148,0.7777777777777778,8.924862204425489,6.911767733180816,0.4024207001510607,0.4024207001510607,0.49135200043109056,149.71296296296296,1.3425925925925926,3,108
,scpdb_apbs_cutoff_fold1_apbs_shape_apbs_full_signed,UNet3D4LA,apbs_shape,apbs_full_signed,UNet3D4LA_best_model_in_terms_of_validation_paper_f1.pth,raw,0.3,top3,3,0.7294117647058824,0.5904761904761905,0.9538461538461539,62,43,3,0.5740740740740741,0.7870370370370371,8.551893844573355,6.551560361346514,0.40346891818041075,0.40346891818041075,0.48525289634623126,149.71296296296296,1.4444444444444444,3,108
,scpdb_apbs_cutoff_fold1_apbs_shape_apbs_full_signed,UNet3D4LA,apbs_shape,apbs_full_signed,UNet3D4LA_best_model_in_terms_of_validation_paper_f1.pth,raw,0.3,top_n_plus_2,3,0.7294117647058824,0.5904761904761905,0.9538461538461539,62,43,3,0.5740740740740741,0.7870370370370371,8.551893844573355,6.551560361346514,0.40346891818041075,0.40346891818041075,0.48525289634623126,149.71296296296296,1.4444444444444444,3,108
,scpdb_apbs_cutoff_fold1_apbs_shape_apbs_full_signed,UNet3D4LA,apbs_shape,apbs_full_signed,UNet3D4LA_best_model_in_terms_of_validation_paper_f1.pth,raw,0.35,top1,1,0.6987951807228915,0.5523809523809524,0.9508196721311475,58,47,3,0.5370370370370371,0.7407407407407407,10.755543779825414,8.534832942098058,0.38753928438710983,0.38753928438710983,0.5027498246524041,145.86111111111111,0.9722222222222222,3,108
,scpdb_apbs_cutoff_fold1_apbs_shape_apbs_full_signed,UNet3D4LA,apbs_shape,apbs_full_signed,UNet3D4LA_best_model_in_terms_of_validation_paper_f1.pth,raw,0.35,top2,2,0.7218934911242604,0.580952380952381,0.953125,61,44,3,0.5648148148148148,0.7777777777777778,8.914544913619075,6.91223902557842,0.40180796241506117,0.40180796241506117,0.49064557862778346,145.86111111111111,1.3425925925925926,3,108
,scpdb_apbs_cutoff_fold1_apbs_shape_apbs_full_signed,UNet3D4LA,apbs_shape,apbs_full_signed,UNet3D4LA_best_model_in_terms_of_validation_paper_f1.pth,raw,0.35,top3,3,0.7294117647058824,0.5904761904761905,0.9538461538461539,62,43,3,0.5740740740740741,0.7870370370370371,8.543473458922135,6.550115220793032,0.4026814774395196,0.4026814774395196,0.48425354707961776,145.86111111111111,1.4351851851851851,3,108
,scpdb_apbs_cutoff_fold1_apbs_shape_apbs_full_signed,UNet3D4LA,apbs_shape,apbs_full_signed,UNet3D4LA_best_model_in_terms_of_validation_paper_f1.pth,raw,0.35,top_n_plus_2,3,0.7294117647058824,0.5904761904761905,0.9538461538461539,62,43,3,0.5740740740740741,0.7870370370370371,8.543473458922135,6.550115220793032,0.4026814774395196,0.4026814774395196,0.48425354707961776,145.86111111111111,1.4351851851851851,3,108
,scpdb_apbs_cutoff_fold1_apbs_shape_apbs_full_signed,UNet3D4LA,apbs_shape,apbs_full_signed,UNet3D4LA_best_model_in_terms_of_validation_paper_f1.pth,raw,0.4,top1,1,0.6909090909090908,0.5428571428571428,0.95,57,48,3,0.5277777777777778,0.75,10.69433492889507,8.483120690719815,0.3883239052120638,0.3883239052120638,0.5026907010707361,142.78703703703704,0.9722222222222222,3,108
,scpdb_apbs_cutoff_fold1_apbs_shape_apbs_full_signed,UNet3D4LA,apbs_shape,apbs_full_signed,UNet3D4LA_best_model_in_terms_of_validation_paper_f1.pth,raw,0.4,top2,2,0.7142857142857142,0.5714285714285714,0.9523809523809523,60,45,3,0.5555555555555556,0.7870370370370371,8.855284548149946,6.861458738258626,0.40233246948899787,0.40233246948899787,0.4899460083177559,142.78703703703704,1.3333333333333333,3,108
,scpdb_apbs_cutoff_fold1_apbs_shape_apbs_full_signed,UNet3D4LA,apbs_shape,apbs_full_signed,UNet3D4LA_best_model_in_terms_of_validation_paper_f1.pth,raw,0.4,top3,3,0.7218934911242604,0.580952380952381,0.953125,61,44,3,0.5648148148148148,0.7962962962962963,8.487053783810493,6.501465221109729,0.40320598451345624,0.40320598451345624,0.48346065773289937,142.78703703703704,1.4351851851851851,3,108
,scpdb_apbs_cutoff_fold1_apbs_shape_apbs_full_signed,UNet3D4LA,apbs_shape,apbs_full_signed,UNet3D4LA_best_model_in_terms_of_validation_paper_f1.pth,raw,0.4,top_n_plus_2,3,0.7218934911242604,0.580952380952381,0.953125,61,44,3,0.5648148148148148,0.7962962962962963,8.487053783810493,6.501465221109729,0.40320598451345624,0.40320598451345624,0.48346065773289937,142.78703703703704,1.4351851851851851,3,108
,scpdb_apbs_cutoff_fold1_apbs_shape_apbs_full_signed,UNet3D4LA,apbs_shape,apbs_full_signed,UNet3D4LA_best_model_in_terms_of_validation_paper_f1.pth,raw,0.45,top1,1,0.6987951807228915,0.5523809523809524,0.9508196721311475,58,47,3,0.5370370370370371,0.75,10.704923112388034,8.48373700125189,0.3874563036840039,0.3874563036840039,0.49941489036325126,139.59259259259258,0.9722222222222222,3,108
,scpdb_apbs_cutoff_fold1_apbs_shape_apbs_full_signed,UNet3D4LA,apbs_shape,apbs_full_signed,UNet3D4LA_best_model_in_terms_of_validation_paper_f1.pth,raw,0.45,top2,2,0.7294117647058824,0.5904761904761905,0.9538461538461539,62,43,3,0.5740740740740741,0.7870370370370371,8.852596862523022,6.865202139854558,0.40159849006922643,0.40159849006922643,0.4878751367798392,139.59259259259258,1.3240740740740742,3,108
,scpdb_apbs_cutoff_fold1_apbs_shape_apbs_full_signed,UNet3D4LA,apbs_shape,apbs_full_signed,UNet3D4LA_best_model_in_terms_of_validation_paper_f1.pth,raw,0.45,top3,3,0.7294117647058824,0.5904761904761905,0.9538461538461539,62,43,3,0.5740740740740741,0.7870370370370371,8.639623305990868,6.653245697560824,0.40159849006922643,0.40159849006922643,0.4878751367798392,139.59259259259258,1.4166666666666667,3,108
,scpdb_apbs_cutoff_fold1_apbs_shape_apbs_full_signed,UNet3D4LA,apbs_shape,apbs_full_signed,UNet3D4LA_best_model_in_terms_of_validation_paper_f1.pth,raw,0.45,top_n_plus_2,3,0.7294117647058824,0.5904761904761905,0.9538461538461539,62,43,3,0.5740740740740741,0.7870370370370371,8.639623305990868,6.653245697560824,0.40159849006922643,0.40159849006922643,0.4878751367798392,139.59259259259258,1.4166666666666667,3,108
,scpdb_apbs_cutoff_fold1_apbs_shape_apbs_full_signed,UNet3D4LA,apbs_shape,apbs_full_signed,UNet3D4LA_best_model_in_terms_of_validation_paper_f1.pth,raw,0.5,top1,1,0.6987951807228915,0.5523809523809524,0.9508196721311475,58,47,3,0.5370370370370371,0.75,10.700986424362839,8.476912218059615,0.38559293138083134,0.38559293138083134,0.4972967263576499,136.4814814814815,0.9722222222222222,3,108
,scpdb_apbs_cutoff_fold1_apbs_shape_apbs_full_signed,UNet3D4LA,apbs_shape,apbs_full_signed,UNet3D4LA_best_model_in_terms_of_validation_paper_f1.pth,raw,0.5,top2,2,0.7294117647058824,0.5904761904761905,0.9538461538461539,62,43,3,0.5740740740740741,0.7870370370370371,8.84519274374027,6.853810027773362,0.3994507484811224,0.3994507484811224,0.4853725988519658,136.4814814814815,1.3240740740740742,3,108
,scpdb_apbs_cutoff_fold1_apbs_shape_apbs_full_signed,UNet3D4LA,apbs_shape,apbs_full_signed,UNet3D4LA_best_model_in_terms_of_validation_paper_f1.pth,raw,0.5,top3,3,0.7294117647058824,0.5904761904761905,0.9538461538461539,62,43,3,0.5740740740740741,0.7870370370370371,8.632961910542829,6.642680511979545,0.3994507484811224,0.3994507484811224,0.4853725988519658,136.4814814814815,1.4074074074074074,3,108
,scpdb_apbs_cutoff_fold1_apbs_shape_apbs_full_signed,UNet3D4LA,apbs_shape,apbs_full_signed,UNet3D4LA_best_model_in_terms_of_validation_paper_f1.pth,raw,0.5,top_n_plus_2,3,0.7294117647058824,0.5904761904761905,0.9538461538461539,62,43,3,0.5740740740740741,0.7870370370370371,8.632961910542829,6.642680511979545,0.3994507484811224,0.3994507484811224,0.4853725988519658,136.4814814814815,1.4074074074074074,3,108
,scpdb_apbs_cutoff_fold1_apbs_shape_apbs_full_signed,UNet3D4LA,apbs_shape,apbs_full_signed,UNet3D4LA_best_model_in_terms_of_validation_paper_f1.pth,raw,0.55,top1,1,0.6909090909090908,0.5428571428571428,0.95,57,48,3,0.5277777777777778,0.75,10.696055536459596,8.469367282163384,0.3848740437792394,0.3848740437792394,0.49889839570285943,133.38888888888889,0.9722222222222222,3,108
,scpdb_apbs_cutoff_fold1_apbs_shape_apbs_full_signed,UNet3D4LA,apbs_shape,apbs_full_signed,UNet3D4LA_best_model_in_terms_of_validation_paper_f1.pth,raw,0.55,top2,2,0.7218934911242604,0.580952380952381,0.953125,61,44,3,0.5648148148148148,0.7870370370370371,8.842837785895437,6.846220697437946,0.398594147536823,0.398594147536823,0.4863767173915084,133.38888888888889,1.3148148148148149,3,108
,scpdb_apbs_cutoff_fold1_apbs_shape_apbs_full_signed,UNet3D4LA,apbs_shape,apbs_full_signed,UNet3D4LA_best_model_in_terms_of_validation_paper_f1.pth,raw,0.55,top3,3,0.7218934911242604,0.580952380952381,0.953125,61,44,3,0.5648148148148148,0.7870370370370371,8.627989945889743,6.632503435247764,0.398594147536823,0.398594147536823,0.4863767173915084,133.38888888888889,1.4074074074074074,3,108
,scpdb_apbs_cutoff_fold1_apbs_shape_apbs_full_signed,UNet3D4LA,apbs_shape,apbs_full_signed,UNet3D4LA_best_model_in_terms_of_validation_paper_f1.pth,raw,0.55,top_n_plus_2,3,0.7218934911242604,0.580952380952381,0.953125,61,44,3,0.5648148148148148,0.7870370370370371,8.627989945889743,6.632503435247764,0.398594147536823,0.398594147536823,0.4863767173915084,133.38888888888889,1.4074074074074074,3,108
,scpdb_apbs_cutoff_fold1_apbs_shape_apbs_full_signed,UNet3D4LA,apbs_shape,apbs_full_signed,UNet3D4LA_best_model_in_terms_of_validation_paper_f1.pth,raw,0.6,top1,1,0.6829268292682926,0.5333333333333333,0.9491525423728814,56,49,3,0.5185185185185185,0.75,10.696017263200126,8.453461969400836,0.3833828937449067,0.3833828937449067,0.4985416469130846,130.0462962962963,0.9722222222222222,3,108
,scpdb_apbs_cutoff_fold1_apbs_shape_apbs_full_signed,UNet3D4LA,apbs_shape,apbs_full_signed,UNet3D4LA_best_model_in_terms_of_validation_paper_f1.pth,raw,0.6,top2,2,0.7065868263473054,0.5619047619047619,0.9516129032258065,59,46,3,0.5462962962962963,0.7777777777777778,9.032912082633034,6.9834532244923855,0.39658389263655003,0.39658389263655003,0.4935402465172257,130.0462962962963,1.2962962962962963,3,108
,scpdb_apbs_cutoff_fold1_apbs_shape_apbs_full_signed,UNet3D4LA,apbs_shape,apbs_full_signed,UNet3D4LA_best_model_in_terms_of_validation_paper_f1.pth,raw,0.6,top3,3,0.7065868263473054,0.5619047619047619,0.9516129032258065,59,46,3,0.5462962962962963,0.7777777777777778,8.819349495539326,6.770966050348824,0.39658389263655003,0.39658389263655003,0.4935402465172257,130.0462962962963,1.3981481481481481,3,108
,scpdb_apbs_cutoff_fold1_apbs_shape_apbs_full_signed,UNet3D4LA,apbs_shape,apbs_full_signed,UNet3D4LA_best_model_in_terms_of_validation_paper_f1.pth,raw,0.6,top_n_plus_2,3,0.7065868263473054,0.5619047619047619,0.9516129032258065,59,46,3,0.5462962962962963,0.7777777777777778,8.819349495539326,6.770966050348824,0.39658389263655003,0.39658389263655003,0.4935402465172257,130.0462962962963,1.3981481481481481,3,108
,scpdb_apbs_cutoff_fold1_apbs_shape_apbs_full_signed,UNet3D4LA,apbs_shape,apbs_full_signed,UNet3D4LA_best_model_in_terms_of_validation_paper_f1.pth,raw,0.7,top1,1,0.6909090909090909,0.5480769230769231,0.9344262295081968,57,47,4,0.5277777777777778,0.75,11.805252782257165,9.569337859555553,0.3769982839086317,0.3769982839086317,0.49514933700469754,123.51851851851852,0.9629629629629629,4,108
,scpdb_apbs_cutoff_fold1_apbs_shape_apbs_full_signed,UNet3D4LA,apbs_shape,apbs_full_signed,UNet3D4LA_best_model_in_terms_of_validation_paper_f1.pth,raw,0.7,top2,2,0.7142857142857143,0.5769230769230769,0.9375,60,44,4,0.5555555555555556,0.7870370370370371,10.007564131802846,7.969583935790378,0.39573209249833546,0.39573209249833546,0.4897268323697421,123.51851851851852,1.2962962962962963,4,108
,scpdb_apbs_cutoff_fold1_apbs_shape_apbs_full_signed,UNet3D4LA,apbs_shape,apbs_full_signed,UNet3D4LA_best_model_in_terms_of_validation_paper_f1.pth,raw,0.7,top3,3,0.7142857142857143,0.5769230769230769,0.9375,60,44,4,0.5555555555555556,0.7870370370370371,9.943063116098175,7.899179071780236,0.39573209249833546,0.39573209249833546,0.4897268323697421,123.51851851851852,1.3796296296296295,4,108
,scpdb_apbs_cutoff_fold1_apbs_shape_apbs_full_signed,UNet3D4LA,apbs_shape,apbs_full_signed,UNet3D4LA_best_model_in_terms_of_validation_paper_f1.pth,raw,0.7,top_n_plus_2,3,0.7142857142857143,0.5769230769230769,0.9375,60,44,4,0.5555555555555556,0.7870370370370371,9.943063116098175,7.899179071780236,0.39573209249833546,0.39573209249833546,0.4897268323697421,123.51851851851852,1.3796296296296295,4,108
,scpdb_apbs_cutoff_fold1_apbs_shape_apbs_full_signed,UNet3D4LA,apbs_shape,apbs_full_signed,UNet3D4LA_best_model_in_terms_of_validation_paper_f1.pth,raw,0.8,top1,1,0.6987951807228914,0.5631067961165048,0.9206349206349206,58,45,5,0.5370370370370371,0.7592592592592593,12.586311556208098,10.395392939638375,0.37039115574241016,0.37039115574241016,0.4841916601411717,115.4074074074074,0.9537037037037037,5,108
,scpdb_apbs_cutoff_fold1_apbs_shape_apbs_full_signed,UNet3D4LA,apbs_shape,apbs_full_signed,UNet3D4LA_best_model_in_terms_of_validation_paper_f1.pth,raw,0.8,top2,2,0.7294117647058823,0.6019417475728155,0.9253731343283582,62,41,5,0.5740740740740741,0.8055555555555556,10.71827502302115,8.74968401190558,0.3904138979529597,0.3904138979529597,0.4760579971143784,115.4074074074074,1.2962962962962963,5,108
,scpdb_apbs_cutoff_fold1_apbs_shape_apbs_full_signed,UNet3D4LA,apbs_shape,apbs_full_signed,UNet3D4LA_best_model_in_terms_of_validation_paper_f1.pth,raw,0.8,top3,3,0.7294117647058823,0.6019417475728155,0.9253731343283582,62,41,5,0.5740740740740741,0.8055555555555556,10.656191520789942,8.681679844982083,0.3904138979529597,0.3904138979529597,0.4760579971143784,115.4074074074074,1.3611111111111112,5,108
,scpdb_apbs_cutoff_fold1_apbs_shape_apbs_full_signed,UNet3D4LA,apbs_shape,apbs_full_signed,UNet3D4LA_best_model_in_terms_of_validation_paper_f1.pth,raw,0.8,top_n_plus_2,3,0.7294117647058823,0.6019417475728155,0.9253731343283582,62,41,5,0.5740740740740741,0.8055555555555556,10.656191520789942,8.681679844982083,0.3904138979529597,0.3904138979529597,0.4760579971143784,115.4074074074074,1.3611111111111112,5,108
,scpdb_apbs_cutoff_fold1_apbs_shape_apbs_full_signed,UNet3D4LA,apbs_shape,apbs_full_signed,UNet3D4LA_best_model_in_terms_of_validation_paper_f1.pth,raw,0.9,top1,1,0.6987951807228915,0.5686274509803921,0.90625,58,44,6,0.5370370370370371,0.7777777777777778,13.252444043381807,11.175418335767361,0.3635727595161376,0.3635727595161376,0.47288239902380436,102.78703703703704,0.9444444444444444,6,108
,scpdb_apbs_cutoff_fold1_apbs_shape_apbs_full_signed,UNet3D4LA,apbs_shape,apbs_full_signed,UNet3D4LA_best_model_in_terms_of_validation_paper_f1.pth,raw,0.9,top2,2,0.7218934911242604,0.5980392156862745,0.9104477611940298,61,41,6,0.5648148148148148,0.8333333333333334,11.669024743639993,9.730406831452282,0.38247735953226986,0.38247735953226986,0.46738759297151067,102.78703703703704,1.287037037037037,6,108
,scpdb_apbs_cutoff_fold1_apbs_shape_apbs_full_signed,UNet3D4LA,apbs_shape,apbs_full_signed,UNet3D4LA_best_model_in_terms_of_validation_paper_f1.pth,raw,0.9,top3,3,0.7218934911242604,0.5980392156862745,0.9104477611940298,61,41,6,0.5648148148148148,0.8333333333333334,11.669024743639993,9.730406831452282,0.38247735953226986,0.38247735953226986,0.46738759297151067,102.78703703703704,1.3425925925925926,6,108
,scpdb_apbs_cutoff_fold1_apbs_shape_apbs_full_signed,UNet3D4LA,apbs_shape,apbs_full_signed,UNet3D4LA_best_model_in_terms_of_validation_paper_f1.pth,raw,0.9,top_n_plus_2,3,0.7218934911242604,0.5980392156862745,0.9104477611940298,61,41,6,0.5648148148148148,0.8333333333333334,11.669024743639993,9.730406831452282,0.38247735953226986,0.38247735953226986,0.46738759297151067,102.78703703703704,1.3425925925925926,6,108
,scpdb_apbs_cutoff_fold1_apbs_shape_apbs_full_signed,UNetPlusPlus3D,apbs_shape,apbs_full_signed,UNetPlusPlus3D_best_model_in_terms_of_validation_paper_f1.pth,raw,0.05,top1,1,0.7065868263473054,0.5462962962962963,1.0,59,49,0,0.5462962962962963,0.7129629629629629,8.538166822965747,6.30075325646549,0.38709755849494354,0.38709755849494354,0.509899645250063,208.63888888888889,1.0,0,108
,scpdb_apbs_cutoff_fold1_apbs_shape_apbs_full_signed,UNetPlusPlus3D,apbs_shape,apbs_full_signed,UNetPlusPlus3D_best_model_in_terms_of_validation_paper_f1.pth,raw,0.05,top2,2,0.7142857142857143,0.5555555555555556,1.0,60,48,0,0.5555555555555556,0.7685185185185185,5.908900556237353,3.738992784748341,0.4083596265629202,0.4083596265629202,0.5073211721097387,208.63888888888889,1.4259259259259258,0,108
,scpdb_apbs_cutoff_fold1_apbs_shape_apbs_full_signed,UNetPlusPlus3D,apbs_shape,apbs_full_signed,UNetPlusPlus3D_best_model_in_terms_of_validation_paper_f1.pth,raw,0.05,top3,3,0.7142857142857143,0.5555555555555556,1.0,60,48,0,0.5555555555555556,0.7777777777777778,5.791647477058613,3.599146594667206,0.4119527719471104,0.4119527719471104,0.5073211721097387,208.63888888888889,1.537037037037037,0,108
,scpdb_apbs_cutoff_fold1_apbs_shape_apbs_full_signed,UNetPlusPlus3D,apbs_shape,apbs_full_signed,UNetPlusPlus3D_best_model_in_terms_of_validation_paper_f1.pth,raw,0.05,top_n_plus_2,3,0.7142857142857143,0.5555555555555556,1.0,60,48,0,0.5555555555555556,0.7777777777777778,5.791647477058613,3.599146594667206,0.4119527719471104,0.4119527719471104,0.5073211721097387,208.63888888888889,1.537037037037037,0,108
,scpdb_apbs_cutoff_fold1_apbs_shape_apbs_full_signed,UNetPlusPlus3D,apbs_shape,apbs_full_signed,UNetPlusPlus3D_best_model_in_terms_of_validation_paper_f1.pth,raw,0.1,top1,1,0.6987951807228916,0.5370370370370371,1.0,58,50,0,0.5370370370370371,0.7037037037037037,9.567889587738353,7.360847055474867,0.38453637840501537,0.38453637840501537,0.5206136665477518,193.03703703703704,1.0,0,108
,scpdb_apbs_cutoff_fold1_apbs_shape_apbs_full_signed,UNetPlusPlus3D,apbs_shape,apbs_full_signed,UNetPlusPlus3D_best_model_in_terms_of_validation_paper_f1.pth,raw,0.1,top2,2,0.7218934911242603,0.5648148148148148,1.0,61,47,0,0.5648148148148148,0.7777777777777778,5.982535917567919,3.835726024940811,0.4145841238002845,0.4145841238002845,0.5198678656506259,193.03703703703704,1.4166666666666667,0,108
,scpdb_apbs_cutoff_fold1_apbs_shape_apbs_full_signed,UNetPlusPlus3D,apbs_shape,apbs_full_signed,UNetPlusPlus3D_best_model_in_terms_of_validation_paper_f1.pth,raw,0.1,top3,3,0.7218934911242603,0.5648148148148148,1.0,61,47,0,0.5648148148148148,0.7962962962962963,5.740222416359683,3.5976939583335685,0.4216394238243345,0.4216394238243345,0.5198678656506259,193.03703703703704,1.5092592592592593,0,108
,scpdb_apbs_cutoff_fold1_apbs_shape_apbs_full_signed,UNetPlusPlus3D,apbs_shape,apbs_full_signed,UNetPlusPlus3D_best_model_in_terms_of_validation_paper_f1.pth,raw,0.1,top_n_plus_2,3,0.7218934911242603,0.5648148148148148,1.0,61,47,0,0.5648148148148148,0.7962962962962963,5.740222416359683,3.5976939583335685,0.4216394238243345,0.4216394238243345,0.5198678656506259,193.03703703703704,1.5092592592592593,0,108
,scpdb_apbs_cutoff_fold1_apbs_shape_apbs_full_signed,UNetPlusPlus3D,apbs_shape,apbs_full_signed,UNetPlusPlus3D_best_model_in_terms_of_validation_paper_f1.pth,raw,0.2,top1,1,0.6909090909090909,0.5327102803738317,0.9827586206896551,57,50,1,0.5277777777777778,0.7037037037037037,10.653809209483416,8.437884540788119,0.38978212062784,0.38978212062784,0.5310433743025144,176.07407407407408,0.9907407407407407,1,108
,scpdb_apbs_cutoff_fold1_apbs_shape_apbs_full_signed,UNetPlusPlus3D,apbs_shape,apbs_full_signed,UNetPlusPlus3D_best_model_in_terms_of_validation_paper_f1.pth,raw,0.2,top2,2,0.7218934911242603,0.5700934579439252,0.9838709677419355,61,46,1,0.5648148148148148,0.7777777777777778,6.822794237994982,4.7133420390289515,0.42372246396221164,0.42372246396221164,0.5284900405577583,176.07407407407408,1.4166666666666667,1,108
,scpdb_apbs_cutoff_fold1_apbs_shape_apbs_full_signed,UNetPlusPlus3D,apbs_shape,apbs_full_signed,UNetPlusPlus3D_best_model_in_terms_of_validation_paper_f1.pth,raw,0.2,top3,3,0.7218934911242603,0.5700934579439252,0.9838709677419355,61,46,1,0.5648148148148148,0.7962962962962963,6.575701341620945,4.472954253472099,0.4306210291941102,0.4306210291941102,0.5284900405577583,176.07407407407408,1.5092592592592593,1,108
,scpdb_apbs_cutoff_fold1_apbs_shape_apbs_full_signed,UNetPlusPlus3D,apbs_shape,apbs_full_signed,UNetPlusPlus3D_best_model_in_terms_of_validation_paper_f1.pth,raw,0.2,top_n_plus_2,3,0.7218934911242603,0.5700934579439252,0.9838709677419355,61,46,1,0.5648148148148148,0.7962962962962963,6.575701341620945,4.472954253472099,0.4306210291941102,0.4306210291941102,0.5284900405577583,176.07407407407408,1.5092592592592593,1,108
,scpdb_apbs_cutoff_fold1_apbs_shape_apbs_full_signed,UNetPlusPlus3D,apbs_shape,apbs_full_signed,UNetPlusPlus3D_best_model_in_terms_of_validation_paper_f1.pth,raw,0.3,top1,1,0.6987951807228916,0.5420560747663551,0.9830508474576272,58,49,1,0.5370370370370371,0.7222222222222222,9.968227281275789,7.786911655126468,0.4025526899260747,0.4025526899260747,0.5368289596951974,164.2037037037037,0.9907407407407407,1,108
,scpdb_apbs_cutoff_fold1_apbs_shape_apbs_full_signed,UNetPlusPlus3D,apbs_shape,apbs_full_signed,UNetPlusPlus3D_best_model_in_terms_of_validation_paper_f1.pth,raw,0.3,top2,2,0.7218934911242603,0.5700934579439252,0.9838709677419355,61,46,1,0.5648148148148148,0.7777777777777778,6.806289489843971,4.714481856845878,0.4267934147594483,0.4267934147594483,0.5335868995030411,164.2037037037037,1.3981481481481481,1,108
,scpdb_apbs_cutoff_fold1_apbs_shape_apbs_full_signed,UNetPlusPlus3D,apbs_shape,apbs_full_signed,UNetPlusPlus3D_best_model_in_terms_of_validation_paper_f1.pth,raw,0.3,top3,3,0.7218934911242603,0.5700934579439252,0.9838709677419355,61,46,1,0.5648148148148148,0.7962962962962963,6.558467060565389,4.474446816369402,0.4322977972713887,0.4322977972713887,0.5335868995030411,164.2037037037037,1.4814814814814814,1,108
,scpdb_apbs_cutoff_fold1_apbs_shape_apbs_full_signed,UNetPlusPlus3D,apbs_shape,apbs_full_signed,UNetPlusPlus3D_best_model_in_terms_of_validation_paper_f1.pth,raw,0.3,top_n_plus_2,3,0.7218934911242603,0.5700934579439252,0.9838709677419355,61,46,1,0.5648148148148148,0.7962962962962963,6.558467060565389,4.474446816369402,0.4322977972713887,0.4322977972713887,0.5335868995030411,164.2037037037037,1.4814814814814814,1,108
,scpdb_apbs_cutoff_fold1_apbs_shape_apbs_full_signed,UNetPlusPlus3D,apbs_shape,apbs_full_signed,UNetPlusPlus3D_best_model_in_terms_of_validation_paper_f1.pth,raw,0.35,top1,1,0.6987951807228916,0.5420560747663551,0.9830508474576272,58,49,1,0.5370370370370371,0.7314814814814815,9.771987209339976,7.6220634496332496,0.40616953562391495,0.40616953562391495,0.5388384514901229,158.9814814814815,0.9907407407407407,1,108
,scpdb_apbs_cutoff_fold1_apbs_shape_apbs_full_signed,UNetPlusPlus3D,apbs_shape,apbs_full_signed,UNetPlusPlus3D_best_model_in_terms_of_validation_paper_f1.pth,raw,0.35,top2,2,0.7218934911242603,0.5700934579439252,0.9838709677419355,61,46,1,0.5648148148148148,0.7870370370370371,6.772139809783944,4.671405264339446,0.4318147265273936,0.4318147265273936,0.5385794942604825,158.9814814814815,1.3981481481481481,1,108
,scpdb_apbs_cutoff_fold1_apbs_shape_apbs_full_signed,UNetPlusPlus3D,apbs_shape,apbs_full_signed,UNetPlusPlus3D_best_model_in_terms_of_validation_paper_f1.pth,raw,0.35,top3,3,0.7218934911242603,0.5700934579439252,0.9838709677419355,61,46,1,0.5648148148148148,0.8055555555555556,6.5252885697950616,4.4302391027598915,0.43649246756555027,0.43649246756555027,0.5385794942604825,158.9814814814815,1.4814814814814814,1,108
,scpdb_apbs_cutoff_fold1_apbs_shape_apbs_full_signed,UNetPlusPlus3D,apbs_shape,apbs_full_signed,UNetPlusPlus3D_best_model_in_terms_of_validation_paper_f1.pth,raw,0.35,top_n_plus_2,3,0.7218934911242603,0.5700934579439252,0.9838709677419355,61,46,1,0.5648148148148148,0.8055555555555556,6.5252885697950616,4.4302391027598915,0.43649246756555027,0.43649246756555027,0.5385794942604825,158.9814814814815,1.4814814814814814,1,108
,scpdb_apbs_cutoff_fold1_apbs_shape_apbs_full_signed,UNetPlusPlus3D,apbs_shape,apbs_full_signed,UNetPlusPlus3D_best_model_in_terms_of_validation_paper_f1.pth,raw,0.4,top1,1,0.6909090909090909,0.5327102803738317,0.9827586206896551,57,50,1,0.5277777777777778,0.7037037037037037,10.670757110052252,8.463888651564622,0.39385136691613126,0.39385136691613126,0.5396142992589488,153.78703703703704,0.9907407407407407,1,108
,scpdb_apbs_cutoff_fold1_apbs_shape_apbs_full_signed,UNetPlusPlus3D,apbs_shape,apbs_full_signed,UNetPlusPlus3D_best_model_in_terms_of_validation_paper_f1.pth,raw,0.4,top2,2,0.7218934911242603,0.5700934579439252,0.9838709677419355,61,46,1,0.5648148148148148,0.7870370370370371,6.766901207516025,4.666960808787086,0.4332013277770049,0.4332013277770049,0.5374969096967261,153.78703703703704,1.3888888888888888,1,108
,scpdb_apbs_cutoff_fold1_apbs_shape_apbs_full_signed,UNetPlusPlus3D,apbs_shape,apbs_full_signed,UNetPlusPlus3D_best_model_in_terms_of_validation_paper_f1.pth,raw,0.4,top3,3,0.7218934911242603,0.5700934579439252,0.9838709677419355,61,46,1,0.5648148148148148,0.8055555555555556,6.513484723991909,4.4230767744253185,0.4365814803400462,0.4365814803400462,0.5374969096967261,153.78703703703704,1.4722222222222223,1,108
,scpdb_apbs_cutoff_fold1_apbs_shape_apbs_full_signed,UNetPlusPlus3D,apbs_shape,apbs_full_signed,UNetPlusPlus3D_best_model_in_terms_of_validation_paper_f1.pth,raw,0.4,top_n_plus_2,3,0.7218934911242603,0.5700934579439252,0.9838709677419355,61,46,1,0.5648148148148148,0.8055555555555556,6.513484723991909,4.4230767744253185,0.4365814803400462,0.4365814803400462,0.5374969096967261,153.78703703703704,1.4722222222222223,1,108
,scpdb_apbs_cutoff_fold1_apbs_shape_apbs_full_signed,UNetPlusPlus3D,apbs_shape,apbs_full_signed,UNetPlusPlus3D_best_model_in_terms_of_validation_paper_f1.pth,raw,0.45,top1,1,0.7065868263473052,0.5514018691588785,0.9833333333333333,59,48,1,0.5462962962962963,0.7314814814814815,9.760466087098992,7.60491512054716,0.4075089485221718,0.4075089485221718,0.5379475255529633,148.03703703703704,0.9907407407407407,1,108
,scpdb_apbs_cutoff_fold1_apbs_shape_apbs_full_signed,UNetPlusPlus3D,apbs_shape,apbs_full_signed,UNetPlusPlus3D_best_model_in_terms_of_validation_paper_f1.pth,raw,0.45,top2,2,0.7218934911242603,0.5700934579439252,0.9838709677419355,61,46,1,0.5648148148148148,0.7870370370370371,6.912945693139973,4.795122072818184,0.43230696271145636,0.43230696271145636,0.5355825275072319,148.03703703703704,1.3888888888888888,1,108
,scpdb_apbs_cutoff_fold1_apbs_shape_apbs_full_signed,UNetPlusPlus3D,apbs_shape,apbs_full_signed,UNetPlusPlus3D_best_model_in_terms_of_validation_paper_f1.pth,raw,0.45,top3,3,0.7218934911242603,0.5700934579439252,0.9838709677419355,61,46,1,0.5648148148148148,0.7962962962962963,6.657055216165834,4.53050226958541,0.43445643361092723,0.43445643361092723,0.5355825275072319,148.03703703703704,1.462962962962963,1,108
,scpdb_apbs_cutoff_fold1_apbs_shape_apbs_full_signed,UNetPlusPlus3D,apbs_shape,apbs_full_signed,UNetPlusPlus3D_best_model_in_terms_of_validation_paper_f1.pth,raw,0.45,top_n_plus_2,3,0.7218934911242603,0.5700934579439252,0.9838709677419355,61,46,1,0.5648148148148148,0.7962962962962963,6.657055216165834,4.53050226958541,0.43445643361092723,0.43445643361092723,0.5355825275072319,148.03703703703704,1.462962962962963,1,108
,scpdb_apbs_cutoff_fold1_apbs_shape_apbs_full_signed,UNetPlusPlus3D,apbs_shape,apbs_full_signed,UNetPlusPlus3D_best_model_in_terms_of_validation_paper_f1.pth,raw,0.5,top1,1,0.7142857142857144,0.5660377358490566,0.967741935483871,60,46,2,0.5555555555555556,0.7314814814814815,10.25987557419893,8.125413686401206,0.4088607572321415,0.4088607572321415,0.5354281326301521,142.32407407407408,0.9814814814814815,2,108
,scpdb_apbs_cutoff_fold1_apbs_shape_apbs_full_signed,UNetPlusPlus3D,apbs_shape,apbs_full_signed,UNetPlusPlus3D_best_model_in_terms_of_validation_paper_f1.pth,raw,0.5,top2,2,0.7294117647058823,0.5849056603773585,0.96875,62,44,2,0.5740740740740741,0.7870370370370371,7.657463303871248,5.577880686652221,0.43157283635048255,0.43157283635048255,0.5333932289819578,142.32407407407408,1.3703703703703705,2,108
,scpdb_apbs_cutoff_fold1_apbs_shape_apbs_full_signed,UNetPlusPlus3D,apbs_shape,apbs_full_signed,UNetPlusPlus3D_best_model_in_terms_of_validation_paper_f1.pth,raw,0.5,top3,3,0.7294117647058823,0.5849056603773585,0.96875,62,44,2,0.5740740740740741,0.7962962962962963,7.403045279765253,5.313932374657765,0.43339161941926563,0.43339161941926563,0.5333932289819578,142.32407407407408,1.4537037037037037,2,108
,scpdb_apbs_cutoff_fold1_apbs_shape_apbs_full_signed,UNetPlusPlus3D,apbs_shape,apbs_full_signed,UNetPlusPlus3D_best_model_in_terms_of_validation_paper_f1.pth,raw,0.5,top_n_plus_2,3,0.7294117647058823,0.5849056603773585,0.96875,62,44,2,0.5740740740740741,0.7962962962962963,7.403045279765253,5.313932374657765,0.43339161941926563,0.43339161941926563,0.5333932289819578,142.32407407407408,1.4537037037037037,2,108
,scpdb_apbs_cutoff_fold1_apbs_shape_apbs_full_signed,UNetPlusPlus3D,apbs_shape,apbs_full_signed,UNetPlusPlus3D_best_model_in_terms_of_validation_paper_f1.pth,raw,0.55,top1,1,0.7065868263473054,0.5566037735849056,0.9672131147540983,59,47,2,0.5462962962962963,0.7407407407407407,10.002694834901044,7.819990304627366,0.408542083247151,0.408542083247151,0.5324019207408396,135.97222222222223,0.9814814814814815,2,108
,scpdb_apbs_cutoff_fold1_apbs_shape_apbs_full_signed,UNetPlusPlus3D,apbs_shape,apbs_full_signed,UNetPlusPlus3D_best_model_in_terms_of_validation_paper_f1.pth,raw,0.55,top2,2,0.7218934911242603,0.5754716981132075,0.9682539682539683,61,45,2,0.5648148148148148,0.7870370370370371,7.622654309697555,5.523102197521841,0.4306594718134949,0.4306594718134949,0.530006727173899,135.97222222222223,1.3796296296296295,2,108
,scpdb_apbs_cutoff_fold1_apbs_shape_apbs_full_signed,UNetPlusPlus3D,apbs_shape,apbs_full_signed,UNetPlusPlus3D_best_model_in_terms_of_validation_paper_f1.pth,raw,0.55,top3,3,0.7218934911242603,0.5754716981132075,0.9682539682539683,61,45,2,0.5648148148148148,0.7962962962962963,7.499617177743658,5.379145221018181,0.4325113236653468,0.4325113236653468,0.530006727173899,135.97222222222223,1.4537037037037037,2,108
,scpdb_apbs_cutoff_fold1_apbs_shape_apbs_full_signed,UNetPlusPlus3D,apbs_shape,apbs_full_signed,UNetPlusPlus3D_best_model_in_terms_of_validation_paper_f1.pth,raw,0.55,top_n_plus_2,3,0.7218934911242603,0.5754716981132075,0.9682539682539683,61,45,2,0.5648148148148148,0.7962962962962963,7.499617177743658,5.379145221018181,0.4325113236653468,0.4325113236653468,0.530006727173899,135.97222222222223,1.4537037037037037,2,108
,scpdb_apbs_cutoff_fold1_apbs_shape_apbs_full_signed,UNetPlusPlus3D,apbs_shape,apbs_full_signed,UNetPlusPlus3D_best_model_in_terms_of_validation_paper_f1.pth,raw,0.6,top1,1,0.6987951807228916,0.5471698113207547,0.9666666666666667,58,48,2,0.5370370370370371,0.7314814814814815,10.225097135406248,8.029947169060097,0.4039177765696921,0.4039177765696921,0.5305023304224379,128.15740740740742,0.9814814814814815,2,108
,scpdb_apbs_cutoff_fold1_apbs_shape_apbs_full_signed,UNetPlusPlus3D,apbs_shape,apbs_full_signed,UNetPlusPlus3D_best_model_in_terms_of_validation_paper_f1.pth,raw,0.6,top2,2,0.7142857142857144,0.5660377358490566,0.967741935483871,60,46,2,0.5555555555555556,0.7777777777777778,7.968546934251942,5.87557674693939,0.4255533072862881,0.4255533072862881,0.5280252506689558,128.15740740740742,1.3518518518518519,2,108
,scpdb_apbs_cutoff_fold1_apbs_shape_apbs_full_signed,UNetPlusPlus3D,apbs_shape,apbs_full_signed,UNetPlusPlus3D_best_model_in_terms_of_validation_paper_f1.pth,raw,0.6,top3,3,0.7218934911242603,0.5754716981132075,0.9682539682539683,61,45,2,0.5648148148148148,0.7962962962962963,7.615261234027605,5.511619688754576,0.4303976306699373,0.4303976306699373,0.5252633705235262,128.15740740740742,1.4074074074074074,2,108
,scpdb_apbs_cutoff_fold1_apbs_shape_apbs_full_signed,UNetPlusPlus3D,apbs_shape,apbs_full_signed,UNetPlusPlus3D_best_model_in_terms_of_validation_paper_f1.pth,raw,0.6,top_n_plus_2,3,0.7218934911242603,0.5754716981132075,0.9682539682539683,61,45,2,0.5648148148148148,0.7962962962962963,7.615261234027605,5.511619688754576,0.4303976306699373,0.4303976306699373,0.5252633705235262,128.15740740740742,1.4074074074074074,2,108
,scpdb_apbs_cutoff_fold1_apbs_shape_apbs_full_signed,UNetPlusPlus3D,apbs_shape,apbs_full_signed,UNetPlusPlus3D_best_model_in_terms_of_validation_paper_f1.pth,raw,0.7,top1,1,0.6987951807228916,0.5471698113207547,0.9666666666666667,58,48,2,0.5370370370370371,0.7407407407407407,10.47808999150641,8.258607371007336,0.33564879646495394,0.33564879646495394,0.4441347851986832,89.21296296296296,0.9814814814814815,2,108
,scpdb_apbs_cutoff_fold1_apbs_shape_apbs_full_signed,UNetPlusPlus3D,apbs_shape,apbs_full_signed,UNetPlusPlus3D_best_model_in_terms_of_validation_paper_f1.pth,raw,0.7,top2,2,0.7218934911242603,0.5754716981132075,0.9682539682539683,61,45,2,0.5648148148148148,0.7962962962962963,7.956206658882233,5.842567217772669,0.35404695651021156,0.35404695651021156,0.4377625582739673,89.21296296296296,1.3518518518518519,2,108
,scpdb_apbs_cutoff_fold1_apbs_shape_apbs_full_signed,UNetPlusPlus3D,apbs_shape,apbs_full_signed,UNetPlusPlus3D_best_model_in_terms_of_validation_paper_f1.pth,raw,0.7,top3,3,0.7218934911242603,0.5754716981132075,0.9682539682539683,61,45,2,0.5648148148148148,0.7962962962962963,7.956206658882233,5.842567217772669,0.35404695651021156,0.35404695651021156,0.4377625582739673,89.21296296296296,1.4166666666666667,2,108
,scpdb_apbs_cutoff_fold1_apbs_shape_apbs_full_signed,UNetPlusPlus3D,apbs_shape,apbs_full_signed,UNetPlusPlus3D_best_model_in_terms_of_validation_paper_f1.pth,raw,0.7,top_n_plus_2,3,0.7218934911242603,0.5754716981132075,0.9682539682539683,61,45,2,0.5648148148148148,0.7962962962962963,7.956206658882233,5.842567217772669,0.35404695651021156,0.35404695651021156,0.4377625582739673,89.21296296296296,1.4166666666666667,2,108
,scpdb_apbs_cutoff_fold1_apbs_shape_apbs_full_signed,UNetPlusPlus3D,apbs_shape,apbs_full_signed,UNetPlusPlus3D_best_model_in_terms_of_validation_paper_f1.pth,raw,0.8,top1,1,0.0,0.0,0.0,0,0,108,0.0,0.0,121.24355652982143,121.24355652982143,0.0,0.0,0.0,0.0,0.0,108,108
,scpdb_apbs_cutoff_fold1_apbs_shape_apbs_full_signed,UNetPlusPlus3D,apbs_shape,apbs_full_signed,UNetPlusPlus3D_best_model_in_terms_of_validation_paper_f1.pth,raw,0.8,top2,2,0.0,0.0,0.0,0,0,108,0.0,0.0,121.24355652982143,121.24355652982143,0.0,0.0,0.0,0.0,0.0,108,108
,scpdb_apbs_cutoff_fold1_apbs_shape_apbs_full_signed,UNetPlusPlus3D,apbs_shape,apbs_full_signed,UNetPlusPlus3D_best_model_in_terms_of_validation_paper_f1.pth,raw,0.8,top3,3,0.0,0.0,0.0,0,0,108,0.0,0.0,121.24355652982143,121.24355652982143,0.0,0.0,0.0,0.0,0.0,108,108
,scpdb_apbs_cutoff_fold1_apbs_shape_apbs_full_signed,UNetPlusPlus3D,apbs_shape,apbs_full_signed,UNetPlusPlus3D_best_model_in_terms_of_validation_paper_f1.pth,raw,0.8,top_n_plus_2,3,0.0,0.0,0.0,0,0,108,0.0,0.0,121.24355652982143,121.24355652982143,0.0,0.0,0.0,0.0,0.0,108,108
,scpdb_apbs_cutoff_fold1_apbs_shape_apbs_full_signed,UNetPlusPlus3D,apbs_shape,apbs_full_signed,UNetPlusPlus3D_best_model_in_terms_of_validation_paper_f1.pth,raw,0.9,top1,1,0.0,0.0,0.0,0,0,108,0.0,0.0,121.24355652982143,121.24355652982143,0.0,0.0,0.0,0.0,0.0,108,108
,scpdb_apbs_cutoff_fold1_apbs_shape_apbs_full_signed,UNetPlusPlus3D,apbs_shape,apbs_full_signed,UNetPlusPlus3D_best_model_in_terms_of_validation_paper_f1.pth,raw,0.9,top2,2,0.0,0.0,0.0,0,0,108,0.0,0.0,121.24355652982143,121.24355652982143,0.0,0.0,0.0,0.0,0.0,108,108
,scpdb_apbs_cutoff_fold1_apbs_shape_apbs_full_signed,UNetPlusPlus3D,apbs_shape,apbs_full_signed,UNetPlusPlus3D_best_model_in_terms_of_validation_paper_f1.pth,raw,0.9,top3,3,0.0,0.0,0.0,0,0,108,0.0,0.0,121.24355652982143,121.24355652982143,0.0,0.0,0.0,0.0,0.0,108,108
,scpdb_apbs_cutoff_fold1_apbs_shape_apbs_full_signed,UNetPlusPlus3D,apbs_shape,apbs_full_signed,UNetPlusPlus3D_best_model_in_terms_of_validation_paper_f1.pth,raw,0.9,top_n_plus_2,3,0.0,0.0,0.0,0,0,108,0.0,0.0,121.24355652982143,121.24355652982143,0.0,0.0,0.0,0.0,0.0,108,108
,scpdb_apbs_cutoff_fold1_apbs_shape_apbs_posneg_clip20,CBAMUNet3D,apbs_shape,apbs_posneg_clip20,CBAMUNet3D_best_model_in_terms_of_validation_paper_f1.pth,raw,0.05,top1,1,0.6500000000000001,0.5148514851485149,0.8813559322033898,52,49,7,0.48148148148148145,0.7129629629629629,15.394370723046391,13.153983969234048,0.3611297792703717,0.3611297792703717,0.5161303171224163,147.97222222222223,0.9351851851851852,7,108
,scpdb_apbs_cutoff_fold1_apbs_shape_apbs_posneg_clip20,CBAMUNet3D,apbs_shape,apbs_posneg_clip20,CBAMUNet3D_best_model_in_terms_of_validation_paper_f1.pth,raw,0.05,top2,2,0.6909090909090908,0.5643564356435643,0.890625,57,44,7,0.5277777777777778,0.7870370370370371,13.116961196802459,11.029829098075878,0.3869976283798503,0.3869976283798503,0.5019525759966972,147.97222222222223,1.1759259259259258,7,108
,scpdb_apbs_cutoff_fold1_apbs_shape_apbs_posneg_clip20,CBAMUNet3D,apbs_shape,apbs_posneg_clip20,CBAMUNet3D_best_model_in_terms_of_validation_paper_f1.pth,raw,0.05,top3,3,0.6909090909090908,0.5643564356435643,0.890625,57,44,7,0.5277777777777778,0.7870370370370371,13.116961196802459,11.029829098075878,0.3869976283798503,0.3869976283798503,0.5019525759966972,147.97222222222223,1.2314814814814814,7,108
,scpdb_apbs_cutoff_fold1_apbs_shape_apbs_posneg_clip20,CBAMUNet3D,apbs_shape,apbs_posneg_clip20,CBAMUNet3D_best_model_in_terms_of_validation_paper_f1.pth,raw,0.05,top_n_plus_2,3,0.6909090909090908,0.5643564356435643,0.890625,57,44,7,0.5277777777777778,0.7870370370370371,13.116961196802459,11.029829098075878,0.3869976283798503,0.3869976283798503,0.5019525759966972,147.97222222222223,1.2314814814814814,7,108
,scpdb_apbs_cutoff_fold1_apbs_shape_apbs_posneg_clip20,CBAMUNet3D,apbs_shape,apbs_posneg_clip20,CBAMUNet3D_best_model_in_terms_of_validation_paper_f1.pth,raw,0.1,top1,1,0.6666666666666666,0.5346534653465347,0.8852459016393442,54,47,7,0.5,0.7129629629629629,15.372622761432014,13.129586944399035,0.3673175947230983,0.3673175947230983,0.5167337446979888,136.82407407407408,0.9351851851851852,7,108
,scpdb_apbs_cutoff_fold1_apbs_shape_apbs_posneg_clip20,CBAMUNet3D,apbs_shape,apbs_posneg_clip20,CBAMUNet3D_best_model_in_terms_of_validation_paper_f1.pth,raw,0.1,top2,2,0.6987951807228915,0.5742574257425742,0.8923076923076924,58,43,7,0.5370370370370371,0.7777777777777778,13.376635764318511,11.24482010695298,0.3893687024259106,0.3893687024259106,0.5061384143833487,136.82407407407408,1.1574074074074074,7,108
,scpdb_apbs_cutoff_fold1_apbs_shape_apbs_posneg_clip20,CBAMUNet3D,apbs_shape,apbs_posneg_clip20,CBAMUNet3D_best_model_in_terms_of_validation_paper_f1.pth,raw,0.1,top3,3,0.6987951807228915,0.5742574257425742,0.8923076923076924,58,43,7,0.5370370370370371,0.7777777777777778,13.376635764318511,11.24482010695298,0.3893687024259106,0.3893687024259106,0.5061384143833487,136.82407407407408,1.1759259259259258,7,108
,scpdb_apbs_cutoff_fold1_apbs_shape_apbs_posneg_clip20,CBAMUNet3D,apbs_shape,apbs_posneg_clip20,CBAMUNet3D_best_model_in_terms_of_validation_paper_f1.pth,raw,0.1,top_n_plus_2,3,0.6987951807228915,0.5742574257425742,0.8923076923076924,58,43,7,0.5370370370370371,0.7777777777777778,13.376635764318511,11.24482010695298,0.3893687024259106,0.3893687024259106,0.5061384143833487,136.82407407407408,1.1759259259259258,7,108
,scpdb_apbs_cutoff_fold1_apbs_shape_apbs_posneg_clip20,CBAMUNet3D,apbs_shape,apbs_posneg_clip20,CBAMUNet3D_best_model_in_terms_of_validation_paper_f1.pth,raw,0.2,top1,1,0.6666666666666666,0.54,0.8709677419354839,54,46,8,0.5,0.7129629629629629,16.288769365257025,14.068996159227837,0.37058907460175206,0.37058907460175206,0.5206605449883946,125.32407407407408,0.9259259259259259,8,108
,scpdb_apbs_cutoff_fold1_apbs_shape_apbs_posneg_clip20,CBAMUNet3D,apbs_shape,apbs_posneg_clip20,CBAMUNet3D_best_model_in_terms_of_validation_paper_f1.pth,raw,0.2,top2,2,0.6909090909090909,0.57,0.8769230769230769,57,43,8,0.5277777777777778,0.7685185185185185,14.647291569193046,12.534718757327916,0.39088252727275247,0.39088252727275247,0.5148843425370422,125.32407407407408,1.1111111111111112,8,108
,scpdb_apbs_cutoff_fold1_apbs_shape_apbs_posneg_clip20,CBAMUNet3D,apbs_shape,apbs_posneg_clip20,CBAMUNet3D_best_model_in_terms_of_validation_paper_f1.pth,raw,0.2,top3,3,0.6909090909090909,0.57,0.8769230769230769,57,43,8,0.5277777777777778,0.7685185185185185,14.647291569193046,12.534718757327916,0.39088252727275247,0.39088252727275247,0.5148843425370422,125.32407407407408,1.1296296296296295,8,108
,scpdb_apbs_cutoff_fold1_apbs_shape_apbs_posneg_clip20,CBAMUNet3D,apbs_shape,apbs_posneg_clip20,CBAMUNet3D_best_model_in_terms_of_validation_paper_f1.pth,raw,0.2,top_n_plus_2,3,0.6909090909090909,0.57,0.8769230769230769,57,43,8,0.5277777777777778,0.7685185185185185,14.647291569193046,12.534718757327916,0.39088252727275247,0.39088252727275247,0.5148843425370422,125.32407407407408,1.1296296296296295,8,108
,scpdb_apbs_cutoff_fold1_apbs_shape_apbs_posneg_clip20,CBAMUNet3D,apbs_shape,apbs_posneg_clip20,CBAMUNet3D_best_model_in_terms_of_validation_paper_f1.pth,raw,0.3,top1,1,0.6909090909090909,0.57,0.8769230769230769,57,43,8,0.5277777777777778,0.7129629629629629,16.256473537429493,14.064321813513049,0.3727113825757813,0.3727113825757813,0.5214623757818729,118.43518518518519,0.9259259259259259,8,108
,scpdb_apbs_cutoff_fold1_apbs_shape_apbs_posneg_clip20,CBAMUNet3D,apbs_shape,apbs_posneg_clip20,CBAMUNet3D_best_model_in_terms_of_validation_paper_f1.pth,raw,0.3,top2,2,0.7142857142857143,0.6,0.8823529411764706,60,40,8,0.5555555555555556,0.7685185185185185,14.627764174460381,12.534355908198462,0.39189530112447024,0.39189530112447024,0.5150713684464734,118.43518518518519,1.1203703703703705,8,108
,scpdb_apbs_cutoff_fold1_apbs_shape_apbs_posneg_clip20,CBAMUNet3D,apbs_shape,apbs_posneg_clip20,CBAMUNet3D_best_model_in_terms_of_validation_paper_f1.pth,raw,0.3,top3,3,0.7142857142857143,0.6,0.8823529411764706,60,40,8,0.5555555555555556,0.7685185185185185,14.627764174460381,12.534355908198462,0.39189530112447024,0.39189530112447024,0.5150713684464734,118.43518518518519,1.1388888888888888,8,108
,scpdb_apbs_cutoff_fold1_apbs_shape_apbs_posneg_clip20,CBAMUNet3D,apbs_shape,apbs_posneg_clip20,CBAMUNet3D_best_model_in_terms_of_validation_paper_f1.pth,raw,0.3,top_n_plus_2,3,0.7142857142857143,0.6,0.8823529411764706,60,40,8,0.5555555555555556,0.7685185185185185,14.627764174460381,12.534355908198462,0.39189530112447024,0.39189530112447024,0.5150713684464734,118.43518518518519,1.1388888888888888,8,108
,scpdb_apbs_cutoff_fold1_apbs_shape_apbs_posneg_clip20,CBAMUNet3D,apbs_shape,apbs_posneg_clip20,CBAMUNet3D_best_model_in_terms_of_validation_paper_f1.pth,raw,0.35,top1,1,0.6748466257668712,0.55,0.873015873015873,55,45,8,0.5092592592592593,0.7129629629629629,16.32852992664807,14.131396893506913,0.3696406288954182,0.3696406288954182,0.5309938899209264,115.78703703703704,0.9259259259259259,8,108
,scpdb_apbs_cutoff_fold1_apbs_shape_apbs_posneg_clip20,CBAMUNet3D,apbs_shape,apbs_posneg_clip20,CBAMUNet3D_best_model_in_terms_of_validation_paper_f1.pth,raw,0.35,top2,2,0.6987951807228915,0.58,0.8787878787878788,58,42,8,0.5370370370370371,0.7685185185185185,14.955148745758764,12.795457497411507,0.39300706660049944,0.39300706660049944,0.5237244233276908,115.78703703703704,1.1111111111111112,8,108
,scpdb_apbs_cutoff_fold1_apbs_shape_apbs_posneg_clip20,CBAMUNet3D,apbs_shape,apbs_posneg_clip20,CBAMUNet3D_best_model_in_terms_of_validation_paper_f1.pth,raw,0.35,top3,3,0.6987951807228915,0.58,0.8787878787878788,58,42,8,0.5370370370370371,0.7685185185185185,14.955148745758764,12.795457497411507,0.39300706660049944,0.39300706660049944,0.5237244233276908,115.78703703703704,1.1296296296296295,8,108
,scpdb_apbs_cutoff_fold1_apbs_shape_apbs_posneg_clip20,CBAMUNet3D,apbs_shape,apbs_posneg_clip20,CBAMUNet3D_best_model_in_terms_of_validation_paper_f1.pth,raw,0.35,top_n_plus_2,3,0.6987951807228915,0.58,0.8787878787878788,58,42,8,0.5370370370370371,0.7685185185185185,14.955148745758764,12.795457497411507,0.39300706660049944,0.39300706660049944,0.5237244233276908,115.78703703703704,1.1296296296296295,8,108
,scpdb_apbs_cutoff_fold1_apbs_shape_apbs_posneg_clip20,CBAMUNet3D,apbs_shape,apbs_posneg_clip20,CBAMUNet3D_best_model_in_terms_of_validation_paper_f1.pth,raw,0.4,top1,1,0.6666666666666666,0.54,0.8709677419354839,54,46,8,0.5,0.7129629629629629,16.332072929956006,14.13438235136767,0.3695418284985274,0.3695418284985274,0.53083858917087,113.32407407407408,0.9259259259259259,8,108
,scpdb_apbs_cutoff_fold1_apbs_shape_apbs_posneg_clip20,CBAMUNet3D,apbs_shape,apbs_posneg_clip20,CBAMUNet3D_best_model_in_terms_of_validation_paper_f1.pth,raw,0.4,top2,2,0.6748466257668712,0.55,0.873015873015873,55,45,8,0.5092592592592593,0.7685185185185185,14.963990901257342,12.800485529692931,0.39253823374637264,0.39253823374637264,0.5292968541944474,113.32407407407408,1.1111111111111112,8,108
,scpdb_apbs_cutoff_fold1_apbs_shape_apbs_posneg_clip20,CBAMUNet3D,apbs_shape,apbs_posneg_clip20,CBAMUNet3D_best_model_in_terms_of_validation_paper_f1.pth,raw,0.4,top3,3,0.6748466257668712,0.55,0.873015873015873,55,45,8,0.5092592592592593,0.7685185185185185,14.963990901257342,12.800485529692931,0.39253823374637264,0.39253823374637264,0.5292968541944474,113.32407407407408,1.1296296296296295,8,108
,scpdb_apbs_cutoff_fold1_apbs_shape_apbs_posneg_clip20,CBAMUNet3D,apbs_shape,apbs_posneg_clip20,CBAMUNet3D_best_model_in_terms_of_validation_paper_f1.pth,raw,0.4,top_n_plus_2,3,0.6748466257668712,0.55,0.873015873015873,55,45,8,0.5092592592592593,0.7685185185185185,14.963990901257342,12.800485529692931,0.39253823374637264,0.39253823374637264,0.5292968541944474,113.32407407407408,1.1296296296296295,8,108
,scpdb_apbs_cutoff_fold1_apbs_shape_apbs_posneg_clip20,CBAMUNet3D,apbs_shape,apbs_posneg_clip20,CBAMUNet3D_best_model_in_terms_of_validation_paper_f1.pth,raw,0.45,top1,1,0.6666666666666666,0.54,0.8709677419354839,54,46,8,0.5,0.7129629629629629,16.332934894190572,14.14009047199654,0.36909622949575616,0.36909622949575616,0.5306389510398662,110.98148148148148,0.9259259259259259,8,108
,scpdb_apbs_cutoff_fold1_apbs_shape_apbs_posneg_clip20,CBAMUNet3D,apbs_shape,apbs_posneg_clip20,CBAMUNet3D_best_model_in_terms_of_validation_paper_f1.pth,raw,0.45,top2,2,0.6748466257668712,0.55,0.873015873015873,55,45,8,0.5092592592592593,0.7685185185185185,14.962166204514585,12.805396474580334,0.39194009487091114,0.39194009487091114,0.5289700414002925,110.98148148148148,1.1111111111111112,8,108
,scpdb_apbs_cutoff_fold1_apbs_shape_apbs_posneg_clip20,CBAMUNet3D,apbs_shape,apbs_posneg_clip20,CBAMUNet3D_best_model_in_terms_of_validation_paper_f1.pth,raw,0.45,top3,3,0.6748466257668712,0.55,0.873015873015873,55,45,8,0.5092592592592593,0.7685185185185185,14.962166204514585,12.805396474580334,0.39194009487091114,0.39194009487091114,0.5289700414002925,110.98148148148148,1.1296296296296295,8,108
,scpdb_apbs_cutoff_fold1_apbs_shape_apbs_posneg_clip20,CBAMUNet3D,apbs_shape,apbs_posneg_clip20,CBAMUNet3D_best_model_in_terms_of_validation_paper_f1.pth,raw,0.45,top_n_plus_2,3,0.6748466257668712,0.55,0.873015873015873,55,45,8,0.5092592592592593,0.7685185185185185,14.962166204514585,12.805396474580334,0.39194009487091114,0.39194009487091114,0.5289700414002925,110.98148148148148,1.1296296296296295,8,108
,scpdb_apbs_cutoff_fold1_apbs_shape_apbs_posneg_clip20,CBAMUNet3D,apbs_shape,apbs_posneg_clip20,CBAMUNet3D_best_model_in_terms_of_validation_paper_f1.pth,raw,0.5,top1,1,0.6666666666666666,0.54,0.8709677419354839,54,46,8,0.5,0.7129629629629629,16.33321243822354,14.14095796127824,0.36801022831862745,0.36801022831862745,0.5327611264632364,108.67592592592592,0.9259259259259259,8,108
,scpdb_apbs_cutoff_fold1_apbs_shape_apbs_posneg_clip20,CBAMUNet3D,apbs_shape,apbs_posneg_clip20,CBAMUNet3D_best_model_in_terms_of_validation_paper_f1.pth,raw,0.5,top2,2,0.6748466257668712,0.55,0.873015873015873,55,45,8,0.5092592592592593,0.7592592592592593,15.293958202247083,13.114916015842246,0.39040050938107673,0.39040050938107673,0.531053631815965,108.67592592592592,1.0925925925925926,8,108
,scpdb_apbs_cutoff_fold1_apbs_shape_apbs_posneg_clip20,CBAMUNet3D,apbs_shape,apbs_posneg_clip20,CBAMUNet3D_best_model_in_terms_of_validation_paper_f1.pth,raw,0.5,top3,3,0.6748466257668712,0.55,0.873015873015873,55,45,8,0.5092592592592593,0.7592592592592593,15.293958202247083,13.114916015842246,0.39040050938107673,0.39040050938107673,0.531053631815965,108.67592592592592,1.1111111111111112,8,108
,scpdb_apbs_cutoff_fold1_apbs_shape_apbs_posneg_clip20,CBAMUNet3D,apbs_shape,apbs_posneg_clip20,CBAMUNet3D_best_model_in_terms_of_validation_paper_f1.pth,raw,0.5,top_n_plus_2,3,0.6748466257668712,0.55,0.873015873015873,55,45,8,0.5092592592592593,0.7592592592592593,15.293958202247083,13.114916015842246,0.39040050938107673,0.39040050938107673,0.531053631815965,108.67592592592592,1.1111111111111112,8,108
,scpdb_apbs_cutoff_fold1_apbs_shape_apbs_posneg_clip20,CBAMUNet3D,apbs_shape,apbs_posneg_clip20,CBAMUNet3D_best_model_in_terms_of_validation_paper_f1.pth,raw,0.55,top1,1,0.6666666666666666,0.54,0.8709677419354839,54,46,8,0.5,0.7129629629629629,16.405269950704653,14.189125414723199,0.36454021761832395,0.36454021761832395,0.5317554686407971,106.25,0.9259259259259259,8,108
,scpdb_apbs_cutoff_fold1_apbs_shape_apbs_posneg_clip20,CBAMUNet3D,apbs_shape,apbs_posneg_clip20,CBAMUNet3D_best_model_in_terms_of_validation_paper_f1.pth,raw,0.55,top2,2,0.6748466257668712,0.55,0.873015873015873,55,45,8,0.5092592592592593,0.7685185185185185,15.244029474190368,13.057967900262028,0.39108387698026903,0.39108387698026903,0.5296738453391527,106.25,1.1018518518518519,8,108
,scpdb_apbs_cutoff_fold1_apbs_shape_apbs_posneg_clip20,CBAMUNet3D,apbs_shape,apbs_posneg_clip20,CBAMUNet3D_best_model_in_terms_of_validation_paper_f1.pth,raw,0.55,top3,3,0.6748466257668712,0.55,0.873015873015873,55,45,8,0.5092592592592593,0.7685185185185185,15.244029474190368,13.057967900262028,0.39108387698026903,0.39108387698026903,0.5296738453391527,106.25,1.1203703703703705,8,108
,scpdb_apbs_cutoff_fold1_apbs_shape_apbs_posneg_clip20,CBAMUNet3D,apbs_shape,apbs_posneg_clip20,CBAMUNet3D_best_model_in_terms_of_validation_paper_f1.pth,raw,0.55,top_n_plus_2,3,0.6748466257668712,0.55,0.873015873015873,55,45,8,0.5092592592592593,0.7685185185185185,15.244029474190368,13.057967900262028,0.39108387698026903,0.39108387698026903,0.5296738453391527,106.25,1.1203703703703705,8,108
,scpdb_apbs_cutoff_fold1_apbs_shape_apbs_posneg_clip20,CBAMUNet3D,apbs_shape,apbs_posneg_clip20,CBAMUNet3D_best_model_in_terms_of_validation_paper_f1.pth,raw,0.6,top1,1,0.6666666666666666,0.54,0.8709677419354839,54,46,8,0.5,0.7129629629629629,16.40600538060717,14.194853682070642,0.364068325693106,0.364068325693106,0.5272018889862551,103.77777777777777,0.9259259259259259,8,108
,scpdb_apbs_cutoff_fold1_apbs_shape_apbs_posneg_clip20,CBAMUNet3D,apbs_shape,apbs_posneg_clip20,CBAMUNet3D_best_model_in_terms_of_validation_paper_f1.pth,raw,0.6,top2,2,0.6748466257668712,0.55,0.873015873015873,55,45,8,0.5092592592592593,0.7685185185185185,15.244043050657663,13.061963243340356,0.3902823793066952,0.3902823793066952,0.5250722535946147,103.77777777777777,1.1018518518518519,8,108
,scpdb_apbs_cutoff_fold1_apbs_shape_apbs_posneg_clip20,CBAMUNet3D,apbs_shape,apbs_posneg_clip20,CBAMUNet3D_best_model_in_terms_of_validation_paper_f1.pth,raw,0.6,top3,3,0.6748466257668712,0.55,0.873015873015873,55,45,8,0.5092592592592593,0.7685185185185185,15.244043050657663,13.061963243340356,0.3902823793066952,0.3902823793066952,0.5250722535946147,103.77777777777777,1.1203703703703705,8,108
,scpdb_apbs_cutoff_fold1_apbs_shape_apbs_posneg_clip20,CBAMUNet3D,apbs_shape,apbs_posneg_clip20,CBAMUNet3D_best_model_in_terms_of_validation_paper_f1.pth,raw,0.6,top_n_plus_2,3,0.6748466257668712,0.55,0.873015873015873,55,45,8,0.5092592592592593,0.7685185185185185,15.244043050657663,13.061963243340356,0.3902823793066952,0.3902823793066952,0.5250722535946147,103.77777777777777,1.1203703703703705,8,108
,scpdb_apbs_cutoff_fold1_apbs_shape_apbs_posneg_clip20,CBAMUNet3D,apbs_shape,apbs_posneg_clip20,CBAMUNet3D_best_model_in_terms_of_validation_paper_f1.pth,raw,0.7,top1,1,0.6748466257668712,0.5555555555555556,0.859375,55,44,9,0.5092592592592593,0.7129629629629629,17.246718299097953,15.077399728844924,0.3607577805123237,0.3607577805123237,0.5157448001483786,99.06481481481481,0.9166666666666666,9,108
,scpdb_apbs_cutoff_fold1_apbs_shape_apbs_posneg_clip20,CBAMUNet3D,apbs_shape,apbs_posneg_clip20,CBAMUNet3D_best_model_in_terms_of_validation_paper_f1.pth,raw,0.7,top2,2,0.6829268292682926,0.5656565656565656,0.8615384615384616,56,43,9,0.5185185185185185,0.7685185185185185,16.08071126849772,13.940666464551372,0.38584536421181487,0.38584536421181487,0.5128300356030773,99.06481481481481,1.0925925925925926,9,108
,scpdb_apbs_cutoff_fold1_apbs_shape_apbs_posneg_clip20,CBAMUNet3D,apbs_shape,apbs_posneg_clip20,CBAMUNet3D_best_model_in_terms_of_validation_paper_f1.pth,raw,0.7,top3,3,0.6829268292682926,0.5656565656565656,0.8615384615384616,56,43,9,0.5185185185185185,0.7685185185185185,16.08071126849772,13.940666464551372,0.38584536421181487,0.38584536421181487,0.5128300356030773,99.06481481481481,1.0925925925925926,9,108
,scpdb_apbs_cutoff_fold1_apbs_shape_apbs_posneg_clip20,CBAMUNet3D,apbs_shape,apbs_posneg_clip20,CBAMUNet3D_best_model_in_terms_of_validation_paper_f1.pth,raw,0.7,top_n_plus_2,3,0.6829268292682926,0.5656565656565656,0.8615384615384616,56,43,9,0.5185185185185185,0.7685185185185185,16.08071126849772,13.940666464551372,0.38584536421181487,0.38584536421181487,0.5128300356030773,99.06481481481481,1.0925925925925926,9,108
,scpdb_apbs_cutoff_fold1_apbs_shape_apbs_posneg_clip20,CBAMUNet3D,apbs_shape,apbs_posneg_clip20,CBAMUNet3D_best_model_in_terms_of_validation_paper_f1.pth,raw,0.8,top1,1,0.6748466257668712,0.5555555555555556,0.859375,55,44,9,0.5092592592592593,0.7222222222222222,17.102121533291534,14.922685467895208,0.3630176477783355,0.3630176477783355,0.5154965034583179,93.3425925925926,0.9166666666666666,9,108
,scpdb_apbs_cutoff_fold1_apbs_shape_apbs_posneg_clip20,CBAMUNet3D,apbs_shape,apbs_posneg_clip20,CBAMUNet3D_best_model_in_terms_of_validation_paper_f1.pth,raw,0.8,top2,2,0.6829268292682926,0.5656565656565656,0.8615384615384616,56,43,9,0.5185185185185185,0.7685185185185185,16.078762537529467,13.925846728636449,0.3817390230834813,0.3817390230834813,0.5122007668215364,93.3425925925926,1.1018518518518519,9,108
,scpdb_apbs_cutoff_fold1_apbs_shape_apbs_posneg_clip20,CBAMUNet3D,apbs_shape,apbs_posneg_clip20,CBAMUNet3D_best_model_in_terms_of_validation_paper_f1.pth,raw,0.8,top3,3,0.6829268292682926,0.5656565656565656,0.8615384615384616,56,43,9,0.5185185185185185,0.7685185185185185,16.078762537529467,13.925846728636449,0.3817390230834813,0.3817390230834813,0.5122007668215364,93.3425925925926,1.1018518518518519,9,108
,scpdb_apbs_cutoff_fold1_apbs_shape_apbs_posneg_clip20,CBAMUNet3D,apbs_shape,apbs_posneg_clip20,CBAMUNet3D_best_model_in_terms_of_validation_paper_f1.pth,raw,0.8,top_n_plus_2,3,0.6829268292682926,0.5656565656565656,0.8615384615384616,56,43,9,0.5185185185185185,0.7685185185185185,16.078762537529467,13.925846728636449,0.3817390230834813,0.3817390230834813,0.5122007668215364,93.3425925925926,1.1018518518518519,9,108
,scpdb_apbs_cutoff_fold1_apbs_shape_apbs_posneg_clip20,CBAMUNet3D,apbs_shape,apbs_posneg_clip20,CBAMUNet3D_best_model_in_terms_of_validation_paper_f1.pth,raw,0.9,top1,1,0.6829268292682926,0.5656565656565656,0.8615384615384616,56,43,9,0.5185185185185185,0.7222222222222222,17.095143418244977,14.908312950996773,0.3555022922218015,0.3555022922218015,0.49836092450998687,85.0925925925926,0.9166666666666666,9,108
,scpdb_apbs_cutoff_fold1_apbs_shape_apbs_posneg_clip20,CBAMUNet3D,apbs_shape,apbs_posneg_clip20,CBAMUNet3D_best_model_in_terms_of_validation_paper_f1.pth,raw,0.9,top2,2,0.6909090909090909,0.5757575757575758,0.8636363636363636,57,42,9,0.5277777777777778,0.7685185185185185,16.074105164341965,13.915298857188732,0.3731330914300553,0.3731330914300553,0.4949187727357993,85.0925925925926,1.1018518518518519,9,108
,scpdb_apbs_cutoff_fold1_apbs_shape_apbs_posneg_clip20,CBAMUNet3D,apbs_shape,apbs_posneg_clip20,CBAMUNet3D_best_model_in_terms_of_validation_paper_f1.pth,raw,0.9,top3,3,0.6909090909090909,0.5757575757575758,0.8636363636363636,57,42,9,0.5277777777777778,0.7685185185185185,16.074105164341965,13.915298857188732,0.3731330914300553,0.3731330914300553,0.4949187727357993,85.0925925925926,1.1018518518518519,9,108
,scpdb_apbs_cutoff_fold1_apbs_shape_apbs_posneg_clip20,CBAMUNet3D,apbs_shape,apbs_posneg_clip20,CBAMUNet3D_best_model_in_terms_of_validation_paper_f1.pth,raw,0.9,top_n_plus_2,3,0.6909090909090909,0.5757575757575758,0.8636363636363636,57,42,9,0.5277777777777778,0.7685185185185185,16.074105164341965,13.915298857188732,0.3731330914300553,0.3731330914300553,0.4949187727357993,85.0925925925926,1.1018518518518519,9,108
,scpdb_apbs_cutoff_fold1_apbs_shape_apbs_posneg_clip20,ResNet3D4LGN,apbs_shape,apbs_posneg_clip20,ResNet3D4LGN_best_model_in_terms_of_validation_paper_f1.pth,raw,0.05,top1,1,0.588235294117647,0.4205607476635514,0.9782608695652174,45,62,1,0.4166666666666667,0.6944444444444444,11.07004412963611,8.50265662781048,0.35134180888700123,0.35134180888700123,0.4907019658543358,175.2037037037037,0.9907407407407407,1,108
,scpdb_apbs_cutoff_fold1_apbs_shape_apbs_posneg_clip20,ResNet3D4LGN,apbs_shape,apbs_posneg_clip20,ResNet3D4LGN_best_model_in_terms_of_validation_paper_f1.pth,raw,0.05,top2,2,0.6415094339622641,0.4766355140186916,0.9807692307692307,51,56,1,0.4722222222222222,0.7962962962962963,6.881741334020033,4.525122163262002,0.3879775535509132,0.3879775535509132,0.46929581408482146,175.2037037037037,1.5648148148148149,1,108
,scpdb_apbs_cutoff_fold1_apbs_shape_apbs_posneg_clip20,ResNet3D4LGN,apbs_shape,apbs_posneg_clip20,ResNet3D4LGN_best_model_in_terms_of_validation_paper_f1.pth,raw,0.05,top3,3,0.6499999999999999,0.48598130841121495,0.9811320754716981,52,55,1,0.48148148148148145,0.8055555555555556,6.587867746055525,4.252601348993663,0.38982940540276495,0.38982940540276495,0.4641170484293441,175.2037037037037,1.8148148148148149,1,108
,scpdb_apbs_cutoff_fold1_apbs_shape_apbs_posneg_clip20,ResNet3D4LGN,apbs_shape,apbs_posneg_clip20,ResNet3D4LGN_best_model_in_terms_of_validation_paper_f1.pth,raw,0.05,top_n_plus_2,3,0.6499999999999999,0.48598130841121495,0.9811320754716981,52,55,1,0.48148148148148145,0.8055555555555556,6.587867746055525,4.252601348993663,0.38982940540276495,0.38982940540276495,0.4641170484293441,175.2037037037037,1.8148148148148149,1,108
,scpdb_apbs_cutoff_fold1_apbs_shape_apbs_posneg_clip20,ResNet3D4LGN,apbs_shape,apbs_posneg_clip20,ResNet3D4LGN_best_model_in_terms_of_validation_paper_f1.pth,raw,0.1,top1,1,0.588235294117647,0.42857142857142855,0.9375,45,60,3,0.4166666666666667,0.6851851851851852,12.895771743981278,10.490988750004012,0.350914474877946,0.350914474877946,0.49299325530991117,155.36111111111111,0.9722222222222222,3,108
,scpdb_apbs_cutoff_fold1_apbs_shape_apbs_posneg_clip20,ResNet3D4LGN,apbs_shape,apbs_posneg_clip20,ResNet3D4LGN_best_model_in_terms_of_validation_paper_f1.pth,raw,0.1,top2,2,0.6415094339622641,0.4857142857142857,0.9444444444444444,51,54,3,0.4722222222222222,0.7870370370370371,9.001921121543687,6.808008577181003,0.3904271417595417,0.3904271417595417,0.4775215993169034,155.36111111111111,1.4814814814814814,3,108
,scpdb_apbs_cutoff_fold1_apbs_shape_apbs_posneg_clip20,ResNet3D4LGN,apbs_shape,apbs_posneg_clip20,ResNet3D4LGN_best_model_in_terms_of_validation_paper_f1.pth,raw,0.1,top3,3,0.6415094339622641,0.4857142857142857,0.9444444444444444,51,54,3,0.4722222222222222,0.7870370370370371,8.89977307232731,6.702628594437597,0.3904271417595417,0.3904271417595417,0.4775215993169034,155.36111111111111,1.6851851851851851,3,108
,scpdb_apbs_cutoff_fold1_apbs_shape_apbs_posneg_clip20,ResNet3D4LGN,apbs_shape,apbs_posneg_clip20,ResNet3D4LGN_best_model_in_terms_of_validation_paper_f1.pth,raw,0.1,top_n_plus_2,3,0.6415094339622641,0.4857142857142857,0.9444444444444444,51,54,3,0.4722222222222222,0.7870370370370371,8.89977307232731,6.702628594437597,0.3904271417595417,0.3904271417595417,0.4775215993169034,155.36111111111111,1.6851851851851851,3,108
,scpdb_apbs_cutoff_fold1_apbs_shape_apbs_posneg_clip20,ResNet3D4LGN,apbs_shape,apbs_posneg_clip20,ResNet3D4LGN_best_model_in_terms_of_validation_paper_f1.pth,raw,0.2,top1,1,0.624203821656051,0.4666666666666667,0.9423076923076923,49,56,3,0.4537037037037037,0.6944444444444444,12.5871364295802,10.271019254518505,0.3546983876362558,0.3546983876362558,0.4910787287231999,137.53703703703704,0.9722222222222222,3,108
,scpdb_apbs_cutoff_fold1_apbs_shape_apbs_posneg_clip20,ResNet3D4LGN,apbs_shape,apbs_posneg_clip20,ResNet3D4LGN_best_model_in_terms_of_validation_paper_f1.pth,raw,0.2,top2,2,0.6666666666666666,0.5142857142857142,0.9473684210526315,54,51,3,0.5,0.7870370370370371,9.015146060115795,6.8649113507738155,0.38792740341182425,0.38792740341182425,0.4788955540481695,137.53703703703704,1.4537037037037037,3,108
,scpdb_apbs_cutoff_fold1_apbs_shape_apbs_posneg_clip20,ResNet3D4LGN,apbs_shape,apbs_posneg_clip20,ResNet3D4LGN_best_model_in_terms_of_validation_paper_f1.pth,raw,0.2,top3,3,0.6666666666666666,0.5142857142857142,0.9473684210526315,54,51,3,0.5,0.7962962962962963,8.800432460193562,6.668671595733933,0.39042028090470177,0.39042028090470177,0.4788955540481695,137.53703703703704,1.6296296296296295,3,108
,scpdb_apbs_cutoff_fold1_apbs_shape_apbs_posneg_clip20,ResNet3D4LGN,apbs_shape,apbs_posneg_clip20,ResNet3D4LGN_best_model_in_terms_of_validation_paper_f1.pth,raw,0.2,top_n_plus_2,3,0.6666666666666666,0.5142857142857142,0.9473684210526315,54,51,3,0.5,0.7962962962962963,8.800432460193562,6.668671595733933,0.39042028090470177,0.39042028090470177,0.4788955540481695,137.53703703703704,1.6296296296296295,3,108
,scpdb_apbs_cutoff_fold1_apbs_shape_apbs_posneg_clip20,ResNet3D4LGN,apbs_shape,apbs_posneg_clip20,ResNet3D4LGN_best_model_in_terms_of_validation_paper_f1.pth,raw,0.3,top1,1,0.6415094339622641,0.4857142857142857,0.9444444444444444,51,54,3,0.4722222222222222,0.6944444444444444,12.782903247677586,10.413617750334005,0.35375745566754047,0.35375745566754047,0.49187977644521413,126.62962962962963,0.9722222222222222,3,108
,scpdb_apbs_cutoff_fold1_apbs_shape_apbs_posneg_clip20,ResNet3D4LGN,apbs_shape,apbs_posneg_clip20,ResNet3D4LGN_best_model_in_terms_of_validation_paper_f1.pth,raw,0.3,top2,2,0.6829268292682926,0.5333333333333333,0.9491525423728814,56,49,3,0.5185185185185185,0.7870370370370371,9.135003089000394,6.914011603372905,0.3845093680417758,0.3845093680417758,0.4774368768400644,126.62962962962963,1.4444444444444444,3,108
,scpdb_apbs_cutoff_fold1_apbs_shape_apbs_posneg_clip20,ResNet3D4LGN,apbs_shape,apbs_posneg_clip20,ResNet3D4LGN_best_model_in_terms_of_validation_paper_f1.pth,raw,0.3,top3,3,0.6829268292682926,0.5333333333333333,0.9491525423728814,56,49,3,0.5185185185185185,0.8055555555555556,8.7578135132966,6.601294359594716,0.3886808164855247,0.3886808164855247,0.4774368768400644,126.62962962962963,1.5740740740740742,3,108
,scpdb_apbs_cutoff_fold1_apbs_shape_apbs_posneg_clip20,ResNet3D4LGN,apbs_shape,apbs_posneg_clip20,ResNet3D4LGN_best_model_in_terms_of_validation_paper_f1.pth,raw,0.3,top_n_plus_2,3,0.6829268292682926,0.5333333333333333,0.9491525423728814,56,49,3,0.5185185185185185,0.8055555555555556,8.7578135132966,6.601294359594716,0.3886808164855247,0.3886808164855247,0.4774368768400644,126.62962962962963,1.5740740740740742,3,108
,scpdb_apbs_cutoff_fold1_apbs_shape_apbs_posneg_clip20,ResNet3D4LGN,apbs_shape,apbs_posneg_clip20,ResNet3D4LGN_best_model_in_terms_of_validation_paper_f1.pth,raw,0.35,top1,1,0.6415094339622641,0.4857142857142857,0.9444444444444444,51,54,3,0.4722222222222222,0.7037037037037037,12.508343019851477,10.179206269731814,0.3552875133306287,0.3552875133306287,0.48737147348063303,122.32407407407408,0.9722222222222222,3,108
,scpdb_apbs_cutoff_fold1_apbs_shape_apbs_posneg_clip20,ResNet3D4LGN,apbs_shape,apbs_posneg_clip20,ResNet3D4LGN_best_model_in_terms_of_validation_paper_f1.pth,raw,0.35,top2,2,0.6748466257668712,0.5238095238095238,0.9482758620689655,55,50,3,0.5092592592592593,0.7870370370370371,9.12487211739867,6.9003181055187826,0.38363603811952013,0.38363603811952013,0.47814123824093124,122.32407407407408,1.3981481481481481,3,108
,scpdb_apbs_cutoff_fold1_apbs_shape_apbs_posneg_clip20,ResNet3D4LGN,apbs_shape,apbs_posneg_clip20,ResNet3D4LGN_best_model_in_terms_of_validation_paper_f1.pth,raw,0.35,top3,3,0.6748466257668712,0.5238095238095238,0.9482758620689655,55,50,3,0.5092592592592593,0.8055555555555556,8.857661085519759,6.695789316374792,0.3874643345010079,0.3874643345010079,0.47814123824093124,122.32407407407408,1.5092592592592593,3,108
,scpdb_apbs_cutoff_fold1_apbs_shape_apbs_posneg_clip20,ResNet3D4LGN,apbs_shape,apbs_posneg_clip20,ResNet3D4LGN_best_model_in_terms_of_validation_paper_f1.pth,raw,0.35,top_n_plus_2,3,0.6748466257668712,0.5238095238095238,0.9482758620689655,55,50,3,0.5092592592592593,0.8055555555555556,8.857661085519759,6.695789316374792,0.3874643345010079,0.3874643345010079,0.47814123824093124,122.32407407407408,1.5092592592592593,3,108
,scpdb_apbs_cutoff_fold1_apbs_shape_apbs_posneg_clip20,ResNet3D4LGN,apbs_shape,apbs_posneg_clip20,ResNet3D4LGN_best_model_in_terms_of_validation_paper_f1.pth,raw,0.4,top1,1,0.6583850931677019,0.5047619047619047,0.9464285714285714,53,52,3,0.49074074074074076,0.7037037037037037,12.511720069385955,10.176935433089758,0.35359801473225133,0.35359801473225133,0.4840957194245384,118.44444444444444,0.9722222222222222,3,108
,scpdb_apbs_cutoff_fold1_apbs_shape_apbs_posneg_clip20,ResNet3D4LGN,apbs_shape,apbs_posneg_clip20,ResNet3D4LGN_best_model_in_terms_of_validation_paper_f1.pth,raw,0.4,top2,2,0.6909090909090908,0.5428571428571428,0.95,57,48,3,0.5277777777777778,0.7870370370370371,9.134413236433083,6.8950451450421895,0.3815599428243197,0.3815599428243197,0.4748551641166014,118.44444444444444,1.3888888888888888,3,108
,scpdb_apbs_cutoff_fold1_apbs_shape_apbs_posneg_clip20,ResNet3D4LGN,apbs_shape,apbs_posneg_clip20,ResNet3D4LGN_best_model_in_terms_of_validation_paper_f1.pth,raw,0.4,top3,3,0.6909090909090908,0.5428571428571428,0.95,57,48,3,0.5277777777777778,0.8055555555555556,8.872325283867989,6.695447090928139,0.38490723746181166,0.38490723746181166,0.4748551641166014,118.44444444444444,1.5,3,108
,scpdb_apbs_cutoff_fold1_apbs_shape_apbs_posneg_clip20,ResNet3D4LGN,apbs_shape,apbs_posneg_clip20,ResNet3D4LGN_best_model_in_terms_of_validation_paper_f1.pth,raw,0.4,top_n_plus_2,3,0.6909090909090908,0.5428571428571428,0.95,57,48,3,0.5277777777777778,0.8055555555555556,8.872325283867989,6.695447090928139,0.38490723746181166,0.38490723746181166,0.4748551641166014,118.44444444444444,1.5,3,108
,scpdb_apbs_cutoff_fold1_apbs_shape_apbs_posneg_clip20,ResNet3D4LGN,apbs_shape,apbs_posneg_clip20,ResNet3D4LGN_best_model_in_terms_of_validation_paper_f1.pth,raw,0.45,top1,1,0.6415094339622641,0.4857142857142857,0.9444444444444444,51,54,3,0.4722222222222222,0.7037037037037037,12.721577473543682,10.330449472017357,0.35324571379529496,0.35324571379529496,0.4916596323396411,114.91666666666667,0.9722222222222222,3,108
,scpdb_apbs_cutoff_fold1_apbs_shape_apbs_posneg_clip20,ResNet3D4LGN,apbs_shape,apbs_posneg_clip20,ResNet3D4LGN_best_model_in_terms_of_validation_paper_f1.pth,raw,0.45,top2,2,0.6829268292682926,0.5333333333333333,0.9491525423728814,56,49,3,0.5185185185185185,0.7962962962962963,9.068417243945815,6.821763168239527,0.38231326586445613,0.38231326586445613,0.47532350746484575,114.91666666666667,1.3888888888888888,3,108
,scpdb_apbs_cutoff_fold1_apbs_shape_apbs_posneg_clip20,ResNet3D4LGN,apbs_shape,apbs_posneg_clip20,ResNet3D4LGN_best_model_in_terms_of_validation_paper_f1.pth,raw,0.45,top3,3,0.6829268292682926,0.5333333333333333,0.9491525423728814,56,49,3,0.5185185185185185,0.8148148148148148,8.813723278040259,6.628594105160378,0.38539788648040874,0.38539788648040874,0.47532350746484575,114.91666666666667,1.5092592592592593,3,108
,scpdb_apbs_cutoff_fold1_apbs_shape_apbs_posneg_clip20,ResNet3D4LGN,apbs_shape,apbs_posneg_clip20,ResNet3D4LGN_best_model_in_terms_of_validation_paper_f1.pth,raw,0.45,top_n_plus_2,3,0.6829268292682926,0.5333333333333333,0.9491525423728814,56,49,3,0.5185185185185185,0.8148148148148148,8.813723278040259,6.628594105160378,0.38539788648040874,0.38539788648040874,0.47532350746484575,114.91666666666667,1.5092592592592593,3,108
,scpdb_apbs_cutoff_fold1_apbs_shape_apbs_posneg_clip20,ResNet3D4LGN,apbs_shape,apbs_posneg_clip20,ResNet3D4LGN_best_model_in_terms_of_validation_paper_f1.pth,raw,0.5,top1,1,0.6415094339622641,0.4857142857142857,0.9444444444444444,51,54,3,0.4722222222222222,0.7037037037037037,12.731235427180124,10.354035056260242,0.35166458928921646,0.35166458928921646,0.49172937676649764,111.43518518518519,0.9722222222222222,3,108
,scpdb_apbs_cutoff_fold1_apbs_shape_apbs_posneg_clip20,ResNet3D4LGN,apbs_shape,apbs_posneg_clip20,ResNet3D4LGN_best_model_in_terms_of_validation_paper_f1.pth,raw,0.5,top2,2,0.6829268292682926,0.5333333333333333,0.9491525423728814,56,49,3,0.5185185185185185,0.7962962962962963,9.083784300225485,6.8473496641390605,0.3799374458105512,0.3799374458105512,0.47401985463258006,111.43518518518519,1.3796296296296295,3,108
,scpdb_apbs_cutoff_fold1_apbs_shape_apbs_posneg_clip20,ResNet3D4LGN,apbs_shape,apbs_posneg_clip20,ResNet3D4LGN_best_model_in_terms_of_validation_paper_f1.pth,raw,0.5,top3,3,0.6829268292682926,0.5333333333333333,0.9491525423728814,56,49,3,0.5185185185185185,0.8148148148148148,8.822076534762319,6.645111817767302,0.382517716883973,0.382517716883973,0.47401985463258006,111.43518518518519,1.462962962962963,3,108
,scpdb_apbs_cutoff_fold1_apbs_shape_apbs_posneg_clip20,ResNet3D4LGN,apbs_shape,apbs_posneg_clip20,ResNet3D4LGN_best_model_in_terms_of_validation_paper_f1.pth,raw,0.5,top_n_plus_2,3,0.6829268292682926,0.5333333333333333,0.9491525423728814,56,49,3,0.5185185185185185,0.8148148148148148,8.822076534762319,6.645111817767302,0.382517716883973,0.382517716883973,0.47401985463258006,111.43518518518519,1.462962962962963,3,108
,scpdb_apbs_cutoff_fold1_apbs_shape_apbs_posneg_clip20,ResNet3D4LGN,apbs_shape,apbs_posneg_clip20,ResNet3D4LGN_best_model_in_terms_of_validation_paper_f1.pth,raw,0.55,top1,1,0.6415094339622641,0.49038461538461536,0.9272727272727272,51,53,4,0.4722222222222222,0.7037037037037037,13.48696017920917,11.154119339571334,0.35133361515361305,0.35133361515361305,0.4933333932023007,108.22222222222223,0.9629629629629629,4,108
,scpdb_apbs_cutoff_fold1_apbs_shape_apbs_posneg_clip20,ResNet3D4LGN,apbs_shape,apbs_posneg_clip20,ResNet3D4LGN_best_model_in_terms_of_validation_paper_f1.pth,raw,0.55,top2,2,0.6829268292682926,0.5384615384615384,0.9333333333333333,56,48,4,0.5185185185185185,0.7962962962962963,9.845904335999979,7.652292642936276,0.3787901554005987,0.3787901554005987,0.47453425743128463,108.22222222222223,1.3796296296296295,4,108
,scpdb_apbs_cutoff_fold1_apbs_shape_apbs_posneg_clip20,ResNet3D4LGN,apbs_shape,apbs_posneg_clip20,ResNet3D4LGN_best_model_in_terms_of_validation_paper_f1.pth,raw,0.55,top3,3,0.6829268292682926,0.5384615384615384,0.9333333333333333,56,48,4,0.5185185185185185,0.8148148148148148,9.584793245855344,7.451348487994075,0.38130428890788287,0.38130428890788287,0.47453425743128463,108.22222222222223,1.462962962962963,4,108
,scpdb_apbs_cutoff_fold1_apbs_shape_apbs_posneg_clip20,ResNet3D4LGN,apbs_shape,apbs_posneg_clip20,ResNet3D4LGN_best_model_in_terms_of_validation_paper_f1.pth,raw,0.55,top_n_plus_2,3,0.6829268292682926,0.5384615384615384,0.9333333333333333,56,48,4,0.5185185185185185,0.8148148148148148,9.584793245855344,7.451348487994075,0.38130428890788287,0.38130428890788287,0.47453425743128463,108.22222222222223,1.462962962962963,4,108
,scpdb_apbs_cutoff_fold1_apbs_shape_apbs_posneg_clip20,ResNet3D4LGN,apbs_shape,apbs_posneg_clip20,ResNet3D4LGN_best_model_in_terms_of_validation_paper_f1.pth,raw,0.6,top1,1,0.6415094339622641,0.49038461538461536,0.9272727272727272,51,53,4,0.4722222222222222,0.7037037037037037,13.483450026004027,11.137189543155841,0.3497892351131682,0.3497892351131682,0.4913901648590802,105.04629629629629,0.9629629629629629,4,108
,scpdb_apbs_cutoff_fold1_apbs_shape_apbs_posneg_clip20,ResNet3D4LGN,apbs_shape,apbs_posneg_clip20,ResNet3D4LGN_best_model_in_terms_of_validation_paper_f1.pth,raw,0.6,top2,2,0.6829268292682926,0.5384615384615384,0.9333333333333333,56,48,4,0.5185185185185185,0.7962962962962963,9.846655402254514,7.6373797529750735,0.37583294503981324,0.37583294503981324,0.47082915391576513,105.04629629629629,1.3611111111111112,4,108
,scpdb_apbs_cutoff_fold1_apbs_shape_apbs_posneg_clip20,ResNet3D4LGN,apbs_shape,apbs_posneg_clip20,ResNet3D4LGN_best_model_in_terms_of_validation_paper_f1.pth,raw,0.6,top3,3,0.6829268292682926,0.5384615384615384,0.9333333333333333,56,48,4,0.5185185185185185,0.8148148148148148,9.590305766247232,7.441178767772023,0.3782809409809598,0.3782809409809598,0.47082915391576513,105.04629629629629,1.4351851851851851,4,108
,scpdb_apbs_cutoff_fold1_apbs_shape_apbs_posneg_clip20,ResNet3D4LGN,apbs_shape,apbs_posneg_clip20,ResNet3D4LGN_best_model_in_terms_of_validation_paper_f1.pth,raw,0.6,top_n_plus_2,3,0.6829268292682926,0.5384615384615384,0.9333333333333333,56,48,4,0.5185185185185185,0.8148148148148148,9.590305766247232,7.441178767772023,0.3782809409809598,0.3782809409809598,0.47082915391576513,105.04629629629629,1.4351851851851851,4,108
,scpdb_apbs_cutoff_fold1_apbs_shape_apbs_posneg_clip20,ResNet3D4LGN,apbs_shape,apbs_posneg_clip20,ResNet3D4LGN_best_model_in_terms_of_validation_paper_f1.pth,raw,0.7,top1,1,0.6415094339622641,0.49038461538461536,0.9272727272727272,51,53,4,0.4722222222222222,0.6944444444444444,13.505907520055016,11.1702086282831,0.3437710431891213,0.3437710431891213,0.4862722217544235,98.79629629629629,0.9629629629629629,4,108
,scpdb_apbs_cutoff_fold1_apbs_shape_apbs_posneg_clip20,ResNet3D4LGN,apbs_shape,apbs_posneg_clip20,ResNet3D4LGN_best_model_in_terms_of_validation_paper_f1.pth,raw,0.7,top2,2,0.6909090909090909,0.5480769230769231,0.9344262295081968,57,47,4,0.5277777777777778,0.7962962962962963,9.781854618217176,7.601288241364951,0.36927622968549845,0.36927622968549845,0.45967705172518714,98.79629629629629,1.3611111111111112,4,108
,scpdb_apbs_cutoff_fold1_apbs_shape_apbs_posneg_clip20,ResNet3D4LGN,apbs_shape,apbs_posneg_clip20,ResNet3D4LGN_best_model_in_terms_of_validation_paper_f1.pth,raw,0.7,top3,3,0.6909090909090909,0.5480769230769231,0.9344262295081968,57,47,4,0.5277777777777778,0.8148148148148148,9.520155054172262,7.401909300982971,0.3710845938226297,0.3710845938226297,0.45967705172518714,98.79629629629629,1.3981481481481481,4,108
,scpdb_apbs_cutoff_fold1_apbs_shape_apbs_posneg_clip20,ResNet3D4LGN,apbs_shape,apbs_posneg_clip20,ResNet3D4LGN_best_model_in_terms_of_validation_paper_f1.pth,raw,0.7,top_n_plus_2,3,0.6909090909090909,0.5480769230769231,0.9344262295081968,57,47,4,0.5277777777777778,0.8148148148148148,9.520155054172262,7.401909300982971,0.3710845938226297,0.3710845938226297,0.45967705172518714,98.79629629629629,1.3981481481481481,4,108
,scpdb_apbs_cutoff_fold1_apbs_shape_apbs_posneg_clip20,ResNet3D4LGN,apbs_shape,apbs_posneg_clip20,ResNet3D4LGN_best_model_in_terms_of_validation_paper_f1.pth,raw,0.8,top1,1,0.6329113924050633,0.4854368932038835,0.9090909090909091,50,53,5,0.46296296296296297,0.6944444444444444,14.583491559241606,12.254253636362908,0.3362196000957842,0.3362196000957842,0.479137037613429,91.3425925925926,0.9537037037037037,5,108
,scpdb_apbs_cutoff_fold1_apbs_shape_apbs_posneg_clip20,ResNet3D4LGN,apbs_shape,apbs_posneg_clip20,ResNet3D4LGN_best_model_in_terms_of_validation_paper_f1.pth,raw,0.8,top2,2,0.6829268292682927,0.5436893203883495,0.9180327868852459,56,47,5,0.5185185185185185,0.7777777777777778,11.10091576352563,8.906947582867849,0.3595007075484258,0.3595007075484258,0.4539345540596411,91.3425925925926,1.3333333333333333,5,108
,scpdb_apbs_cutoff_fold1_apbs_shape_apbs_posneg_clip20,ResNet3D4LGN,apbs_shape,apbs_posneg_clip20,ResNet3D4LGN_best_model_in_terms_of_validation_paper_f1.pth,raw,0.8,top3,3,0.6829268292682927,0.5436893203883495,0.9180327868852459,56,47,5,0.5185185185185185,0.7962962962962963,10.82953721737189,8.706391519569125,0.36073014148333915,0.36073014148333915,0.4539345540596411,91.3425925925926,1.3981481481481481,5,108
,scpdb_apbs_cutoff_fold1_apbs_shape_apbs_posneg_clip20,ResNet3D4LGN,apbs_shape,apbs_posneg_clip20,ResNet3D4LGN_best_model_in_terms_of_validation_paper_f1.pth,raw,0.8,top_n_plus_2,3,0.6829268292682927,0.5436893203883495,0.9180327868852459,56,47,5,0.5185185185185185,0.7962962962962963,10.82953721737189,8.706391519569125,0.36073014148333915,0.36073014148333915,0.4539345540596411,91.3425925925926,1.3981481481481481,5,108
,scpdb_apbs_cutoff_fold1_apbs_shape_apbs_posneg_clip20,ResNet3D4LGN,apbs_shape,apbs_posneg_clip20,ResNet3D4LGN_best_model_in_terms_of_validation_paper_f1.pth,raw,0.9,top1,1,0.6153846153846154,0.4752475247524752,0.8727272727272727,48,53,7,0.4444444444444444,0.6759259259259259,16.683538736659923,14.390241506039976,0.31867664200319473,0.31867664200319473,0.482012822777834,80.86111111111111,0.9351851851851852,7,108
,scpdb_apbs_cutoff_fold1_apbs_shape_apbs_posneg_clip20,ResNet3D4LGN,apbs_shape,apbs_posneg_clip20,ResNet3D4LGN_best_model_in_terms_of_validation_paper_f1.pth,raw,0.9,top2,2,0.6583850931677019,0.5247524752475248,0.8833333333333333,53,48,7,0.49074074074074076,0.7685185185185185,13.715572426756982,11.63470137851377,0.3439213291000837,0.3439213291000837,0.4605831788862517,80.86111111111111,1.25,7,108
,scpdb_apbs_cutoff_fold1_apbs_shape_apbs_posneg_clip20,ResNet3D4LGN,apbs_shape,apbs_posneg_clip20,ResNet3D4LGN_best_model_in_terms_of_validation_paper_f1.pth,raw,0.9,top3,3,0.6583850931677019,0.5247524752475248,0.8833333333333333,53,48,7,0.49074074074074076,0.7777777777777778,13.597994695160345,11.543178742764988,0.344555524939759,0.344555524939759,0.4605831788862517,80.86111111111111,1.287037037037037,7,108
,scpdb_apbs_cutoff_fold1_apbs_shape_apbs_posneg_clip20,ResNet3D4LGN,apbs_shape,apbs_posneg_clip20,ResNet3D4LGN_best_model_in_terms_of_validation_paper_f1.pth,raw,0.9,top_n_plus_2,3,0.6583850931677019,0.5247524752475248,0.8833333333333333,53,48,7,0.49074074074074076,0.7777777777777778,13.597994695160345,11.543178742764988,0.344555524939759,0.344555524939759,0.4605831788862517,80.86111111111111,1.287037037037037,7,108
,scpdb_apbs_cutoff_fold1_apbs_shape_apbs_posneg_clip20,ResNet3D4L,apbs_shape,apbs_posneg_clip20,ResNet3D4L_best_model_in_terms_of_validation_paper_f1.pth,raw,0.05,top1,1,0.65,0.49056603773584906,0.9629629629629629,52,54,2,0.48148148148148145,0.6666666666666666,11.946032641852144,9.666630624781991,0.3145071555614533,0.3145071555614533,0.44562625905332853,220.57407407407408,0.9814814814814815,2,108
,scpdb_apbs_cutoff_fold1_apbs_shape_apbs_posneg_clip20,ResNet3D4L,apbs_shape,apbs_posneg_clip20,ResNet3D4L_best_model_in_terms_of_validation_paper_f1.pth,raw,0.05,top2,2,0.736842105263158,0.5943396226415094,0.9692307692307692,63,43,2,0.5833333333333334,0.7870370370370371,7.71772594423116,5.712942157318672,0.36412322664687685,0.36412322664687685,0.4387532732539307,220.57407407407408,1.4351851851851851,2,108
,scpdb_apbs_cutoff_fold1_apbs_shape_apbs_posneg_clip20,ResNet3D4L,apbs_shape,apbs_posneg_clip20,ResNet3D4L_best_model_in_terms_of_validation_paper_f1.pth,raw,0.05,top3,3,0.736842105263158,0.5943396226415094,0.9692307692307692,63,43,2,0.5833333333333334,0.7962962962962963,7.59446782087108,5.571597601284282,0.3679298110090168,0.3679298110090168,0.4387532732539307,220.57407407407408,1.6481481481481481,2,108
,scpdb_apbs_cutoff_fold1_apbs_shape_apbs_posneg_clip20,ResNet3D4L,apbs_shape,apbs_posneg_clip20,ResNet3D4L_best_model_in_terms_of_validation_paper_f1.pth,raw,0.05,top_n_plus_2,3,0.736842105263158,0.5943396226415094,0.9692307692307692,63,43,2,0.5833333333333334,0.7962962962962963,7.59446782087108,5.571597601284282,0.3679298110090168,0.3679298110090168,0.4387532732539307,220.57407407407408,1.6481481481481481,2,108
,scpdb_apbs_cutoff_fold1_apbs_shape_apbs_posneg_clip20,ResNet3D4L,apbs_shape,apbs_posneg_clip20,ResNet3D4L_best_model_in_terms_of_validation_paper_f1.pth,raw,0.1,top1,1,0.6415094339622641,0.49038461538461536,0.9272727272727272,51,53,4,0.4722222222222222,0.6481481481481481,14.075273611900162,11.873390106424411,0.3276181128704398,0.3276181128704398,0.4735265398144135,194.62962962962962,0.9629629629629629,4,108
,scpdb_apbs_cutoff_fold1_apbs_shape_apbs_posneg_clip20,ResNet3D4L,apbs_shape,apbs_posneg_clip20,ResNet3D4L_best_model_in_terms_of_validation_paper_f1.pth,raw,0.1,top2,2,0.7218934911242604,0.5865384615384616,0.9384615384615385,61,43,4,0.5648148148148148,0.7685185185185185,9.851048877285633,7.924225414383039,0.3747165490949674,0.3747165490949674,0.45822812534125673,194.62962962962962,1.3796296296296295,4,108
,scpdb_apbs_cutoff_fold1_apbs_shape_apbs_posneg_clip20,ResNet3D4L,apbs_shape,apbs_posneg_clip20,ResNet3D4L_best_model_in_terms_of_validation_paper_f1.pth,raw,0.1,top3,3,0.7218934911242604,0.5865384615384616,0.9384615384615385,61,43,4,0.5648148148148148,0.7777777777777778,9.73239555843796,7.787339898930687,0.37773119164449365,0.37773119164449365,0.45822812534125673,194.62962962962962,1.537037037037037,4,108
,scpdb_apbs_cutoff_fold1_apbs_shape_apbs_posneg_clip20,ResNet3D4L,apbs_shape,apbs_posneg_clip20,ResNet3D4L_best_model_in_terms_of_validation_paper_f1.pth,raw,0.1,top_n_plus_2,3,0.7218934911242604,0.5865384615384616,0.9384615384615385,61,43,4,0.5648148148148148,0.7777777777777778,9.73239555843796,7.787339898930687,0.37773119164449365,0.37773119164449365,0.45822812534125673,194.62962962962962,1.537037037037037,4,108
,scpdb_apbs_cutoff_fold1_apbs_shape_apbs_posneg_clip20,ResNet3D4L,apbs_shape,apbs_posneg_clip20,ResNet3D4L_best_model_in_terms_of_validation_paper_f1.pth,raw,0.2,top1,1,0.6415094339622641,0.49038461538461536,0.9272727272727272,51,53,4,0.4722222222222222,0.6574074074074074,14.040002661514965,11.858766254449392,0.3332181520683025,0.3332181520683025,0.48093972702889076,171.90740740740742,0.9629629629629629,4,108
,scpdb_apbs_cutoff_fold1_apbs_shape_apbs_posneg_clip20,ResNet3D4L,apbs_shape,apbs_posneg_clip20,ResNet3D4L_best_model_in_terms_of_validation_paper_f1.pth,raw,0.2,top2,2,0.7142857142857143,0.5769230769230769,0.9375,60,44,4,0.5555555555555556,0.7685185185185185,10.12590360176723,8.21332943322001,0.37708767438015073,0.37698712709747284,0.4675045136288585,171.90740740740742,1.3240740740740742,4,108
,scpdb_apbs_cutoff_fold1_apbs_shape_apbs_posneg_clip20,ResNet3D4L,apbs_shape,apbs_posneg_clip20,ResNet3D4L_best_model_in_terms_of_validation_paper_f1.pth,raw,0.2,top3,3,0.7142857142857143,0.5769230769230769,0.9375,60,44,4,0.5555555555555556,0.7777777777777778,10.009041213670802,8.078208799061995,0.37997367726615355,0.37987312998347567,0.4675045136288585,171.90740740740742,1.4444444444444444,4,108
,scpdb_apbs_cutoff_fold1_apbs_shape_apbs_posneg_clip20,ResNet3D4L,apbs_shape,apbs_posneg_clip20,ResNet3D4L_best_model_in_terms_of_validation_paper_f1.pth,raw,0.2,top_n_plus_2,3,0.7142857142857143,0.5769230769230769,0.9375,60,44,4,0.5555555555555556,0.7777777777777778,10.009041213670802,8.078208799061995,0.37997367726615355,0.37987312998347567,0.4675045136288585,171.90740740740742,1.4444444444444444,4,108
,scpdb_apbs_cutoff_fold1_apbs_shape_apbs_posneg_clip20,ResNet3D4L,apbs_shape,apbs_posneg_clip20,ResNet3D4L_best_model_in_terms_of_validation_paper_f1.pth,raw,0.3,top1,1,0.6329113924050633,0.4854368932038835,0.9090909090909091,50,53,5,0.46296296296296297,0.6481481481481481,15.10131211154376,12.964423295647414,0.33509985915853635,0.33509985915853635,0.4915959096490859,159.17592592592592,0.9537037037037037,5,108
,scpdb_apbs_cutoff_fold1_apbs_shape_apbs_posneg_clip20,ResNet3D4L,apbs_shape,apbs_posneg_clip20,ResNet3D4L_best_model_in_terms_of_validation_paper_f1.pth,raw,0.3,top2,2,0.6987951807228914,0.5631067961165048,0.9206349206349206,58,45,5,0.5370370370370371,0.75,11.288945584024944,9.39252997074067,0.38042661807789424,0.38042661807789424,0.49037334291303086,159.17592592592592,1.2777777777777777,5,108
,scpdb_apbs_cutoff_fold1_apbs_shape_apbs_posneg_clip20,ResNet3D4L,apbs_shape,apbs_posneg_clip20,ResNet3D4L_best_model_in_terms_of_validation_paper_f1.pth,raw,0.3,top3,3,0.6987951807228914,0.5631067961165048,0.9206349206349206,58,45,5,0.5370370370370371,0.7592592592592593,11.17078718642985,9.256128173118478,0.38317937083064696,0.38317937083064696,0.49037334291303086,159.17592592592592,1.3611111111111112,5,108
,scpdb_apbs_cutoff_fold1_apbs_shape_apbs_posneg_clip20,ResNet3D4L,apbs_shape,apbs_posneg_clip20,ResNet3D4L_best_model_in_terms_of_validation_paper_f1.pth,raw,0.3,top_n_plus_2,3,0.6987951807228914,0.5631067961165048,0.9206349206349206,58,45,5,0.5370370370370371,0.7592592592592593,11.17078718642985,9.256128173118478,0.38317937083064696,0.38317937083064696,0.49037334291303086,159.17592592592592,1.3611111111111112,5,108
,scpdb_apbs_cutoff_fold1_apbs_shape_apbs_posneg_clip20,ResNet3D4L,apbs_shape,apbs_posneg_clip20,ResNet3D4L_best_model_in_terms_of_validation_paper_f1.pth,raw,0.35,top1,1,0.6329113924050633,0.49019607843137253,0.8928571428571429,50,52,6,0.46296296296296297,0.6481481481481481,15.862101417290784,13.759543213029847,0.33631139944922667,0.33631139944922667,0.49387310362063325,153.9351851851852,0.9444444444444444,6,108
,scpdb_apbs_cutoff_fold1_apbs_shape_apbs_posneg_clip20,ResNet3D4L,apbs_shape,apbs_posneg_clip20,ResNet3D4L_best_model_in_terms_of_validation_paper_f1.pth,raw,0.35,top2,2,0.6987951807228915,0.5686274509803921,0.90625,58,44,6,0.5370370370370371,0.75,12.05370794853085,10.186460947979278,0.3804836534615441,0.3804836534615441,0.4914380746639655,153.9351851851852,1.2685185185185186,6,108
,scpdb_apbs_cutoff_fold1_apbs_shape_apbs_posneg_clip20,ResNet3D4L,apbs_shape,apbs_posneg_clip20,ResNet3D4L_best_model_in_terms_of_validation_paper_f1.pth,raw,0.35,top3,3,0.6987951807228915,0.5686274509803921,0.90625,58,44,6,0.5370370370370371,0.7592592592592593,11.937847236401902,10.05212889926211,0.3831472759881804,0.3831472759881804,0.4914380746639655,153.9351851851852,1.3518518518518519,6,108
,scpdb_apbs_cutoff_fold1_apbs_shape_apbs_posneg_clip20,ResNet3D4L,apbs_shape,apbs_posneg_clip20,ResNet3D4L_best_model_in_terms_of_validation_paper_f1.pth,raw,0.35,top_n_plus_2,3,0.6987951807228915,0.5686274509803921,0.90625,58,44,6,0.5370370370370371,0.7592592592592593,11.937847236401902,10.05212889926211,0.3831472759881804,0.3831472759881804,0.4914380746639655,153.9351851851852,1.3518518518518519,6,108
,scpdb_apbs_cutoff_fold1_apbs_shape_apbs_posneg_clip20,ResNet3D4L,apbs_shape,apbs_posneg_clip20,ResNet3D4L_best_model_in_terms_of_validation_paper_f1.pth,raw,0.4,top1,1,0.6415094339622641,0.5,0.8947368421052632,51,51,6,0.4722222222222222,0.6481481481481481,15.60186130252581,13.547497130569187,0.3424198272664859,0.3424198272664859,0.49686419975247886,149.30555555555554,0.9444444444444444,6,108
,scpdb_apbs_cutoff_fold1_apbs_shape_apbs_posneg_clip20,ResNet3D4L,apbs_shape,apbs_posneg_clip20,ResNet3D4L_best_model_in_terms_of_validation_paper_f1.pth,raw,0.4,top2,2,0.6987951807228915,0.5686274509803921,0.90625,58,44,6,0.5370370370370371,0.7407407407407407,12.203134059720025,10.312705209526492,0.3837711099247095,0.3837711099247095,0.49400266213525823,149.30555555555554,1.25,6,108
,scpdb_apbs_cutoff_fold1_apbs_shape_apbs_posneg_clip20,ResNet3D4L,apbs_shape,apbs_posneg_clip20,ResNet3D4L_best_model_in_terms_of_validation_paper_f1.pth,raw,0.4,top3,3,0.6987951807228915,0.5686274509803921,0.90625,58,44,6,0.5370370370370371,0.7407407407407407,12.203134059720025,10.312705209526492,0.3837711099247095,0.3837711099247095,0.49400266213525823,149.30555555555554,1.3148148148148149,6,108
,scpdb_apbs_cutoff_fold1_apbs_shape_apbs_posneg_clip20,ResNet3D4L,apbs_shape,apbs_posneg_clip20,ResNet3D4L_best_model_in_terms_of_validation_paper_f1.pth,raw,0.4,top_n_plus_2,3,0.6987951807228915,0.5686274509803921,0.90625,58,44,6,0.5370370370370371,0.7407407407407407,12.203134059720025,10.312705209526492,0.3837711099247095,0.3837711099247095,0.49400266213525823,149.30555555555554,1.3148148148148149,6,108
,scpdb_apbs_cutoff_fold1_apbs_shape_apbs_posneg_clip20,ResNet3D4L,apbs_shape,apbs_posneg_clip20,ResNet3D4L_best_model_in_terms_of_validation_paper_f1.pth,raw,0.45,top1,1,0.6415094339622641,0.5,0.8947368421052632,51,51,6,0.4722222222222222,0.6388888888888888,15.84192459667962,13.760712328529651,0.33975316849943754,0.33975316849943754,0.4996201166428467,144.9537037037037,0.9444444444444444,6,108
,scpdb_apbs_cutoff_fold1_apbs_shape_apbs_posneg_clip20,ResNet3D4L,apbs_shape,apbs_posneg_clip20,ResNet3D4L_best_model_in_terms_of_validation_paper_f1.pth,raw,0.45,top2,2,0.7065868263473054,0.5784313725490197,0.9076923076923077,59,43,6,0.5462962962962963,0.7407407407407407,12.220504399756216,10.373738761110694,0.38315711496005705,0.38315711496005705,0.4950927862500732,144.9537037037037,1.2314814814814814,6,108
,scpdb_apbs_cutoff_fold1_apbs_shape_apbs_posneg_clip20,ResNet3D4L,apbs_shape,apbs_posneg_clip20,ResNet3D4L_best_model_in_terms_of_validation_paper_f1.pth,raw,0.45,top3,3,0.7065868263473054,0.5784313725490197,0.9076923076923077,59,43,6,0.5462962962962963,0.7407407407407407,12.220504399756216,10.373738761110694,0.38315711496005705,0.38315711496005705,0.4950927862500732,144.9537037037037,1.2962962962962963,6,108
,scpdb_apbs_cutoff_fold1_apbs_shape_apbs_posneg_clip20,ResNet3D4L,apbs_shape,apbs_posneg_clip20,ResNet3D4L_best_model_in_terms_of_validation_paper_f1.pth,raw,0.45,top_n_plus_2,3,0.7065868263473054,0.5784313725490197,0.9076923076923077,59,43,6,0.5462962962962963,0.7407407407407407,12.220504399756216,10.373738761110694,0.38315711496005705,0.38315711496005705,0.4950927862500732,144.9537037037037,1.2962962962962963,6,108
,scpdb_apbs_cutoff_fold1_apbs_shape_apbs_posneg_clip20,ResNet3D4L,apbs_shape,apbs_posneg_clip20,ResNet3D4L_best_model_in_terms_of_validation_paper_f1.pth,raw,0.5,top1,1,0.65,0.5098039215686274,0.896551724137931,52,50,6,0.48148148148148145,0.6481481481481481,15.579754742548419,13.530801363752234,0.3447510426828685,0.3447510426828685,0.5006603530591973,141.03703703703704,0.9444444444444444,6,108
,scpdb_apbs_cutoff_fold1_apbs_shape_apbs_posneg_clip20,ResNet3D4L,apbs_shape,apbs_posneg_clip20,ResNet3D4L_best_model_in_terms_of_validation_paper_f1.pth,raw,0.5,top2,2,0.7065868263473054,0.5784313725490197,0.9076923076923077,59,43,6,0.5462962962962963,0.7407407407407407,12.218266330378261,10.365558946828068,0.3832181381537613,0.3832181381537613,0.4955382735195308,141.03703703703704,1.2222222222222223,6,108
,scpdb_apbs_cutoff_fold1_apbs_shape_apbs_posneg_clip20,ResNet3D4L,apbs_shape,apbs_posneg_clip20,ResNet3D4L_best_model_in_terms_of_validation_paper_f1.pth,raw,0.5,top3,3,0.7065868263473054,0.5784313725490197,0.9076923076923077,59,43,6,0.5462962962962963,0.7407407407407407,12.218266330378261,10.365558946828068,0.3832181381537613,0.3832181381537613,0.4955382735195308,141.03703703703704,1.287037037037037,6,108
,scpdb_apbs_cutoff_fold1_apbs_shape_apbs_posneg_clip20,ResNet3D4L,apbs_shape,apbs_posneg_clip20,ResNet3D4L_best_model_in_terms_of_validation_paper_f1.pth,raw,0.5,top_n_plus_2,3,0.7065868263473054,0.5784313725490197,0.9076923076923077,59,43,6,0.5462962962962963,0.7407407407407407,12.218266330378261,10.365558946828068,0.3832181381537613,0.3832181381537613,0.4955382735195308,141.03703703703704,1.287037037037037,6,108
,scpdb_apbs_cutoff_fold1_apbs_shape_apbs_posneg_clip20,ResNet3D4L,apbs_shape,apbs_posneg_clip20,ResNet3D4L_best_model_in_terms_of_validation_paper_f1.pth,raw,0.55,top1,1,0.6748466257668712,0.5392156862745098,0.9016393442622951,55,47,6,0.5092592592592593,0.6759259259259259,14.674834678388368,12.640648818789419,0.3558644475839556,0.3558644475839556,0.5013793584113113,137.12962962962962,0.9444444444444444,6,108
,scpdb_apbs_cutoff_fold1_apbs_shape_apbs_posneg_clip20,ResNet3D4L,apbs_shape,apbs_posneg_clip20,ResNet3D4L_best_model_in_terms_of_validation_paper_f1.pth,raw,0.55,top2,2,0.7218934911242604,0.5980392156862745,0.9104477611940298,61,41,6,0.5648148148148148,0.7407407407407407,12.218068802166613,10.368985060978318,0.3836550840007484,0.3836550840007484,0.4968794723251301,137.12962962962962,1.2222222222222223,6,108
,scpdb_apbs_cutoff_fold1_apbs_shape_apbs_posneg_clip20,ResNet3D4L,apbs_shape,apbs_posneg_clip20,ResNet3D4L_best_model_in_terms_of_validation_paper_f1.pth,raw,0.55,top3,3,0.7218934911242604,0.5980392156862745,0.9104477611940298,61,41,6,0.5648148148148148,0.7407407407407407,12.218068802166613,10.368985060978318,0.3836550840007484,0.3836550840007484,0.4968794723251301,137.12962962962962,1.287037037037037,6,108
,scpdb_apbs_cutoff_fold1_apbs_shape_apbs_posneg_clip20,ResNet3D4L,apbs_shape,apbs_posneg_clip20,ResNet3D4L_best_model_in_terms_of_validation_paper_f1.pth,raw,0.55,top_n_plus_2,3,0.7218934911242604,0.5980392156862745,0.9104477611940298,61,41,6,0.5648148148148148,0.7407407407407407,12.218068802166613,10.368985060978318,0.3836550840007484,0.3836550840007484,0.4968794723251301,137.12962962962962,1.287037037037037,6,108
,scpdb_apbs_cutoff_fold1_apbs_shape_apbs_posneg_clip20,ResNet3D4L,apbs_shape,apbs_posneg_clip20,ResNet3D4L_best_model_in_terms_of_validation_paper_f1.pth,raw,0.6,top1,1,0.6583850931677019,0.5196078431372549,0.8983050847457628,53,49,6,0.49074074074074076,0.6481481481481481,15.556122485861101,13.523651572472675,0.34593303609231474,0.34593303609231474,0.5024911755644145,133.39814814814815,0.9444444444444444,6,108
,scpdb_apbs_cutoff_fold1_apbs_shape_apbs_posneg_clip20,ResNet3D4L,apbs_shape,apbs_posneg_clip20,ResNet3D4L_best_model_in_terms_of_validation_paper_f1.pth,raw,0.6,top2,2,0.7218934911242604,0.5980392156862745,0.9104477611940298,61,41,6,0.5648148148148148,0.7407407407407407,12.210426705815209,10.372818404543237,0.3833151750346119,0.3833151750346119,0.49300952176451845,133.39814814814815,1.212962962962963,6,108
,scpdb_apbs_cutoff_fold1_apbs_shape_apbs_posneg_clip20,ResNet3D4L,apbs_shape,apbs_posneg_clip20,ResNet3D4L_best_model_in_terms_of_validation_paper_f1.pth,raw,0.6,top3,3,0.7218934911242604,0.5980392156862745,0.9104477611940298,61,41,6,0.5648148148148148,0.7407407407407407,12.210426705815209,10.372818404543237,0.3833151750346119,0.3833151750346119,0.49300952176451845,133.39814814814815,1.287037037037037,6,108
,scpdb_apbs_cutoff_fold1_apbs_shape_apbs_posneg_clip20,ResNet3D4L,apbs_shape,apbs_posneg_clip20,ResNet3D4L_best_model_in_terms_of_validation_paper_f1.pth,raw,0.6,top_n_plus_2,3,0.7218934911242604,0.5980392156862745,0.9104477611940298,61,41,6,0.5648148148148148,0.7407407407407407,12.210426705815209,10.372818404543237,0.3833151750346119,0.3833151750346119,0.49300952176451845,133.39814814814815,1.287037037037037,6,108
,scpdb_apbs_cutoff_fold1_apbs_shape_apbs_posneg_clip20,ResNet3D4L,apbs_shape,apbs_posneg_clip20,ResNet3D4L_best_model_in_terms_of_validation_paper_f1.pth,raw,0.7,top1,1,0.6666666666666666,0.5346534653465347,0.8852459016393442,54,47,7,0.5,0.6666666666666666,15.839524925136478,13.828398348412328,0.3535080688752942,0.3535080688752942,0.5018895126602404,125.10185185185185,0.9351851851851852,7,108
,scpdb_apbs_cutoff_fold1_apbs_shape_apbs_posneg_clip20,ResNet3D4L,apbs_shape,apbs_posneg_clip20,ResNet3D4L_best_model_in_terms_of_validation_paper_f1.pth,raw,0.7,top2,2,0.7218934911242604,0.6039603960396039,0.8970588235294118,61,40,7,0.5648148148148148,0.7314814814814815,13.296570784044068,11.493664776424762,0.3805248667418353,0.3805248667418353,0.49212865333179373,125.10185185185185,1.1759259259259258,7,108
,scpdb_apbs_cutoff_fold1_apbs_shape_apbs_posneg_clip20,ResNet3D4L,apbs_shape,apbs_posneg_clip20,ResNet3D4L_best_model_in_terms_of_validation_paper_f1.pth,raw,0.7,top3,3,0.7218934911242604,0.6039603960396039,0.8970588235294118,61,40,7,0.5648148148148148,0.7407407407407407,13.182827500827146,11.361082407619326,0.38248895203925387,0.38248895203925387,0.49212865333179373,125.10185185185185,1.25,7,108
,scpdb_apbs_cutoff_fold1_apbs_shape_apbs_posneg_clip20,ResNet3D4L,apbs_shape,apbs_posneg_clip20,ResNet3D4L_best_model_in_terms_of_validation_paper_f1.pth,raw,0.7,top_n_plus_2,3,0.7218934911242604,0.6039603960396039,0.8970588235294118,61,40,7,0.5648148148148148,0.7407407407407407,13.182827500827146,11.361082407619326,0.38248895203925387,0.38248895203925387,0.49212865333179373,125.10185185185185,1.25,7,108
,scpdb_apbs_cutoff_fold1_apbs_shape_apbs_posneg_clip20,ResNet3D4L,apbs_shape,apbs_posneg_clip20,ResNet3D4L_best_model_in_terms_of_validation_paper_f1.pth,raw,0.8,top1,1,0.6987951807228915,0.5742574257425742,0.8923076923076924,58,43,7,0.5370370370370371,0.6944444444444444,15.397259534464174,13.412537845508957,0.35388091332335114,0.35388091332335114,0.4914122560989138,115.53703703703704,0.9351851851851852,7,108
,scpdb_apbs_cutoff_fold1_apbs_shape_apbs_posneg_clip20,ResNet3D4L,apbs_shape,apbs_posneg_clip20,ResNet3D4L_best_model_in_terms_of_validation_paper_f1.pth,raw,0.8,top2,2,0.736842105263158,0.6237623762376238,0.9,63,38,7,0.5833333333333334,0.75,13.210106211527329,11.390120365070803,0.37889016696995353,0.37889016696995353,0.4852996506270722,115.53703703703704,1.1759259259259258,7,108
,scpdb_apbs_cutoff_fold1_apbs_shape_apbs_posneg_clip20,ResNet3D4L,apbs_shape,apbs_posneg_clip20,ResNet3D4L_best_model_in_terms_of_validation_paper_f1.pth,raw,0.8,top3,3,0.736842105263158,0.6237623762376238,0.9,63,38,7,0.5833333333333334,0.7592592592592593,13.094689783063666,11.255532346638594,0.38065383540028863,0.38065383540028863,0.4852996506270722,115.53703703703704,1.2407407407407407,7,108
,scpdb_apbs_cutoff_fold1_apbs_shape_apbs_posneg_clip20,ResNet3D4L,apbs_shape,apbs_posneg_clip20,ResNet3D4L_best_model_in_terms_of_validation_paper_f1.pth,raw,0.8,top_n_plus_2,3,0.736842105263158,0.6237623762376238,0.9,63,38,7,0.5833333333333334,0.7592592592592593,13.094689783063666,11.255532346638594,0.38065383540028863,0.38065383540028863,0.4852996506270722,115.53703703703704,1.2407407407407407,7,108
,scpdb_apbs_cutoff_fold1_apbs_shape_apbs_posneg_clip20,ResNet3D4L,apbs_shape,apbs_posneg_clip20,ResNet3D4L_best_model_in_terms_of_validation_paper_f1.pth,raw,0.9,top1,1,0.6666666666666666,0.5346534653465347,0.8852459016393442,54,47,7,0.5,0.6851851851851852,15.683536532765803,13.647199410713265,0.3390902887182885,0.3390902887182885,0.47794861771876257,101.31481481481481,0.9351851851851852,7,108
,scpdb_apbs_cutoff_fold1_apbs_shape_apbs_posneg_clip20,ResNet3D4L,apbs_shape,apbs_posneg_clip20,ResNet3D4L_best_model_in_terms_of_validation_paper_f1.pth,raw,0.9,top2,2,0.7142857142857142,0.594059405940594,0.8955223880597015,60,41,7,0.5555555555555556,0.75,13.22679142343401,11.396119522202097,0.367227496085039,0.367227496085039,0.4707724806194666,101.31481481481481,1.1759259259259258,7,108
,scpdb_apbs_cutoff_fold1_apbs_shape_apbs_posneg_clip20,ResNet3D4L,apbs_shape,apbs_posneg_clip20,ResNet3D4L_best_model_in_terms_of_validation_paper_f1.pth,raw,0.9,top3,3,0.7142857142857142,0.594059405940594,0.8955223880597015,60,41,7,0.5555555555555556,0.7592592592592593,13.121724834252863,11.273694657816028,0.368422239215266,0.368422239215266,0.4707724806194666,101.31481481481481,1.2037037037037037,7,108
,scpdb_apbs_cutoff_fold1_apbs_shape_apbs_posneg_clip20,ResNet3D4L,apbs_shape,apbs_posneg_clip20,ResNet3D4L_best_model_in_terms_of_validation_paper_f1.pth,raw,0.9,top_n_plus_2,3,0.7142857142857142,0.594059405940594,0.8955223880597015,60,41,7,0.5555555555555556,0.7592592592592593,13.121724834252863,11.273694657816028,0.368422239215266,0.368422239215266,0.4707724806194666,101.31481481481481,1.2037037037037037,7,108
,scpdb_apbs_cutoff_fold1_apbs_shape_apbs_posneg_clip20,UNet3D4LA,apbs_shape,apbs_posneg_clip20,UNet3D4LA_best_model_in_terms_of_validation_paper_f1.pth,raw,0.05,top1,1,0.5974025974025974,0.42990654205607476,0.9787234042553191,46,61,1,0.42592592592592593,0.6481481481481481,11.815577121128833,9.378994029038639,0.27377808477929594,0.27377808477929594,0.410146192093809,364.1574074074074,0.9907407407407407,1,108
,scpdb_apbs_cutoff_fold1_apbs_shape_apbs_posneg_clip20,UNet3D4LA,apbs_shape,apbs_posneg_clip20,UNet3D4LA_best_model_in_terms_of_validation_paper_f1.pth,raw,0.05,top2,2,0.674846625766871,0.514018691588785,0.9821428571428571,55,52,1,0.5092592592592593,0.7685185185185185,6.397361013269813,4.234198454354605,0.3312785599476577,0.33115985149561594,0.41971569282641175,364.1574074074074,1.4907407407407407,1,108
,scpdb_apbs_cutoff_fold1_apbs_shape_apbs_posneg_clip20,UNet3D4LA,apbs_shape,apbs_posneg_clip20,UNet3D4LA_best_model_in_terms_of_validation_paper_f1.pth,raw,0.05,top3,3,0.674846625766871,0.514018691588785,0.9821428571428571,55,52,1,0.5092592592592593,0.7777777777777778,6.1312377966365155,3.955485136217258,0.3331304117995096,0.3330117033474678,0.41971569282641175,364.1574074074074,1.7314814814814814,1,108
,scpdb_apbs_cutoff_fold1_apbs_shape_apbs_posneg_clip20,UNet3D4LA,apbs_shape,apbs_posneg_clip20,UNet3D4LA_best_model_in_terms_of_validation_paper_f1.pth,raw,0.05,top_n_plus_2,3,0.674846625766871,0.514018691588785,0.9821428571428571,55,52,1,0.5092592592592593,0.7777777777777778,6.1312377966365155,3.955485136217258,0.3331304117995096,0.3330117033474678,0.41971569282641175,364.1574074074074,1.7314814814814814,1,108
,scpdb_apbs_cutoff_fold1_apbs_shape_apbs_posneg_clip20,UNet3D4LA,apbs_shape,apbs_posneg_clip20,UNet3D4LA_best_model_in_terms_of_validation_paper_f1.pth,raw,0.1,top1,1,0.6064516129032258,0.4392523364485981,0.9791666666666666,47,60,1,0.4351851851851852,0.6481481481481481,11.540391478779066,9.132914216157445,0.30678071426987463,0.30678071426987463,0.4528625930005214,307.49074074074076,0.9907407407407407,1,108
,scpdb_apbs_cutoff_fold1_apbs_shape_apbs_posneg_clip20,UNet3D4LA,apbs_shape,apbs_posneg_clip20,UNet3D4LA_best_model_in_terms_of_validation_paper_f1.pth,raw,0.1,top2,2,0.6829268292682926,0.5233644859813084,0.9824561403508771,56,51,1,0.5185185185185185,0.7685185185185185,6.348800562151619,4.228059885315819,0.3656299685139814,0.36549706048633657,0.45922190312672717,307.49074074074076,1.4814814814814814,1,108
,scpdb_apbs_cutoff_fold1_apbs_shape_apbs_posneg_clip20,UNet3D4LA,apbs_shape,apbs_posneg_clip20,UNet3D4LA_best_model_in_terms_of_validation_paper_f1.pth,raw,0.1,top3,3,0.6829268292682926,0.5233644859813084,0.9824561403508771,56,51,1,0.5185185185185185,0.7777777777777778,6.082273143520114,3.9508552508448447,0.3672667062618302,0.36713379823418535,0.45922190312672717,307.49074074074076,1.6851851851851851,1,108
,scpdb_apbs_cutoff_fold1_apbs_shape_apbs_posneg_clip20,UNet3D4LA,apbs_shape,apbs_posneg_clip20,UNet3D4LA_best_model_in_terms_of_validation_paper_f1.pth,raw,0.1,top_n_plus_2,3,0.6829268292682926,0.5233644859813084,0.9824561403508771,56,51,1,0.5185185185185185,0.7777777777777778,6.082273143520114,3.9508552508448447,0.3672667062618302,0.36713379823418535,0.45922190312672717,307.49074074074076,1.6851851851851851,1,108
,scpdb_apbs_cutoff_fold1_apbs_shape_apbs_posneg_clip20,UNet3D4LA,apbs_shape,apbs_posneg_clip20,UNet3D4LA_best_model_in_terms_of_validation_paper_f1.pth,raw,0.2,top1,1,0.624203821656051,0.45794392523364486,0.98,49,58,1,0.4537037037037037,0.6666666666666666,11.499775160078404,9.101144997656242,0.3339082804481027,0.3339082804481027,0.48807791206720236,259.1203703703704,0.9907407407407407,1,108
,scpdb_apbs_cutoff_fold1_apbs_shape_apbs_posneg_clip20,UNet3D4LA,apbs_shape,apbs_posneg_clip20,UNet3D4LA_best_model_in_terms_of_validation_paper_f1.pth,raw,0.2,top2,2,0.6987951807228916,0.5420560747663551,0.9830508474576272,58,49,1,0.5370370370370371,0.7870370370370371,6.319974462363871,4.222919403835541,0.3949411814993345,0.3949411814993345,0.48944344132114537,259.1203703703704,1.462962962962963,1,108
,scpdb_apbs_cutoff_fold1_apbs_shape_apbs_posneg_clip20,UNet3D4LA,apbs_shape,apbs_posneg_clip20,UNet3D4LA_best_model_in_terms_of_validation_paper_f1.pth,raw,0.2,top3,3,0.6987951807228916,0.5420560747663551,0.9830508474576272,58,49,1,0.5370370370370371,0.7962962962962963,6.052608542009716,3.9496388780730145,0.3963815107174415,0.3963815107174415,0.48944344132114537,259.1203703703704,1.6481481481481481,1,108
,scpdb_apbs_cutoff_fold1_apbs_shape_apbs_posneg_clip20,UNet3D4LA,apbs_shape,apbs_posneg_clip20,UNet3D4LA_best_model_in_terms_of_validation_paper_f1.pth,raw,0.2,top_n_plus_2,3,0.6987951807228916,0.5420560747663551,0.9830508474576272,58,49,1,0.5370370370370371,0.7962962962962963,6.052608542009716,3.9496388780730145,0.3963815107174415,0.3963815107174415,0.48944344132114537,259.1203703703704,1.6481481481481481,1,108
,scpdb_apbs_cutoff_fold1_apbs_shape_apbs_posneg_clip20,UNet3D4LA,apbs_shape,apbs_posneg_clip20,UNet3D4LA_best_model_in_terms_of_validation_paper_f1.pth,raw,0.3,top1,1,0.6499999999999999,0.48598130841121495,0.9811320754716981,52,55,1,0.48148148148148145,0.6759259259259259,11.19666109402726,8.827438078846141,0.35584435358140865,0.35584435358140865,0.5091795833983077,227.7962962962963,0.9907407407407407,1,108
,scpdb_apbs_cutoff_fold1_apbs_shape_apbs_posneg_clip20,UNet3D4LA,apbs_shape,apbs_posneg_clip20,UNet3D4LA_best_model_in_terms_of_validation_paper_f1.pth,raw,0.3,top2,2,0.7142857142857142,0.5607476635514018,0.9836065573770492,60,47,1,0.5555555555555556,0.7870370370370371,6.2838262427230935,4.175405509445606,0.4104368338975171,0.4104368338975171,0.503913607624425,227.7962962962963,1.4351851851851851,1,108
,scpdb_apbs_cutoff_fold1_apbs_shape_apbs_posneg_clip20,UNet3D4LA,apbs_shape,apbs_posneg_clip20,UNet3D4LA_best_model_in_terms_of_validation_paper_f1.pth,raw,0.3,top3,3,0.7142857142857142,0.5607476635514018,0.9836065573770492,60,47,1,0.5555555555555556,0.7962962962962963,6.017608262983083,3.9048248260740186,0.41191377095727627,0.41191377095727627,0.503913607624425,227.7962962962963,1.6296296296296295,1,108
,scpdb_apbs_cutoff_fold1_apbs_shape_apbs_posneg_clip20,UNet3D4LA,apbs_shape,apbs_posneg_clip20,UNet3D4LA_best_model_in_terms_of_validation_paper_f1.pth,raw,0.3,top_n_plus_2,3,0.7142857142857142,0.5607476635514018,0.9836065573770492,60,47,1,0.5555555555555556,0.7962962962962963,6.017608262983083,3.9048248260740186,0.41191377095727627,0.41191377095727627,0.503913607624425,227.7962962962963,1.6296296296296295,1,108
,scpdb_apbs_cutoff_fold1_apbs_shape_apbs_posneg_clip20,UNet3D4LA,apbs_shape,apbs_posneg_clip20,UNet3D4LA_best_model_in_terms_of_validation_paper_f1.pth,raw,0.35,top1,1,0.0,0.0,0.0,0,0,108,0.0,0.0,121.24355652982143,121.24355652982143,0.0,0.0,0.0,0.0,0.0,108,108
,scpdb_apbs_cutoff_fold1_apbs_shape_apbs_posneg_clip20,UNet3D4LA,apbs_shape,apbs_posneg_clip20,UNet3D4LA_best_model_in_terms_of_validation_paper_f1.pth,raw,0.35,top2,2,0.0,0.0,0.0,0,0,108,0.0,0.0,121.24355652982143,121.24355652982143,0.0,0.0,0.0,0.0,0.0,108,108
,scpdb_apbs_cutoff_fold1_apbs_shape_apbs_posneg_clip20,UNet3D4LA,apbs_shape,apbs_posneg_clip20,UNet3D4LA_best_model_in_terms_of_validation_paper_f1.pth,raw,0.35,top3,3,0.0,0.0,0.0,0,0,108,0.0,0.0,121.24355652982143,121.24355652982143,0.0,0.0,0.0,0.0,0.0,108,108
,scpdb_apbs_cutoff_fold1_apbs_shape_apbs_posneg_clip20,UNet3D4LA,apbs_shape,apbs_posneg_clip20,UNet3D4LA_best_model_in_terms_of_validation_paper_f1.pth,raw,0.35,top_n_plus_2,3,0.0,0.0,0.0,0,0,108,0.0,0.0,121.24355652982143,121.24355652982143,0.0,0.0,0.0,0.0,0.0,108,108
,scpdb_apbs_cutoff_fold1_apbs_shape_apbs_posneg_clip20,UNet3D4LA,apbs_shape,apbs_posneg_clip20,UNet3D4LA_best_model_in_terms_of_validation_paper_f1.pth,raw,0.4,top1,1,0.0,0.0,0.0,0,0,108,0.0,0.0,121.24355652982143,121.24355652982143,0.0,0.0,0.0,0.0,0.0,108,108
,scpdb_apbs_cutoff_fold1_apbs_shape_apbs_posneg_clip20,UNet3D4LA,apbs_shape,apbs_posneg_clip20,UNet3D4LA_best_model_in_terms_of_validation_paper_f1.pth,raw,0.4,top2,2,0.0,0.0,0.0,0,0,108,0.0,0.0,121.24355652982143,121.24355652982143,0.0,0.0,0.0,0.0,0.0,108,108
,scpdb_apbs_cutoff_fold1_apbs_shape_apbs_posneg_clip20,UNet3D4LA,apbs_shape,apbs_posneg_clip20,UNet3D4LA_best_model_in_terms_of_validation_paper_f1.pth,raw,0.4,top3,3,0.0,0.0,0.0,0,0,108,0.0,0.0,121.24355652982143,121.24355652982143,0.0,0.0,0.0,0.0,0.0,108,108
,scpdb_apbs_cutoff_fold1_apbs_shape_apbs_posneg_clip20,UNet3D4LA,apbs_shape,apbs_posneg_clip20,UNet3D4LA_best_model_in_terms_of_validation_paper_f1.pth,raw,0.4,top_n_plus_2,3,0.0,0.0,0.0,0,0,108,0.0,0.0,121.24355652982143,121.24355652982143,0.0,0.0,0.0,0.0,0.0,108,108
,scpdb_apbs_cutoff_fold1_apbs_shape_apbs_posneg_clip20,UNet3D4LA,apbs_shape,apbs_posneg_clip20,UNet3D4LA_best_model_in_terms_of_validation_paper_f1.pth,raw,0.45,top1,1,0.0,0.0,0.0,0,0,108,0.0,0.0,121.24355652982143,121.24355652982143,0.0,0.0,0.0,0.0,0.0,108,108
,scpdb_apbs_cutoff_fold1_apbs_shape_apbs_posneg_clip20,UNet3D4LA,apbs_shape,apbs_posneg_clip20,UNet3D4LA_best_model_in_terms_of_validation_paper_f1.pth,raw,0.45,top2,2,0.0,0.0,0.0,0,0,108,0.0,0.0,121.24355652982143,121.24355652982143,0.0,0.0,0.0,0.0,0.0,108,108
,scpdb_apbs_cutoff_fold1_apbs_shape_apbs_posneg_clip20,UNet3D4LA,apbs_shape,apbs_posneg_clip20,UNet3D4LA_best_model_in_terms_of_validation_paper_f1.pth,raw,0.45,top3,3,0.0,0.0,0.0,0,0,108,0.0,0.0,121.24355652982143,121.24355652982143,0.0,0.0,0.0,0.0,0.0,108,108
,scpdb_apbs_cutoff_fold1_apbs_shape_apbs_posneg_clip20,UNet3D4LA,apbs_shape,apbs_posneg_clip20,UNet3D4LA_best_model_in_terms_of_validation_paper_f1.pth,raw,0.45,top_n_plus_2,3,0.0,0.0,0.0,0,0,108,0.0,0.0,121.24355652982143,121.24355652982143,0.0,0.0,0.0,0.0,0.0,108,108
,scpdb_apbs_cutoff_fold1_apbs_shape_apbs_posneg_clip20,UNet3D4LA,apbs_shape,apbs_posneg_clip20,UNet3D4LA_best_model_in_terms_of_validation_paper_f1.pth,raw,0.5,top1,1,0.0,0.0,0.0,0,0,108,0.0,0.0,121.24355652982143,121.24355652982143,0.0,0.0,0.0,0.0,0.0,108,108
,scpdb_apbs_cutoff_fold1_apbs_shape_apbs_posneg_clip20,UNet3D4LA,apbs_shape,apbs_posneg_clip20,UNet3D4LA_best_model_in_terms_of_validation_paper_f1.pth,raw,0.5,top2,2,0.0,0.0,0.0,0,0,108,0.0,0.0,121.24355652982143,121.24355652982143,0.0,0.0,0.0,0.0,0.0,108,108
,scpdb_apbs_cutoff_fold1_apbs_shape_apbs_posneg_clip20,UNet3D4LA,apbs_shape,apbs_posneg_clip20,UNet3D4LA_best_model_in_terms_of_validation_paper_f1.pth,raw,0.5,top3,3,0.0,0.0,0.0,0,0,108,0.0,0.0,121.24355652982143,121.24355652982143,0.0,0.0,0.0,0.0,0.0,108,108
,scpdb_apbs_cutoff_fold1_apbs_shape_apbs_posneg_clip20,UNet3D4LA,apbs_shape,apbs_posneg_clip20,UNet3D4LA_best_model_in_terms_of_validation_paper_f1.pth,raw,0.5,top_n_plus_2,3,0.0,0.0,0.0,0,0,108,0.0,0.0,121.24355652982143,121.24355652982143,0.0,0.0,0.0,0.0,0.0,108,108
,scpdb_apbs_cutoff_fold1_apbs_shape_apbs_posneg_clip20,UNet3D4LA,apbs_shape,apbs_posneg_clip20,UNet3D4LA_best_model_in_terms_of_validation_paper_f1.pth,raw,0.55,top1,1,0.0,0.0,0.0,0,0,108,0.0,0.0,121.24355652982143,121.24355652982143,0.0,0.0,0.0,0.0,0.0,108,108
,scpdb_apbs_cutoff_fold1_apbs_shape_apbs_posneg_clip20,UNet3D4LA,apbs_shape,apbs_posneg_clip20,UNet3D4LA_best_model_in_terms_of_validation_paper_f1.pth,raw,0.55,top2,2,0.0,0.0,0.0,0,0,108,0.0,0.0,121.24355652982143,121.24355652982143,0.0,0.0,0.0,0.0,0.0,108,108
,scpdb_apbs_cutoff_fold1_apbs_shape_apbs_posneg_clip20,UNet3D4LA,apbs_shape,apbs_posneg_clip20,UNet3D4LA_best_model_in_terms_of_validation_paper_f1.pth,raw,0.55,top3,3,0.0,0.0,0.0,0,0,108,0.0,0.0,121.24355652982143,121.24355652982143,0.0,0.0,0.0,0.0,0.0,108,108
,scpdb_apbs_cutoff_fold1_apbs_shape_apbs_posneg_clip20,UNet3D4LA,apbs_shape,apbs_posneg_clip20,UNet3D4LA_best_model_in_terms_of_validation_paper_f1.pth,raw,0.55,top_n_plus_2,3,0.0,0.0,0.0,0,0,108,0.0,0.0,121.24355652982143,121.24355652982143,0.0,0.0,0.0,0.0,0.0,108,108
,scpdb_apbs_cutoff_fold1_apbs_shape_apbs_posneg_clip20,UNet3D4LA,apbs_shape,apbs_posneg_clip20,UNet3D4LA_best_model_in_terms_of_validation_paper_f1.pth,raw,0.6,top1,1,0.0,0.0,0.0,0,0,108,0.0,0.0,121.24355652982143,121.24355652982143,0.0,0.0,0.0,0.0,0.0,108,108
,scpdb_apbs_cutoff_fold1_apbs_shape_apbs_posneg_clip20,UNet3D4LA,apbs_shape,apbs_posneg_clip20,UNet3D4LA_best_model_in_terms_of_validation_paper_f1.pth,raw,0.6,top2,2,0.0,0.0,0.0,0,0,108,0.0,0.0,121.24355652982143,121.24355652982143,0.0,0.0,0.0,0.0,0.0,108,108
,scpdb_apbs_cutoff_fold1_apbs_shape_apbs_posneg_clip20,UNet3D4LA,apbs_shape,apbs_posneg_clip20,UNet3D4LA_best_model_in_terms_of_validation_paper_f1.pth,raw,0.6,top3,3,0.0,0.0,0.0,0,0,108,0.0,0.0,121.24355652982143,121.24355652982143,0.0,0.0,0.0,0.0,0.0,108,108
,scpdb_apbs_cutoff_fold1_apbs_shape_apbs_posneg_clip20,UNet3D4LA,apbs_shape,apbs_posneg_clip20,UNet3D4LA_best_model_in_terms_of_validation_paper_f1.pth,raw,0.6,top_n_plus_2,3,0.0,0.0,0.0,0,0,108,0.0,0.0,121.24355652982143,121.24355652982143,0.0,0.0,0.0,0.0,0.0,108,108
,scpdb_apbs_cutoff_fold1_apbs_shape_apbs_posneg_clip20,UNet3D4LA,apbs_shape,apbs_posneg_clip20,UNet3D4LA_best_model_in_terms_of_validation_paper_f1.pth,raw,0.7,top1,1,0.0,0.0,0.0,0,0,108,0.0,0.0,121.24355652982143,121.24355652982143,0.0,0.0,0.0,0.0,0.0,108,108
,scpdb_apbs_cutoff_fold1_apbs_shape_apbs_posneg_clip20,UNet3D4LA,apbs_shape,apbs_posneg_clip20,UNet3D4LA_best_model_in_terms_of_validation_paper_f1.pth,raw,0.7,top2,2,0.0,0.0,0.0,0,0,108,0.0,0.0,121.24355652982143,121.24355652982143,0.0,0.0,0.0,0.0,0.0,108,108
,scpdb_apbs_cutoff_fold1_apbs_shape_apbs_posneg_clip20,UNet3D4LA,apbs_shape,apbs_posneg_clip20,UNet3D4LA_best_model_in_terms_of_validation_paper_f1.pth,raw,0.7,top3,3,0.0,0.0,0.0,0,0,108,0.0,0.0,121.24355652982143,121.24355652982143,0.0,0.0,0.0,0.0,0.0,108,108
,scpdb_apbs_cutoff_fold1_apbs_shape_apbs_posneg_clip20,UNet3D4LA,apbs_shape,apbs_posneg_clip20,UNet3D4LA_best_model_in_terms_of_validation_paper_f1.pth,raw,0.7,top_n_plus_2,3,0.0,0.0,0.0,0,0,108,0.0,0.0,121.24355652982143,121.24355652982143,0.0,0.0,0.0,0.0,0.0,108,108
,scpdb_apbs_cutoff_fold1_apbs_shape_apbs_posneg_clip20,UNet3D4LA,apbs_shape,apbs_posneg_clip20,UNet3D4LA_best_model_in_terms_of_validation_paper_f1.pth,raw,0.8,top1,1,0.0,0.0,0.0,0,0,108,0.0,0.0,121.24355652982143,121.24355652982143,0.0,0.0,0.0,0.0,0.0,108,108
,scpdb_apbs_cutoff_fold1_apbs_shape_apbs_posneg_clip20,UNet3D4LA,apbs_shape,apbs_posneg_clip20,UNet3D4LA_best_model_in_terms_of_validation_paper_f1.pth,raw,0.8,top2,2,0.0,0.0,0.0,0,0,108,0.0,0.0,121.24355652982143,121.24355652982143,0.0,0.0,0.0,0.0,0.0,108,108
,scpdb_apbs_cutoff_fold1_apbs_shape_apbs_posneg_clip20,UNet3D4LA,apbs_shape,apbs_posneg_clip20,UNet3D4LA_best_model_in_terms_of_validation_paper_f1.pth,raw,0.8,top3,3,0.0,0.0,0.0,0,0,108,0.0,0.0,121.24355652982143,121.24355652982143,0.0,0.0,0.0,0.0,0.0,108,108
,scpdb_apbs_cutoff_fold1_apbs_shape_apbs_posneg_clip20,UNet3D4LA,apbs_shape,apbs_posneg_clip20,UNet3D4LA_best_model_in_terms_of_validation_paper_f1.pth,raw,0.8,top_n_plus_2,3,0.0,0.0,0.0,0,0,108,0.0,0.0,121.24355652982143,121.24355652982143,0.0,0.0,0.0,0.0,0.0,108,108
,scpdb_apbs_cutoff_fold1_apbs_shape_apbs_posneg_clip20,UNet3D4LA,apbs_shape,apbs_posneg_clip20,UNet3D4LA_best_model_in_terms_of_validation_paper_f1.pth,raw,0.9,top1,1,0.0,0.0,0.0,0,0,108,0.0,0.0,121.24355652982143,121.24355652982143,0.0,0.0,0.0,0.0,0.0,108,108
,scpdb_apbs_cutoff_fold1_apbs_shape_apbs_posneg_clip20,UNet3D4LA,apbs_shape,apbs_posneg_clip20,UNet3D4LA_best_model_in_terms_of_validation_paper_f1.pth,raw,0.9,top2,2,0.0,0.0,0.0,0,0,108,0.0,0.0,121.24355652982143,121.24355652982143,0.0,0.0,0.0,0.0,0.0,108,108
,scpdb_apbs_cutoff_fold1_apbs_shape_apbs_posneg_clip20,UNet3D4LA,apbs_shape,apbs_posneg_clip20,UNet3D4LA_best_model_in_terms_of_validation_paper_f1.pth,raw,0.9,top3,3,0.0,0.0,0.0,0,0,108,0.0,0.0,121.24355652982143,121.24355652982143,0.0,0.0,0.0,0.0,0.0,108,108
,scpdb_apbs_cutoff_fold1_apbs_shape_apbs_posneg_clip20,UNet3D4LA,apbs_shape,apbs_posneg_clip20,UNet3D4LA_best_model_in_terms_of_validation_paper_f1.pth,raw,0.9,top_n_plus_2,3,0.0,0.0,0.0,0,0,108,0.0,0.0,121.24355652982143,121.24355652982143,0.0,0.0,0.0,0.0,0.0,108,108
,scpdb_apbs_cutoff_fold1_apbs_shape_apbs_posneg_clip20,UNetPlusPlus3D,apbs_shape,apbs_posneg_clip20,UNetPlusPlus3D_best_model_in_terms_of_validation_paper_f1.pth,raw,0.05,top1,1,0.6829268292682926,0.5384615384615384,0.9333333333333333,56,48,4,0.5185185185185185,0.7222222222222222,12.789873668079183,10.485043727521223,0.37643309726005003,0.37643309726005003,0.5237203238525484,162.55555555555554,0.9629629629629629,4,108
,scpdb_apbs_cutoff_fold1_apbs_shape_apbs_posneg_clip20,UNetPlusPlus3D,apbs_shape,apbs_posneg_clip20,UNetPlusPlus3D_best_model_in_terms_of_validation_paper_f1.pth,raw,0.05,top2,2,0.7142857142857143,0.5769230769230769,0.9375,60,44,4,0.5555555555555556,0.7962962962962963,10.00680978193263,7.81528075517568,0.4074881610454974,0.4074881610454974,0.5168634367569661,162.55555555555554,1.3240740740740742,4,108
,scpdb_apbs_cutoff_fold1_apbs_shape_apbs_posneg_clip20,UNetPlusPlus3D,apbs_shape,apbs_posneg_clip20,UNetPlusPlus3D_best_model_in_terms_of_validation_paper_f1.pth,raw,0.05,top3,3,0.7142857142857143,0.5769230769230769,0.9375,60,44,4,0.5555555555555556,0.7962962962962963,10.00680978193263,7.81528075517568,0.4074881610454974,0.4074881610454974,0.5168634367569661,162.55555555555554,1.3796296296296295,4,108
,scpdb_apbs_cutoff_fold1_apbs_shape_apbs_posneg_clip20,UNetPlusPlus3D,apbs_shape,apbs_posneg_clip20,UNetPlusPlus3D_best_model_in_terms_of_validation_paper_f1.pth,raw,0.05,top_n_plus_2,3,0.7142857142857143,0.5769230769230769,0.9375,60,44,4,0.5555555555555556,0.7962962962962963,10.00680978193263,7.81528075517568,0.4074881610454974,0.4074881610454974,0.5168634367569661,162.55555555555554,1.3796296296296295,4,108
,scpdb_apbs_cutoff_fold1_apbs_shape_apbs_posneg_clip20,UNetPlusPlus3D,apbs_shape,apbs_posneg_clip20,UNetPlusPlus3D_best_model_in_terms_of_validation_paper_f1.pth,raw,0.1,top1,1,0.674846625766871,0.5288461538461539,0.9322033898305084,55,49,4,0.5092592592592593,0.7222222222222222,12.80210325287977,10.494042008578502,0.3774947444930906,0.3774947444930906,0.5333149524669032,152.94444444444446,0.9629629629629629,4,108
,scpdb_apbs_cutoff_fold1_apbs_shape_apbs_posneg_clip20,UNetPlusPlus3D,apbs_shape,apbs_posneg_clip20,UNetPlusPlus3D_best_model_in_terms_of_validation_paper_f1.pth,raw,0.1,top2,2,0.7065868263473054,0.5673076923076923,0.9365079365079365,59,45,4,0.5462962962962963,0.7962962962962963,10.260433442903027,8.034134415534098,0.40834899314974177,0.40834899314974177,0.5257851128274537,152.94444444444446,1.3055555555555556,4,108
,scpdb_apbs_cutoff_fold1_apbs_shape_apbs_posneg_clip20,UNetPlusPlus3D,apbs_shape,apbs_posneg_clip20,UNetPlusPlus3D_best_model_in_terms_of_validation_paper_f1.pth,raw,0.1,top3,3,0.7065868263473054,0.5673076923076923,0.9365079365079365,59,45,4,0.5462962962962963,0.7962962962962963,10.260433442903027,8.034134415534098,0.40834899314974177,0.40834899314974177,0.5257851128274537,152.94444444444446,1.3518518518518519,4,108
,scpdb_apbs_cutoff_fold1_apbs_shape_apbs_posneg_clip20,UNetPlusPlus3D,apbs_shape,apbs_posneg_clip20,UNetPlusPlus3D_best_model_in_terms_of_validation_paper_f1.pth,raw,0.1,top_n_plus_2,3,0.7065868263473054,0.5673076923076923,0.9365079365079365,59,45,4,0.5462962962962963,0.7962962962962963,10.260433442903027,8.034134415534098,0.40834899314974177,0.40834899314974177,0.5257851128274537,152.94444444444446,1.3518518518518519,4,108
,scpdb_apbs_cutoff_fold1_apbs_shape_apbs_posneg_clip20,UNetPlusPlus3D,apbs_shape,apbs_posneg_clip20,UNetPlusPlus3D_best_model_in_terms_of_validation_paper_f1.pth,raw,0.2,top1,1,0.6666666666666666,0.5192307692307693,0.9310344827586207,54,50,4,0.5,0.7222222222222222,12.78617539041707,10.473181713575967,0.3792264798857757,0.3792264798857757,0.5325448205323242,142.9814814814815,0.9629629629629629,4,108
,scpdb_apbs_cutoff_fold1_apbs_shape_apbs_posneg_clip20,UNetPlusPlus3D,apbs_shape,apbs_posneg_clip20,UNetPlusPlus3D_best_model_in_terms_of_validation_paper_f1.pth,raw,0.2,top2,2,0.6987951807228916,0.5576923076923077,0.9354838709677419,58,46,4,0.5370370370370371,0.7962962962962963,10.257093608106345,8.020182629341335,0.40829954394522433,0.40829954394522433,0.5227836853682539,142.9814814814815,1.3055555555555556,4,108
,scpdb_apbs_cutoff_fold1_apbs_shape_apbs_posneg_clip20,UNetPlusPlus3D,apbs_shape,apbs_posneg_clip20,UNetPlusPlus3D_best_model_in_terms_of_validation_paper_f1.pth,raw,0.2,top3,3,0.6987951807228916,0.5576923076923077,0.9354838709677419,58,46,4,0.5370370370370371,0.7962962962962963,10.257093608106345,8.020182629341335,0.40829954394522433,0.40829954394522433,0.5227836853682539,142.9814814814815,1.3425925925925926,4,108
,scpdb_apbs_cutoff_fold1_apbs_shape_apbs_posneg_clip20,UNetPlusPlus3D,apbs_shape,apbs_posneg_clip20,UNetPlusPlus3D_best_model_in_terms_of_validation_paper_f1.pth,raw,0.2,top_n_plus_2,3,0.6987951807228916,0.5576923076923077,0.9354838709677419,58,46,4,0.5370370370370371,0.7962962962962963,10.257093608106345,8.020182629341335,0.40829954394522433,0.40829954394522433,0.5227836853682539,142.9814814814815,1.3425925925925926,4,108
,scpdb_apbs_cutoff_fold1_apbs_shape_apbs_posneg_clip20,UNetPlusPlus3D,apbs_shape,apbs_posneg_clip20,UNetPlusPlus3D_best_model_in_terms_of_validation_paper_f1.pth,raw,0.3,top1,1,0.6666666666666666,0.5192307692307693,0.9310344827586207,54,50,4,0.5,0.7222222222222222,12.795424321409348,10.475078600248391,0.3806599344258557,0.3806599344258557,0.5287626587989063,137.1851851851852,0.9629629629629629,4,108
,scpdb_apbs_cutoff_fold1_apbs_shape_apbs_posneg_clip20,UNetPlusPlus3D,apbs_shape,apbs_posneg_clip20,UNetPlusPlus3D_best_model_in_terms_of_validation_paper_f1.pth,raw,0.3,top2,2,0.6987951807228916,0.5576923076923077,0.9354838709677419,58,46,4,0.5370370370370371,0.7962962962962963,10.265218044399369,8.019392888997642,0.40948142563943196,0.40948142563943196,0.5189468593202357,137.1851851851852,1.2962962962962963,4,108
,scpdb_apbs_cutoff_fold1_apbs_shape_apbs_posneg_clip20,UNetPlusPlus3D,apbs_shape,apbs_posneg_clip20,UNetPlusPlus3D_best_model_in_terms_of_validation_paper_f1.pth,raw,0.3,top3,3,0.6987951807228916,0.5576923076923077,0.9354838709677419,58,46,4,0.5370370370370371,0.7962962962962963,10.265218044399369,8.019392888997642,0.40948142563943196,0.40948142563943196,0.5189468593202357,137.1851851851852,1.3240740740740742,4,108
,scpdb_apbs_cutoff_fold1_apbs_shape_apbs_posneg_clip20,UNetPlusPlus3D,apbs_shape,apbs_posneg_clip20,UNetPlusPlus3D_best_model_in_terms_of_validation_paper_f1.pth,raw,0.3,top_n_plus_2,3,0.6987951807228916,0.5576923076923077,0.9354838709677419,58,46,4,0.5370370370370371,0.7962962962962963,10.265218044399369,8.019392888997642,0.40948142563943196,0.40948142563943196,0.5189468593202357,137.1851851851852,1.3240740740740742,4,108
,scpdb_apbs_cutoff_fold1_apbs_shape_apbs_posneg_clip20,UNetPlusPlus3D,apbs_shape,apbs_posneg_clip20,UNetPlusPlus3D_best_model_in_terms_of_validation_paper_f1.pth,raw,0.35,top1,1,0.6666666666666666,0.5192307692307693,0.9310344827586207,54,50,4,0.5,0.7222222222222222,12.7914478298846,10.47185363542542,0.3795105695678575,0.3795105695678575,0.5320184263757531,134.55555555555554,0.9629629629629629,4,108
,scpdb_apbs_cutoff_fold1_apbs_shape_apbs_posneg_clip20,UNetPlusPlus3D,apbs_shape,apbs_posneg_clip20,UNetPlusPlus3D_best_model_in_terms_of_validation_paper_f1.pth,raw,0.35,top2,2,0.6987951807228916,0.5576923076923077,0.9354838709677419,58,46,4,0.5370370370370371,0.7962962962962963,10.266423935599072,8.018731919660352,0.40768678778674294,0.40768678778674294,0.5217507253365156,134.55555555555554,1.2962962962962963,4,108
,scpdb_apbs_cutoff_fold1_apbs_shape_apbs_posneg_clip20,UNetPlusPlus3D,apbs_shape,apbs_posneg_clip20,UNetPlusPlus3D_best_model_in_terms_of_validation_paper_f1.pth,raw,0.35,top3,3,0.6987951807228916,0.5576923076923077,0.9354838709677419,58,46,4,0.5370370370370371,0.7962962962962963,10.266423935599072,8.018731919660352,0.40768678778674294,0.40768678778674294,0.5217507253365156,134.55555555555554,1.3240740740740742,4,108
,scpdb_apbs_cutoff_fold1_apbs_shape_apbs_posneg_clip20,UNetPlusPlus3D,apbs_shape,apbs_posneg_clip20,UNetPlusPlus3D_best_model_in_terms_of_validation_paper_f1.pth,raw,0.35,top_n_plus_2,3,0.6987951807228916,0.5576923076923077,0.9354838709677419,58,46,4,0.5370370370370371,0.7962962962962963,10.266423935599072,8.018731919660352,0.40768678778674294,0.40768678778674294,0.5217507253365156,134.55555555555554,1.3240740740740742,4,108
,scpdb_apbs_cutoff_fold1_apbs_shape_apbs_posneg_clip20,UNetPlusPlus3D,apbs_shape,apbs_posneg_clip20,UNetPlusPlus3D_best_model_in_terms_of_validation_paper_f1.pth,raw,0.4,top1,1,0.6666666666666666,0.5192307692307693,0.9310344827586207,54,50,4,0.5,0.7222222222222222,12.791324859158212,10.468471299993544,0.3802095222325739,0.3802095222325739,0.5335543328991629,132.50925925925927,0.9629629629629629,4,108
,scpdb_apbs_cutoff_fold1_apbs_shape_apbs_posneg_clip20,UNetPlusPlus3D,apbs_shape,apbs_posneg_clip20,UNetPlusPlus3D_best_model_in_terms_of_validation_paper_f1.pth,raw,0.4,top2,2,0.6987951807228916,0.5576923076923077,0.9354838709677419,58,46,4,0.5370370370370371,0.7962962962962963,10.265814945807616,8.014961851642177,0.40805109106489956,0.40805109106489956,0.5229463650889596,132.50925925925927,1.2962962962962963,4,108
,scpdb_apbs_cutoff_fold1_apbs_shape_apbs_posneg_clip20,UNetPlusPlus3D,apbs_shape,apbs_posneg_clip20,UNetPlusPlus3D_best_model_in_terms_of_validation_paper_f1.pth,raw,0.4,top3,3,0.6987951807228916,0.5576923076923077,0.9354838709677419,58,46,4,0.5370370370370371,0.7962962962962963,10.265814945807616,8.014961851642177,0.40805109106489956,0.40805109106489956,0.5229463650889596,132.50925925925927,1.3333333333333333,4,108
,scpdb_apbs_cutoff_fold1_apbs_shape_apbs_posneg_clip20,UNetPlusPlus3D,apbs_shape,apbs_posneg_clip20,UNetPlusPlus3D_best_model_in_terms_of_validation_paper_f1.pth,raw,0.4,top_n_plus_2,3,0.6987951807228916,0.5576923076923077,0.9354838709677419,58,46,4,0.5370370370370371,0.7962962962962963,10.265814945807616,8.014961851642177,0.40805109106489956,0.40805109106489956,0.5229463650889596,132.50925925925927,1.3333333333333333,4,108
,scpdb_apbs_cutoff_fold1_apbs_shape_apbs_posneg_clip20,UNetPlusPlus3D,apbs_shape,apbs_posneg_clip20,UNetPlusPlus3D_best_model_in_terms_of_validation_paper_f1.pth,raw,0.45,top1,1,0.6666666666666666,0.5192307692307693,0.9310344827586207,54,50,4,0.5,0.7222222222222222,12.79652838856186,10.465944984792097,0.37977264543934236,0.37977264543934236,0.5325843060281462,130.25,0.9629629629629629,4,108
,scpdb_apbs_cutoff_fold1_apbs_shape_apbs_posneg_clip20,UNetPlusPlus3D,apbs_shape,apbs_posneg_clip20,UNetPlusPlus3D_best_model_in_terms_of_validation_paper_f1.pth,raw,0.45,top2,2,0.6909090909090909,0.5480769230769231,0.9344262295081968,57,47,4,0.5277777777777778,0.7870370370370371,10.506040482485718,8.223906996128543,0.4068121707880898,0.4068121707880898,0.5300040841689253,130.25,1.2777777777777777,4,108
,scpdb_apbs_cutoff_fold1_apbs_shape_apbs_posneg_clip20,UNetPlusPlus3D,apbs_shape,apbs_posneg_clip20,UNetPlusPlus3D_best_model_in_terms_of_validation_paper_f1.pth,raw,0.45,top3,3,0.6909090909090909,0.5480769230769231,0.9344262295081968,57,47,4,0.5277777777777778,0.7870370370370371,10.506040482485718,8.223906996128543,0.4068121707880898,0.4068121707880898,0.5300040841689253,130.25,1.3055555555555556,4,108
,scpdb_apbs_cutoff_fold1_apbs_shape_apbs_posneg_clip20,UNetPlusPlus3D,apbs_shape,apbs_posneg_clip20,UNetPlusPlus3D_best_model_in_terms_of_validation_paper_f1.pth,raw,0.45,top_n_plus_2,3,0.6909090909090909,0.5480769230769231,0.9344262295081968,57,47,4,0.5277777777777778,0.7870370370370371,10.506040482485718,8.223906996128543,0.4068121707880898,0.4068121707880898,0.5300040841689253,130.25,1.3055555555555556,4,108
,scpdb_apbs_cutoff_fold1_apbs_shape_apbs_posneg_clip20,UNetPlusPlus3D,apbs_shape,apbs_posneg_clip20,UNetPlusPlus3D_best_model_in_terms_of_validation_paper_f1.pth,raw,0.5,top1,1,0.6666666666666666,0.5192307692307693,0.9310344827586207,54,50,4,0.5,0.7222222222222222,12.797027365065652,10.473088704221338,0.37940411905108085,0.37940411905108085,0.5319679941715173,128.22222222222223,0.9629629629629629,4,108
,scpdb_apbs_cutoff_fold1_apbs_shape_apbs_posneg_clip20,UNetPlusPlus3D,apbs_shape,apbs_posneg_clip20,UNetPlusPlus3D_best_model_in_terms_of_validation_paper_f1.pth,raw,0.5,top2,2,0.6909090909090909,0.5480769230769231,0.9344262295081968,57,47,4,0.5277777777777778,0.7870370370370371,10.50330496863076,8.228961562138489,0.4063003809630839,0.4063003809630839,0.5290248762064094,128.22222222222223,1.2777777777777777,4,108
,scpdb_apbs_cutoff_fold1_apbs_shape_apbs_posneg_clip20,UNetPlusPlus3D,apbs_shape,apbs_posneg_clip20,UNetPlusPlus3D_best_model_in_terms_of_validation_paper_f1.pth,raw,0.5,top3,3,0.6909090909090909,0.5480769230769231,0.9344262295081968,57,47,4,0.5277777777777778,0.7870370370370371,10.50330496863076,8.228961562138489,0.4063003809630839,0.4063003809630839,0.5290248762064094,128.22222222222223,1.3055555555555556,4,108
,scpdb_apbs_cutoff_fold1_apbs_shape_apbs_posneg_clip20,UNetPlusPlus3D,apbs_shape,apbs_posneg_clip20,UNetPlusPlus3D_best_model_in_terms_of_validation_paper_f1.pth,raw,0.5,top_n_plus_2,3,0.6909090909090909,0.5480769230769231,0.9344262295081968,57,47,4,0.5277777777777778,0.7870370370370371,10.50330496863076,8.228961562138489,0.4063003809630839,0.4063003809630839,0.5290248762064094,128.22222222222223,1.3055555555555556,4,108
,scpdb_apbs_cutoff_fold1_apbs_shape_apbs_posneg_clip20,UNetPlusPlus3D,apbs_shape,apbs_posneg_clip20,UNetPlusPlus3D_best_model_in_terms_of_validation_paper_f1.pth,raw,0.55,top1,1,0.6666666666666666,0.5192307692307693,0.9310344827586207,54,50,4,0.5,0.7222222222222222,12.798239434621467,10.47627649664122,0.3789016390145163,0.3789016390145163,0.5316691986228268,125.86111111111111,0.9629629629629629,4,108
,scpdb_apbs_cutoff_fold1_apbs_shape_apbs_posneg_clip20,UNetPlusPlus3D,apbs_shape,apbs_posneg_clip20,UNetPlusPlus3D_best_model_in_terms_of_validation_paper_f1.pth,raw,0.55,top2,2,0.6909090909090909,0.5480769230769231,0.9344262295081968,57,47,4,0.5277777777777778,0.7870370370370371,10.503493506769344,8.23062246404074,0.40584514319976656,0.40584514319976656,0.5286431834112824,125.86111111111111,1.2685185185185186,4,108
,scpdb_apbs_cutoff_fold1_apbs_shape_apbs_posneg_clip20,UNetPlusPlus3D,apbs_shape,apbs_posneg_clip20,UNetPlusPlus3D_best_model_in_terms_of_validation_paper_f1.pth,raw,0.55,top3,3,0.6909090909090909,0.5480769230769231,0.9344262295081968,57,47,4,0.5277777777777778,0.7870370370370371,10.503493506769344,8.23062246404074,0.40584514319976656,0.40584514319976656,0.5286431834112824,125.86111111111111,1.2962962962962963,4,108
,scpdb_apbs_cutoff_fold1_apbs_shape_apbs_posneg_clip20,UNetPlusPlus3D,apbs_shape,apbs_posneg_clip20,UNetPlusPlus3D_best_model_in_terms_of_validation_paper_f1.pth,raw,0.55,top_n_plus_2,3,0.6909090909090909,0.5480769230769231,0.9344262295081968,57,47,4,0.5277777777777778,0.7870370370370371,10.503493506769344,8.23062246404074,0.40584514319976656,0.40584514319976656,0.5286431834112824,125.86111111111111,1.2962962962962963,4,108
,scpdb_apbs_cutoff_fold1_apbs_shape_apbs_posneg_clip20,UNetPlusPlus3D,apbs_shape,apbs_posneg_clip20,UNetPlusPlus3D_best_model_in_terms_of_validation_paper_f1.pth,raw,0.6,top1,1,0.6666666666666666,0.5192307692307693,0.9310344827586207,54,50,4,0.5,0.7129629629629629,12.794718293367067,10.473103848666991,0.3785982744483276,0.3785982744483276,0.5308826211040435,123.57407407407408,0.9629629629629629,4,108
,scpdb_apbs_cutoff_fold1_apbs_shape_apbs_posneg_clip20,UNetPlusPlus3D,apbs_shape,apbs_posneg_clip20,UNetPlusPlus3D_best_model_in_terms_of_validation_paper_f1.pth,raw,0.6,top2,2,0.6909090909090909,0.5480769230769231,0.9344262295081968,57,47,4,0.5277777777777778,0.7777777777777778,10.5001144325559,8.227493806351545,0.40552661638892434,0.40552661638892434,0.5278123540747541,123.57407407407408,1.2592592592592593,4,108
,scpdb_apbs_cutoff_fold1_apbs_shape_apbs_posneg_clip20,UNetPlusPlus3D,apbs_shape,apbs_posneg_clip20,UNetPlusPlus3D_best_model_in_terms_of_validation_paper_f1.pth,raw,0.6,top3,3,0.6909090909090909,0.5480769230769231,0.9344262295081968,57,47,4,0.5277777777777778,0.7777777777777778,10.5001144325559,8.227493806351545,0.40552661638892434,0.40552661638892434,0.5278123540747541,123.57407407407408,1.287037037037037,4,108
,scpdb_apbs_cutoff_fold1_apbs_shape_apbs_posneg_clip20,UNetPlusPlus3D,apbs_shape,apbs_posneg_clip20,UNetPlusPlus3D_best_model_in_terms_of_validation_paper_f1.pth,raw,0.6,top_n_plus_2,3,0.6909090909090909,0.5480769230769231,0.9344262295081968,57,47,4,0.5277777777777778,0.7777777777777778,10.5001144325559,8.227493806351545,0.40552661638892434,0.40552661638892434,0.5278123540747541,123.57407407407408,1.287037037037037,4,108
,scpdb_apbs_cutoff_fold1_apbs_shape_apbs_posneg_clip20,UNetPlusPlus3D,apbs_shape,apbs_posneg_clip20,UNetPlusPlus3D_best_model_in_terms_of_validation_paper_f1.pth,raw,0.7,top1,1,0.6666666666666666,0.5192307692307693,0.9310344827586207,54,50,4,0.5,0.7222222222222222,12.778066406955405,10.451601589722854,0.3791470419579802,0.3791470419579802,0.5306972505770138,119.1574074074074,0.9629629629629629,4,108
,scpdb_apbs_cutoff_fold1_apbs_shape_apbs_posneg_clip20,UNetPlusPlus3D,apbs_shape,apbs_posneg_clip20,UNetPlusPlus3D_best_model_in_terms_of_validation_paper_f1.pth,raw,0.7,top2,2,0.6909090909090909,0.5480769230769231,0.9344262295081968,57,47,4,0.5277777777777778,0.7870370370370371,10.486923742561496,8.21230307001412,0.40475538299005176,0.40475538299005176,0.5262945387612753,119.1574074074074,1.2592592592592593,4,108
,scpdb_apbs_cutoff_fold1_apbs_shape_apbs_posneg_clip20,UNetPlusPlus3D,apbs_shape,apbs_posneg_clip20,UNetPlusPlus3D_best_model_in_terms_of_validation_paper_f1.pth,raw,0.7,top3,3,0.6909090909090909,0.5480769230769231,0.9344262295081968,57,47,4,0.5277777777777778,0.7870370370370371,10.486923742561496,8.21230307001412,0.40475538299005176,0.40475538299005176,0.5262945387612753,119.1574074074074,1.287037037037037,4,108
,scpdb_apbs_cutoff_fold1_apbs_shape_apbs_posneg_clip20,UNetPlusPlus3D,apbs_shape,apbs_posneg_clip20,UNetPlusPlus3D_best_model_in_terms_of_validation_paper_f1.pth,raw,0.7,top_n_plus_2,3,0.6909090909090909,0.5480769230769231,0.9344262295081968,57,47,4,0.5277777777777778,0.7870370370370371,10.486923742561496,8.21230307001412,0.40475538299005176,0.40475538299005176,0.5262945387612753,119.1574074074074,1.287037037037037,4,108
,scpdb_apbs_cutoff_fold1_apbs_shape_apbs_posneg_clip20,UNetPlusPlus3D,apbs_shape,apbs_posneg_clip20,UNetPlusPlus3D_best_model_in_terms_of_validation_paper_f1.pth,raw,0.8,top1,1,0.6666666666666666,0.5192307692307693,0.9310344827586207,54,50,4,0.5,0.7222222222222222,12.782645415516539,10.437121504879869,0.3787818377988572,0.3787818377988572,0.5295787332416872,113.29629629629629,0.9629629629629629,4,108
,scpdb_apbs_cutoff_fold1_apbs_shape_apbs_posneg_clip20,UNetPlusPlus3D,apbs_shape,apbs_posneg_clip20,UNetPlusPlus3D_best_model_in_terms_of_validation_paper_f1.pth,raw,0.8,top2,2,0.6909090909090909,0.5480769230769231,0.9344262295081968,57,47,4,0.5277777777777778,0.7870370370370371,10.486926823612414,8.190869923652283,0.4039861994512472,0.4039861994512472,0.524809376424379,113.29629629629629,1.2314814814814814,4,108
,scpdb_apbs_cutoff_fold1_apbs_shape_apbs_posneg_clip20,UNetPlusPlus3D,apbs_shape,apbs_posneg_clip20,UNetPlusPlus3D_best_model_in_terms_of_validation_paper_f1.pth,raw,0.8,top3,3,0.6909090909090909,0.5480769230769231,0.9344262295081968,57,47,4,0.5277777777777778,0.7870370370370371,10.486926823612414,8.190869923652283,0.4039861994512472,0.4039861994512472,0.524809376424379,113.29629629629629,1.2592592592592593,4,108
,scpdb_apbs_cutoff_fold1_apbs_shape_apbs_posneg_clip20,UNetPlusPlus3D,apbs_shape,apbs_posneg_clip20,UNetPlusPlus3D_best_model_in_terms_of_validation_paper_f1.pth,raw,0.8,top_n_plus_2,3,0.6909090909090909,0.5480769230769231,0.9344262295081968,57,47,4,0.5277777777777778,0.7870370370370371,10.486926823612414,8.190869923652283,0.4039861994512472,0.4039861994512472,0.524809376424379,113.29629629629629,1.2592592592592593,4,108
,scpdb_apbs_cutoff_fold1_apbs_shape_apbs_posneg_clip20,UNetPlusPlus3D,apbs_shape,apbs_posneg_clip20,UNetPlusPlus3D_best_model_in_terms_of_validation_paper_f1.pth,raw,0.9,top1,1,0.65,0.5098039215686274,0.896551724137931,52,50,6,0.48148148148148145,0.6944444444444444,14.867547467522252,12.549388662740816,0.3707499874744239,0.3707499874744239,0.5383207640246974,104.25925925925925,0.9444444444444444,6,108
,scpdb_apbs_cutoff_fold1_apbs_shape_apbs_posneg_clip20,UNetPlusPlus3D,apbs_shape,apbs_posneg_clip20,UNetPlusPlus3D_best_model_in_terms_of_validation_paper_f1.pth,raw,0.9,top2,2,0.6748466257668712,0.5392156862745098,0.9016393442622951,55,47,6,0.5092592592592593,0.7685185185185185,12.443954738515949,10.196264515843335,0.3984499409244354,0.3984499409244354,0.5313812246797018,104.25925925925925,1.2037037037037037,6,108
,scpdb_apbs_cutoff_fold1_apbs_shape_apbs_posneg_clip20,UNetPlusPlus3D,apbs_shape,apbs_posneg_clip20,UNetPlusPlus3D_best_model_in_terms_of_validation_paper_f1.pth,raw,0.9,top3,3,0.6748466257668712,0.5392156862745098,0.9016393442622951,55,47,6,0.5092592592592593,0.7685185185185185,12.443954738515949,10.196264515843335,0.3984499409244354,0.3984499409244354,0.5313812246797018,104.25925925925925,1.2314814814814814,6,108
,scpdb_apbs_cutoff_fold1_apbs_shape_apbs_posneg_clip20,UNetPlusPlus3D,apbs_shape,apbs_posneg_clip20,UNetPlusPlus3D_best_model_in_terms_of_validation_paper_f1.pth,raw,0.9,top_n_plus_2,3,0.6748466257668712,0.5392156862745098,0.9016393442622951,55,47,6,0.5092592592592593,0.7685185185185185,12.443954738515949,10.196264515843335,0.3984499409244354,0.3984499409244354,0.5313812246797018,104.25925925925925,1.2314814814814814,6,108
,scpdb_apbs_cutoff_fold1_apbs_shape_selected_chem_apbs_clip20_minmax,CBAMUNet3D,apbs_shape_selected_chem,apbs_clip20_minmax,CBAMUNet3D_best_model_in_terms_of_validation_paper_f1.pth,raw,0.05,top1,1,0.6829268292682926,0.5233644859813084,0.9824561403508771,56,51,1,0.5185185185185185,0.7222222222222222,9.89114216828431,7.409290310464381,0.35405791007761417,0.35405791007761417,0.4741307381159744,171.80555555555554,0.9907407407407407,1,108
,scpdb_apbs_cutoff_fold1_apbs_shape_selected_chem_apbs_clip20_minmax,CBAMUNet3D,apbs_shape_selected_chem,apbs_clip20_minmax,CBAMUNet3D_best_model_in_terms_of_validation_paper_f1.pth,raw,0.05,top2,2,0.7065868263473052,0.5514018691588785,0.9833333333333333,59,48,1,0.5462962962962963,0.7777777777777778,6.992803709472041,4.6448810593134775,0.3747920615593491,0.3747920615593491,0.45965518280239503,171.80555555555554,1.4259259259259258,1,108
,scpdb_apbs_cutoff_fold1_apbs_shape_selected_chem_apbs_clip20_minmax,CBAMUNet3D,apbs_shape_selected_chem,apbs_clip20_minmax,CBAMUNet3D_best_model_in_terms_of_validation_paper_f1.pth,raw,0.05,top3,3,0.7065868263473052,0.5514018691588785,0.9833333333333333,59,48,1,0.5462962962962963,0.7962962962962963,6.435204920143683,4.12455238295036,0.38106506090539966,0.38079272975071554,0.45965518280239503,171.80555555555554,1.5648148148148149,1,108
,scpdb_apbs_cutoff_fold1_apbs_shape_selected_chem_apbs_clip20_minmax,CBAMUNet3D,apbs_shape_selected_chem,apbs_clip20_minmax,CBAMUNet3D_best_model_in_terms_of_validation_paper_f1.pth,raw,0.05,top_n_plus_2,3,0.7065868263473052,0.5514018691588785,0.9833333333333333,59,48,1,0.5462962962962963,0.7962962962962963,6.435204920143683,4.12455238295036,0.38106506090539966,0.38079272975071554,0.45965518280239503,171.80555555555554,1.5648148148148149,1,108
,scpdb_apbs_cutoff_fold1_apbs_shape_selected_chem_apbs_clip20_minmax,CBAMUNet3D,apbs_shape_selected_chem,apbs_clip20_minmax,CBAMUNet3D_best_model_in_terms_of_validation_paper_f1.pth,raw,0.1,top1,1,0.6829268292682926,0.5283018867924528,0.9655172413793104,56,50,2,0.5185185185185185,0.7314814814814815,10.663184589955556,8.23962572943965,0.36281577770074985,0.36281577770074985,0.4816291269423677,153.62037037037038,0.9814814814814815,2,108
,scpdb_apbs_cutoff_fold1_apbs_shape_selected_chem_apbs_clip20_minmax,CBAMUNet3D,apbs_shape_selected_chem,apbs_clip20_minmax,CBAMUNet3D_best_model_in_terms_of_validation_paper_f1.pth,raw,0.1,top2,2,0.6987951807228916,0.5471698113207547,0.9666666666666667,58,48,2,0.5370370370370371,0.7685185185185185,8.326494158383362,5.97047615745776,0.3774030659034295,0.3774030659034295,0.47222078527508404,153.62037037037038,1.3796296296296295,2,108
,scpdb_apbs_cutoff_fold1_apbs_shape_selected_chem_apbs_clip20_minmax,CBAMUNet3D,apbs_shape_selected_chem,apbs_clip20_minmax,CBAMUNet3D_best_model_in_terms_of_validation_paper_f1.pth,raw,0.1,top3,3,0.7065868263473054,0.5566037735849056,0.9672131147540983,59,47,2,0.5462962962962963,0.7870370370370371,7.621543827954067,5.3345257029780555,0.38293307867482157,0.38293307867482157,0.4656781769916372,153.62037037037038,1.5,2,108
,scpdb_apbs_cutoff_fold1_apbs_shape_selected_chem_apbs_clip20_minmax,CBAMUNet3D,apbs_shape_selected_chem,apbs_clip20_minmax,CBAMUNet3D_best_model_in_terms_of_validation_paper_f1.pth,raw,0.1,top_n_plus_2,3,0.7065868263473054,0.5566037735849056,0.9672131147540983,59,47,2,0.5462962962962963,0.7870370370370371,7.621543827954067,5.3345257029780555,0.38293307867482157,0.38293307867482157,0.4656781769916372,153.62037037037038,1.5,2,108
,scpdb_apbs_cutoff_fold1_apbs_shape_selected_chem_apbs_clip20_minmax,CBAMUNet3D,apbs_shape_selected_chem,apbs_clip20_minmax,CBAMUNet3D_best_model_in_terms_of_validation_paper_f1.pth,raw,0.2,top1,1,0.6829268292682926,0.5283018867924528,0.9655172413793104,56,50,2,0.5185185185185185,0.7407407407407407,10.8161708631174,8.376855407798212,0.3660476646205994,0.3660476646205994,0.48767847115748364,135.65740740740742,0.9814814814814815,2,108
,scpdb_apbs_cutoff_fold1_apbs_shape_selected_chem_apbs_clip20_minmax,CBAMUNet3D,apbs_shape_selected_chem,apbs_clip20_minmax,CBAMUNet3D_best_model_in_terms_of_validation_paper_f1.pth,raw,0.2,top2,2,0.6987951807228916,0.5471698113207547,0.9666666666666667,58,48,2,0.5370370370370371,0.7870370370370371,8.258240047008279,5.9158062121561485,0.38252926016877825,0.38252926016877825,0.47731394687438383,135.65740740740742,1.3703703703703705,2,108
,scpdb_apbs_cutoff_fold1_apbs_shape_selected_chem_apbs_clip20_minmax,CBAMUNet3D,apbs_shape_selected_chem,apbs_clip20_minmax,CBAMUNet3D_best_model_in_terms_of_validation_paper_f1.pth,raw,0.2,top3,3,0.6987951807228916,0.5471698113207547,0.9666666666666667,58,48,2,0.5370370370370371,0.7962962962962963,7.869244488926455,5.5305941418270494,0.3864930641746344,0.3864930641746344,0.47731394687438383,135.65740740740742,1.462962962962963,2,108
,scpdb_apbs_cutoff_fold1_apbs_shape_selected_chem_apbs_clip20_minmax,CBAMUNet3D,apbs_shape_selected_chem,apbs_clip20_minmax,CBAMUNet3D_best_model_in_terms_of_validation_paper_f1.pth,raw,0.2,top_n_plus_2,3,0.6987951807228916,0.5471698113207547,0.9666666666666667,58,48,2,0.5370370370370371,0.7962962962962963,7.869244488926455,5.5305941418270494,0.3864930641746344,0.3864930641746344,0.47731394687438383,135.65740740740742,1.462962962962963,2,108
,scpdb_apbs_cutoff_fold1_apbs_shape_selected_chem_apbs_clip20_minmax,CBAMUNet3D,apbs_shape_selected_chem,apbs_clip20_minmax,CBAMUNet3D_best_model_in_terms_of_validation_paper_f1.pth,raw,0.3,top1,1,0.6909090909090908,0.5377358490566038,0.9661016949152542,57,49,2,0.5277777777777778,0.7407407407407407,10.691840401477927,8.248648824910246,0.3609500312628043,0.3609500312628043,0.48378088085901033,125.43518518518519,0.9814814814814815,2,108
,scpdb_apbs_cutoff_fold1_apbs_shape_selected_chem_apbs_clip20_minmax,CBAMUNet3D,apbs_shape_selected_chem,apbs_clip20_minmax,CBAMUNet3D_best_model_in_terms_of_validation_paper_f1.pth,raw,0.3,top2,2,0.7065868263473054,0.5566037735849056,0.9672131147540983,59,47,2,0.5462962962962963,0.7870370370370371,8.331710637065028,5.965803871934717,0.3794963347864114,0.3794963347864114,0.473374362519114,125.43518518518519,1.3425925925925926,2,108
,scpdb_apbs_cutoff_fold1_apbs_shape_selected_chem_apbs_clip20_minmax,CBAMUNet3D,apbs_shape_selected_chem,apbs_clip20_minmax,CBAMUNet3D_best_model_in_terms_of_validation_paper_f1.pth,raw,0.3,top3,3,0.7065868263473054,0.5566037735849056,0.9672131147540983,59,47,2,0.5462962962962963,0.7962962962962963,7.940778754503476,5.581884948028271,0.38252131527040834,0.38252131527040834,0.473374362519114,125.43518518518519,1.4259259259259258,2,108
,scpdb_apbs_cutoff_fold1_apbs_shape_selected_chem_apbs_clip20_minmax,CBAMUNet3D,apbs_shape_selected_chem,apbs_clip20_minmax,CBAMUNet3D_best_model_in_terms_of_validation_paper_f1.pth,raw,0.3,top_n_plus_2,3,0.7065868263473054,0.5566037735849056,0.9672131147540983,59,47,2,0.5462962962962963,0.7962962962962963,7.940778754503476,5.581884948028271,0.38252131527040834,0.38252131527040834,0.473374362519114,125.43518518518519,1.4259259259259258,2,108
,scpdb_apbs_cutoff_fold1_apbs_shape_selected_chem_apbs_clip20_minmax,CBAMUNet3D,apbs_shape_selected_chem,apbs_clip20_minmax,CBAMUNet3D_best_model_in_terms_of_validation_paper_f1.pth,raw,0.35,top1,1,0.6829268292682926,0.5283018867924528,0.9655172413793104,56,50,2,0.5185185185185185,0.7407407407407407,10.695788523698274,8.245158468553338,0.36151506660244404,0.36151506660244404,0.4850692652905342,121.45370370370371,0.9814814814814815,2,108
,scpdb_apbs_cutoff_fold1_apbs_shape_selected_chem_apbs_clip20_minmax,CBAMUNet3D,apbs_shape_selected_chem,apbs_clip20_minmax,CBAMUNet3D_best_model_in_terms_of_validation_paper_f1.pth,raw,0.35,top2,2,0.6987951807228916,0.5471698113207547,0.9666666666666667,58,48,2,0.5370370370370371,0.7870370370370371,8.337615749219621,5.957799424518234,0.3793902924889117,0.3793902924889117,0.4738549199176154,121.45370370370371,1.3333333333333333,2,108
,scpdb_apbs_cutoff_fold1_apbs_shape_selected_chem_apbs_clip20_minmax,CBAMUNet3D,apbs_shape_selected_chem,apbs_clip20_minmax,CBAMUNet3D_best_model_in_terms_of_validation_paper_f1.pth,raw,0.35,top3,3,0.6987951807228916,0.5471698113207547,0.9666666666666667,58,48,2,0.5370370370370371,0.7962962962962963,7.950290585645744,5.578582406701629,0.3822191272849596,0.3822191272849596,0.4738549199176154,121.45370370370371,1.4166666666666667,2,108
,scpdb_apbs_cutoff_fold1_apbs_shape_selected_chem_apbs_clip20_minmax,CBAMUNet3D,apbs_shape_selected_chem,apbs_clip20_minmax,CBAMUNet3D_best_model_in_terms_of_validation_paper_f1.pth,raw,0.35,top_n_plus_2,3,0.6987951807228916,0.5471698113207547,0.9666666666666667,58,48,2,0.5370370370370371,0.7962962962962963,7.950290585645744,5.578582406701629,0.3822191272849596,0.3822191272849596,0.4738549199176154,121.45370370370371,1.4166666666666667,2,108
,scpdb_apbs_cutoff_fold1_apbs_shape_selected_chem_apbs_clip20_minmax,CBAMUNet3D,apbs_shape_selected_chem,apbs_clip20_minmax,CBAMUNet3D_best_model_in_terms_of_validation_paper_f1.pth,raw,0.4,top1,1,0.6829268292682926,0.5283018867924528,0.9655172413793104,56,50,2,0.5185185185185185,0.7407407407407407,10.724528122453332,8.277870121171897,0.3588319909554495,0.3588319909554495,0.4830014702187277,117.69444444444444,0.9814814814814815,2,108
,scpdb_apbs_cutoff_fold1_apbs_shape_selected_chem_apbs_clip20_minmax,CBAMUNet3D,apbs_shape_selected_chem,apbs_clip20_minmax,CBAMUNet3D_best_model_in_terms_of_validation_paper_f1.pth,raw,0.4,top2,2,0.6987951807228916,0.5471698113207547,0.9666666666666667,58,48,2,0.5370370370370371,0.7870370370370371,8.314369063569245,5.939941685700279,0.37868188205073683,0.37868188205073683,0.4719819085396939,117.69444444444444,1.3333333333333333,2,108
,scpdb_apbs_cutoff_fold1_apbs_shape_selected_chem_apbs_clip20_minmax,CBAMUNet3D,apbs_shape_selected_chem,apbs_clip20_minmax,CBAMUNet3D_best_model_in_terms_of_validation_paper_f1.pth,raw,0.4,top3,3,0.6987951807228916,0.5471698113207547,0.9666666666666667,58,48,2,0.5370370370370371,0.7962962962962963,7.928961700331548,5.562896044918996,0.3813423666784346,0.3813423666784346,0.4719819085396939,117.69444444444444,1.4259259259259258,2,108
,scpdb_apbs_cutoff_fold1_apbs_shape_selected_chem_apbs_clip20_minmax,CBAMUNet3D,apbs_shape_selected_chem,apbs_clip20_minmax,CBAMUNet3D_best_model_in_terms_of_validation_paper_f1.pth,raw,0.4,top_n_plus_2,3,0.6987951807228916,0.5471698113207547,0.9666666666666667,58,48,2,0.5370370370370371,0.7962962962962963,7.928961700331548,5.562896044918996,0.3813423666784346,0.3813423666784346,0.4719819085396939,117.69444444444444,1.4259259259259258,2,108
,scpdb_apbs_cutoff_fold1_apbs_shape_selected_chem_apbs_clip20_minmax,CBAMUNet3D,apbs_shape_selected_chem,apbs_clip20_minmax,CBAMUNet3D_best_model_in_terms_of_validation_paper_f1.pth,raw,0.45,top1,1,0.6909090909090908,0.5377358490566038,0.9661016949152542,57,49,2,0.5277777777777778,0.7314814814814815,11.061213402910669,8.607666312174146,0.3543432928858063,0.3543432928858063,0.4821926881548561,114.19444444444444,0.9814814814814815,2,108
,scpdb_apbs_cutoff_fold1_apbs_shape_selected_chem_apbs_clip20_minmax,CBAMUNet3D,apbs_shape_selected_chem,apbs_clip20_minmax,CBAMUNet3D_best_model_in_terms_of_validation_paper_f1.pth,raw,0.45,top2,2,0.7065868263473054,0.5566037735849056,0.9672131147540983,59,47,2,0.5462962962962963,0.7870370370370371,8.524354960433799,6.180603910323952,0.3778955763540766,0.3778955763540766,0.47484820052351534,114.19444444444444,1.3425925925925926,2,108
,scpdb_apbs_cutoff_fold1_apbs_shape_selected_chem_apbs_clip20_minmax,CBAMUNet3D,apbs_shape_selected_chem,apbs_clip20_minmax,CBAMUNet3D_best_model_in_terms_of_validation_paper_f1.pth,raw,0.45,top3,3,0.7142857142857144,0.5660377358490566,0.967741935483871,60,46,2,0.5555555555555556,0.8055555555555556,8.09674247562727,5.782001192526166,0.3806987015404546,0.3806987015404546,0.46765870152928285,114.19444444444444,1.4166666666666667,2,108
,scpdb_apbs_cutoff_fold1_apbs_shape_selected_chem_apbs_clip20_minmax,CBAMUNet3D,apbs_shape_selected_chem,apbs_clip20_minmax,CBAMUNet3D_best_model_in_terms_of_validation_paper_f1.pth,raw,0.45,top_n_plus_2,3,0.7142857142857144,0.5660377358490566,0.967741935483871,60,46,2,0.5555555555555556,0.8055555555555556,8.09674247562727,5.782001192526166,0.3806987015404546,0.3806987015404546,0.46765870152928285,114.19444444444444,1.4166666666666667,2,108
,scpdb_apbs_cutoff_fold1_apbs_shape_selected_chem_apbs_clip20_minmax,CBAMUNet3D,apbs_shape_selected_chem,apbs_clip20_minmax,CBAMUNet3D_best_model_in_terms_of_validation_paper_f1.pth,raw,0.5,top1,1,0.6909090909090908,0.5377358490566038,0.9661016949152542,57,49,2,0.5277777777777778,0.7407407407407407,10.757642786523343,8.312132014470393,0.35665803615069436,0.35665803615069436,0.4809078522002326,110.99074074074075,0.9814814814814815,2,108
,scpdb_apbs_cutoff_fold1_apbs_shape_selected_chem_apbs_clip20_minmax,CBAMUNet3D,apbs_shape_selected_chem,apbs_clip20_minmax,CBAMUNet3D_best_model_in_terms_of_validation_paper_f1.pth,raw,0.5,top2,2,0.7142857142857144,0.5660377358490566,0.967741935483871,60,46,2,0.5555555555555556,0.7962962962962963,8.217574799192148,5.907825480008983,0.37818840801695514,0.37818840801695514,0.46644820838249146,110.99074074074075,1.3333333333333333,2,108
,scpdb_apbs_cutoff_fold1_apbs_shape_selected_chem_apbs_clip20_minmax,CBAMUNet3D,apbs_shape_selected_chem,apbs_clip20_minmax,CBAMUNet3D_best_model_in_terms_of_validation_paper_f1.pth,raw,0.5,top3,3,0.7142857142857144,0.5660377358490566,0.967741935483871,60,46,2,0.5555555555555556,0.8055555555555556,8.075669235643122,5.7643364055998285,0.38041748894973976,0.38041748894973976,0.46644820838249146,110.99074074074075,1.4166666666666667,2,108
,scpdb_apbs_cutoff_fold1_apbs_shape_selected_chem_apbs_clip20_minmax,CBAMUNet3D,apbs_shape_selected_chem,apbs_clip20_minmax,CBAMUNet3D_best_model_in_terms_of_validation_paper_f1.pth,raw,0.5,top_n_plus_2,3,0.7142857142857144,0.5660377358490566,0.967741935483871,60,46,2,0.5555555555555556,0.8055555555555556,8.075669235643122,5.7643364055998285,0.38041748894973976,0.38041748894973976,0.46644820838249146,110.99074074074075,1.4166666666666667,2,108
,scpdb_apbs_cutoff_fold1_apbs_shape_selected_chem_apbs_clip20_minmax,CBAMUNet3D,apbs_shape_selected_chem,apbs_clip20_minmax,CBAMUNet3D_best_model_in_terms_of_validation_paper_f1.pth,raw,0.55,top1,1,0.6909090909090908,0.5377358490566038,0.9661016949152542,57,49,2,0.5277777777777778,0.7407407407407407,10.778824975149796,8.32439001394689,0.35488264146509313,0.35488264146509313,0.4803188417143656,107.88888888888889,0.9814814814814815,2,108
,scpdb_apbs_cutoff_fold1_apbs_shape_selected_chem_apbs_clip20_minmax,CBAMUNet3D,apbs_shape_selected_chem,apbs_clip20_minmax,CBAMUNet3D_best_model_in_terms_of_validation_paper_f1.pth,raw,0.55,top2,2,0.7142857142857144,0.5660377358490566,0.967741935483871,60,46,2,0.5555555555555556,0.8055555555555556,8.175473936583925,5.847619566271605,0.37722994118115927,0.37722994118115927,0.46566847690712215,107.88888888888889,1.3333333333333333,2,108
,scpdb_apbs_cutoff_fold1_apbs_shape_selected_chem_apbs_clip20_minmax,CBAMUNet3D,apbs_shape_selected_chem,apbs_clip20_minmax,CBAMUNet3D_best_model_in_terms_of_validation_paper_f1.pth,raw,0.55,top3,3,0.7142857142857144,0.5660377358490566,0.967741935483871,60,46,2,0.5555555555555556,0.8148148148148148,8.034091656953263,5.704516102280115,0.37945902211394383,0.37945902211394383,0.46566847690712215,107.88888888888889,1.4166666666666667,2,108
,scpdb_apbs_cutoff_fold1_apbs_shape_selected_chem_apbs_clip20_minmax,CBAMUNet3D,apbs_shape_selected_chem,apbs_clip20_minmax,CBAMUNet3D_best_model_in_terms_of_validation_paper_f1.pth,raw,0.55,top_n_plus_2,3,0.7142857142857144,0.5660377358490566,0.967741935483871,60,46,2,0.5555555555555556,0.8148148148148148,8.034091656953263,5.704516102280115,0.37945902211394383,0.37945902211394383,0.46566847690712215,107.88888888888889,1.4166666666666667,2,108
,scpdb_apbs_cutoff_fold1_apbs_shape_selected_chem_apbs_clip20_minmax,CBAMUNet3D,apbs_shape_selected_chem,apbs_clip20_minmax,CBAMUNet3D_best_model_in_terms_of_validation_paper_f1.pth,raw,0.6,top1,1,0.6829268292682926,0.5333333333333333,0.9491525423728814,56,49,3,0.5185185185185185,0.7314814814814815,11.889724035745914,9.433930581737268,0.3526132098085576,0.3526132098085576,0.4852120758130513,104.5925925925926,0.9722222222222222,3,108
,scpdb_apbs_cutoff_fold1_apbs_shape_selected_chem_apbs_clip20_minmax,CBAMUNet3D,apbs_shape_selected_chem,apbs_clip20_minmax,CBAMUNet3D_best_model_in_terms_of_validation_paper_f1.pth,raw,0.6,top2,2,0.6987951807228915,0.5523809523809524,0.9508196721311475,58,47,3,0.5370370370370371,0.7870370370370371,9.573159143419899,7.214248560132756,0.3740810087446236,0.3740810087446236,0.47716572202956525,104.5925925925926,1.3148148148148149,3,108
,scpdb_apbs_cutoff_fold1_apbs_shape_selected_chem_apbs_clip20_minmax,CBAMUNet3D,apbs_shape_selected_chem,apbs_clip20_minmax,CBAMUNet3D_best_model_in_terms_of_validation_paper_f1.pth,raw,0.6,top3,3,0.7065868263473054,0.5619047619047619,0.9516129032258065,59,46,3,0.5462962962962963,0.8055555555555556,9.143125323105876,6.817937064347857,0.376655155239865,0.376655155239865,0.46970981285525637,104.5925925925926,1.3981481481481481,3,108
,scpdb_apbs_cutoff_fold1_apbs_shape_selected_chem_apbs_clip20_minmax,CBAMUNet3D,apbs_shape_selected_chem,apbs_clip20_minmax,CBAMUNet3D_best_model_in_terms_of_validation_paper_f1.pth,raw,0.6,top_n_plus_2,3,0.7065868263473054,0.5619047619047619,0.9516129032258065,59,46,3,0.5462962962962963,0.8055555555555556,9.143125323105876,6.817937064347857,0.376655155239865,0.376655155239865,0.46970981285525637,104.5925925925926,1.3981481481481481,3,108
,scpdb_apbs_cutoff_fold1_apbs_shape_selected_chem_apbs_clip20_minmax,CBAMUNet3D,apbs_shape_selected_chem,apbs_clip20_minmax,CBAMUNet3D_best_model_in_terms_of_validation_paper_f1.pth,raw,0.7,top1,1,0.674846625766871,0.5288461538461539,0.9322033898305084,55,49,4,0.5092592592592593,0.7222222222222222,13.00042178571728,10.545426162843107,0.34846863898269825,0.34846863898269825,0.4863251815095409,98.12037037037037,0.9629629629629629,4,108
,scpdb_apbs_cutoff_fold1_apbs_shape_selected_chem_apbs_clip20_minmax,CBAMUNet3D,apbs_shape_selected_chem,apbs_clip20_minmax,CBAMUNet3D_best_model_in_terms_of_validation_paper_f1.pth,raw,0.7,top2,2,0.6909090909090909,0.5480769230769231,0.9344262295081968,57,47,4,0.5277777777777778,0.7777777777777778,10.990283630478764,8.628603792629384,0.3693949300304883,0.3693949300304883,0.4774970074994596,98.12037037037037,1.287037037037037,4,108
,scpdb_apbs_cutoff_fold1_apbs_shape_selected_chem_apbs_clip20_minmax,CBAMUNet3D,apbs_shape_selected_chem,apbs_clip20_minmax,CBAMUNet3D_best_model_in_terms_of_validation_paper_f1.pth,raw,0.7,top3,3,0.6987951807228916,0.5576923076923077,0.9354838709677419,58,46,4,0.5370370370370371,0.7870370370370371,10.838030114285042,8.485935744867108,0.37114196007940514,0.37114196007940514,0.472517390909521,98.12037037037037,1.3703703703703705,4,108
,scpdb_apbs_cutoff_fold1_apbs_shape_selected_chem_apbs_clip20_minmax,CBAMUNet3D,apbs_shape_selected_chem,apbs_clip20_minmax,CBAMUNet3D_best_model_in_terms_of_validation_paper_f1.pth,raw,0.7,top_n_plus_2,3,0.6987951807228916,0.5576923076923077,0.9354838709677419,58,46,4,0.5370370370370371,0.7870370370370371,10.838030114285042,8.485935744867108,0.37114196007940514,0.37114196007940514,0.472517390909521,98.12037037037037,1.3703703703703705,4,108
,scpdb_apbs_cutoff_fold1_apbs_shape_selected_chem_apbs_clip20_minmax,CBAMUNet3D,apbs_shape_selected_chem,apbs_clip20_minmax,CBAMUNet3D_best_model_in_terms_of_validation_paper_f1.pth,raw,0.8,top1,1,0.6583850931677019,0.5145631067961165,0.9137931034482759,53,50,5,0.49074074074074076,0.7222222222222222,14.237409517421215,11.779570713433017,0.3402634915036349,0.3402634915036349,0.4814376643288622,91.03703703703704,0.9537037037037037,5,108
,scpdb_apbs_cutoff_fold1_apbs_shape_selected_chem_apbs_clip20_minmax,CBAMUNet3D,apbs_shape_selected_chem,apbs_clip20_minmax,CBAMUNet3D_best_model_in_terms_of_validation_paper_f1.pth,raw,0.8,top2,2,0.6829268292682927,0.5436893203883495,0.9180327868852459,56,47,5,0.5185185185185185,0.7870370370370371,12.23292452516072,9.926323002717735,0.36253381868876355,0.36253381868876355,0.4690749557458153,91.03703703703704,1.2592592592592593,5,108
,scpdb_apbs_cutoff_fold1_apbs_shape_selected_chem_apbs_clip20_minmax,CBAMUNet3D,apbs_shape_selected_chem,apbs_clip20_minmax,CBAMUNet3D_best_model_in_terms_of_validation_paper_f1.pth,raw,0.8,top3,3,0.6909090909090909,0.5533980582524272,0.9193548387096774,57,46,5,0.5277777777777778,0.7962962962962963,12.079942357694021,9.78377292171544,0.36393144272789707,0.36393144272789707,0.4634937003156504,91.03703703703704,1.3333333333333333,5,108
,scpdb_apbs_cutoff_fold1_apbs_shape_selected_chem_apbs_clip20_minmax,CBAMUNet3D,apbs_shape_selected_chem,apbs_clip20_minmax,CBAMUNet3D_best_model_in_terms_of_validation_paper_f1.pth,raw,0.8,top_n_plus_2,3,0.6909090909090909,0.5533980582524272,0.9193548387096774,57,46,5,0.5277777777777778,0.7962962962962963,12.079942357694021,9.78377292171544,0.36393144272789707,0.36393144272789707,0.4634937003156504,91.03703703703704,1.3333333333333333,5,108
,scpdb_apbs_cutoff_fold1_apbs_shape_selected_chem_apbs_clip20_minmax,CBAMUNet3D,apbs_shape_selected_chem,apbs_clip20_minmax,CBAMUNet3D_best_model_in_terms_of_validation_paper_f1.pth,raw,0.9,top1,1,0.6666666666666666,0.5242718446601942,0.9152542372881356,54,49,5,0.5,0.7222222222222222,14.199699512294465,11.7581283625929,0.33005492486316496,0.33005492486316496,0.467739141157567,80.77777777777777,0.9537037037037037,5,108
,scpdb_apbs_cutoff_fold1_apbs_shape_selected_chem_apbs_clip20_minmax,CBAMUNet3D,apbs_shape_selected_chem,apbs_clip20_minmax,CBAMUNet3D_best_model_in_terms_of_validation_paper_f1.pth,raw,0.9,top2,2,0.6909090909090909,0.5533980582524272,0.9193548387096774,57,46,5,0.5277777777777778,0.7870370370370371,12.207847280944025,9.91301040831797,0.34968827038813727,0.34968827038813727,0.45443238236967637,80.77777777777777,1.25,5,108
,scpdb_apbs_cutoff_fold1_apbs_shape_selected_chem_apbs_clip20_minmax,CBAMUNet3D,apbs_shape_selected_chem,apbs_clip20_minmax,CBAMUNet3D_best_model_in_terms_of_validation_paper_f1.pth,raw,0.9,top3,3,0.6987951807228914,0.5631067961165048,0.9206349206349206,58,45,5,0.5370370370370371,0.7962962962962963,12.053627072001175,9.772354482470716,0.35091119142237903,0.35091119142237903,0.448874504599477,80.77777777777777,1.3148148148148149,5,108
,scpdb_apbs_cutoff_fold1_apbs_shape_selected_chem_apbs_clip20_minmax,CBAMUNet3D,apbs_shape_selected_chem,apbs_clip20_minmax,CBAMUNet3D_best_model_in_terms_of_validation_paper_f1.pth,raw,0.9,top_n_plus_2,3,0.6987951807228914,0.5631067961165048,0.9206349206349206,58,45,5,0.5370370370370371,0.7962962962962963,12.053627072001175,9.772354482470716,0.35091119142237903,0.35091119142237903,0.448874504599477,80.77777777777777,1.3148148148148149,5,108
,scpdb_apbs_cutoff_fold1_apbs_shape_selected_chem_apbs_clip20_minmax,ResNet3D4LGN,apbs_shape_selected_chem,apbs_clip20_minmax,ResNet3D4LGN_best_model_in_terms_of_validation_paper_f1.pth,raw,0.05,top1,1,0.6064516129032258,0.44339622641509435,0.9591836734693877,47,59,2,0.4351851851851852,0.6759259259259259,12.077663500739831,9.468099515371415,0.34646653618005163,0.34646653618005163,0.48980996634360724,196.57407407407408,0.9814814814814815,2,108
,scpdb_apbs_cutoff_fold1_apbs_shape_selected_chem_apbs_clip20_minmax,ResNet3D4LGN,apbs_shape_selected_chem,apbs_clip20_minmax,ResNet3D4LGN_best_model_in_terms_of_validation_paper_f1.pth,raw,0.05,top2,2,0.6415094339622641,0.4811320754716981,0.9622641509433962,51,55,2,0.4722222222222222,0.7870370370370371,8.25551034047589,5.79344180088196,0.3917678675918488,0.3917678675918488,0.4868744107112981,196.57407407407408,1.5,2,108
,scpdb_apbs_cutoff_fold1_apbs_shape_selected_chem_apbs_clip20_minmax,ResNet3D4LGN,apbs_shape_selected_chem,apbs_clip20_minmax,ResNet3D4LGN_best_model_in_terms_of_validation_paper_f1.pth,raw,0.05,top3,3,0.6666666666666666,0.5094339622641509,0.9642857142857143,54,52,2,0.5,0.8148148148148148,7.471587542700041,5.079818662566456,0.4003173378348674,0.40027149991774236,0.4769247728244854,196.57407407407408,1.7222222222222223,2,108
,scpdb_apbs_cutoff_fold1_apbs_shape_selected_chem_apbs_clip20_minmax,ResNet3D4LGN,apbs_shape_selected_chem,apbs_clip20_minmax,ResNet3D4LGN_best_model_in_terms_of_validation_paper_f1.pth,raw,0.05,top_n_plus_2,3,0.6666666666666666,0.5094339622641509,0.9642857142857143,54,52,2,0.5,0.8148148148148148,7.471587542700041,5.079818662566456,0.4003173378348674,0.40027149991774236,0.4769247728244854,196.57407407407408,1.7222222222222223,2,108
,scpdb_apbs_cutoff_fold1_apbs_shape_selected_chem_apbs_clip20_minmax,ResNet3D4LGN,apbs_shape_selected_chem,apbs_clip20_minmax,ResNet3D4LGN_best_model_in_terms_of_validation_paper_f1.pth,raw,0.1,top1,1,0.6064516129032258,0.44339622641509435,0.9591836734693877,47,59,2,0.4351851851851852,0.6759259259259259,12.008552548114244,9.461628035757924,0.35654040138574805,0.35654040138574805,0.508029855048457,179.25925925925927,0.9814814814814815,2,108
,scpdb_apbs_cutoff_fold1_apbs_shape_selected_chem_apbs_clip20_minmax,ResNet3D4LGN,apbs_shape_selected_chem,apbs_clip20_minmax,ResNet3D4LGN_best_model_in_terms_of_validation_paper_f1.pth,raw,0.1,top2,2,0.6415094339622641,0.4811320754716981,0.9622641509433962,51,55,2,0.4722222222222222,0.7685185185185185,8.446623197914,6.058339485714153,0.3967482599355008,0.3967482599355008,0.5022919459289096,179.25925925925927,1.4814814814814814,2,108
,scpdb_apbs_cutoff_fold1_apbs_shape_selected_chem_apbs_clip20_minmax,ResNet3D4LGN,apbs_shape_selected_chem,apbs_clip20_minmax,ResNet3D4LGN_best_model_in_terms_of_validation_paper_f1.pth,raw,0.1,top3,3,0.6666666666666666,0.5094339622641509,0.9642857142857143,54,52,2,0.5,0.8055555555555556,7.432927354790788,5.116204839897907,0.4077194025955895,0.4077194025955895,0.49020488867123435,179.25925925925927,1.6388888888888888,2,108
,scpdb_apbs_cutoff_fold1_apbs_shape_selected_chem_apbs_clip20_minmax,ResNet3D4LGN,apbs_shape_selected_chem,apbs_clip20_minmax,ResNet3D4LGN_best_model_in_terms_of_validation_paper_f1.pth,raw,0.1,top_n_plus_2,3,0.6666666666666666,0.5094339622641509,0.9642857142857143,54,52,2,0.5,0.8055555555555556,7.432927354790788,5.116204839897907,0.4077194025955895,0.4077194025955895,0.49020488867123435,179.25925925925927,1.6388888888888888,2,108
,scpdb_apbs_cutoff_fold1_apbs_shape_selected_chem_apbs_clip20_minmax,ResNet3D4LGN,apbs_shape_selected_chem,apbs_clip20_minmax,ResNet3D4LGN_best_model_in_terms_of_validation_paper_f1.pth,raw,0.2,top1,1,0.6153846153846154,0.4528301886792453,0.96,48,58,2,0.4444444444444444,0.6759259259259259,11.951541835552375,9.427987297645553,0.36427256477179515,0.36427256477179515,0.51986188146937,161.05555555555554,0.9814814814814815,2,108
,scpdb_apbs_cutoff_fold1_apbs_shape_selected_chem_apbs_clip20_minmax,ResNet3D4LGN,apbs_shape_selected_chem,apbs_clip20_minmax,ResNet3D4LGN_best_model_in_terms_of_validation_paper_f1.pth,raw,0.2,top2,2,0.6583850931677019,0.5,0.9636363636363636,53,53,2,0.49074074074074076,0.7777777777777778,8.069421581033197,5.741711524583366,0.4030793050562164,0.4030793050562164,0.5038473715172985,161.05555555555554,1.4814814814814814,2,108
,scpdb_apbs_cutoff_fold1_apbs_shape_selected_chem_apbs_clip20_minmax,ResNet3D4LGN,apbs_shape_selected_chem,apbs_clip20_minmax,ResNet3D4LGN_best_model_in_terms_of_validation_paper_f1.pth,raw,0.2,top3,3,0.674846625766871,0.5188679245283019,0.9649122807017544,55,51,2,0.5092592592592593,0.8055555555555556,7.36236912891947,5.079023396911617,0.4113482335785792,0.4113482335785792,0.4965891295509733,161.05555555555554,1.6388888888888888,2,108
,scpdb_apbs_cutoff_fold1_apbs_shape_selected_chem_apbs_clip20_minmax,ResNet3D4LGN,apbs_shape_selected_chem,apbs_clip20_minmax,ResNet3D4LGN_best_model_in_terms_of_validation_paper_f1.pth,raw,0.2,top_n_plus_2,3,0.674846625766871,0.5188679245283019,0.9649122807017544,55,51,2,0.5092592592592593,0.8055555555555556,7.36236912891947,5.079023396911617,0.4113482335785792,0.4113482335785792,0.4965891295509733,161.05555555555554,1.6388888888888888,2,108
,scpdb_apbs_cutoff_fold1_apbs_shape_selected_chem_apbs_clip20_minmax,ResNet3D4LGN,apbs_shape_selected_chem,apbs_clip20_minmax,ResNet3D4LGN_best_model_in_terms_of_validation_paper_f1.pth,raw,0.3,top1,1,0.6329113924050632,0.4716981132075472,0.9615384615384616,50,56,2,0.46296296296296297,0.6944444444444444,11.840747452446248,9.380519338366494,0.36678635702105544,0.36678635702105544,0.5179502680602487,149.58333333333334,0.9814814814814815,2,108
,scpdb_apbs_cutoff_fold1_apbs_shape_selected_chem_apbs_clip20_minmax,ResNet3D4LGN,apbs_shape_selected_chem,apbs_clip20_minmax,ResNet3D4LGN_best_model_in_terms_of_validation_paper_f1.pth,raw,0.3,top2,2,0.6666666666666666,0.5094339622641509,0.9642857142857143,54,52,2,0.5,0.7962962962962963,7.978035264880249,5.704306146983455,0.4037949443589454,0.4037949443589454,0.5051676240355433,149.58333333333334,1.4814814814814814,2,108
,scpdb_apbs_cutoff_fold1_apbs_shape_selected_chem_apbs_clip20_minmax,ResNet3D4LGN,apbs_shape_selected_chem,apbs_clip20_minmax,ResNet3D4LGN_best_model_in_terms_of_validation_paper_f1.pth,raw,0.3,top3,3,0.6829268292682926,0.5283018867924528,0.9655172413793104,56,50,2,0.5185185185185185,0.8240740740740741,7.336333006094098,5.145349766293153,0.4111464061311389,0.4111464061311389,0.4975290617052696,149.58333333333334,1.6296296296296295,2,108
,scpdb_apbs_cutoff_fold1_apbs_shape_selected_chem_apbs_clip20_minmax,ResNet3D4LGN,apbs_shape_selected_chem,apbs_clip20_minmax,ResNet3D4LGN_best_model_in_terms_of_validation_paper_f1.pth,raw,0.3,top_n_plus_2,3,0.6829268292682926,0.5283018867924528,0.9655172413793104,56,50,2,0.5185185185185185,0.8240740740740741,7.336333006094098,5.145349766293153,0.4111464061311389,0.4111464061311389,0.4975290617052696,149.58333333333334,1.6296296296296295,2,108
,scpdb_apbs_cutoff_fold1_apbs_shape_selected_chem_apbs_clip20_minmax,ResNet3D4LGN,apbs_shape_selected_chem,apbs_clip20_minmax,ResNet3D4LGN_best_model_in_terms_of_validation_paper_f1.pth,raw,0.35,top1,1,0.6329113924050632,0.4716981132075472,0.9615384615384616,50,56,2,0.46296296296296297,0.6944444444444444,11.869437916825348,9.381386406033307,0.3650156329868431,0.3650156329868431,0.5187300277398502,145.37962962962962,0.9814814814814815,2,108
,scpdb_apbs_cutoff_fold1_apbs_shape_selected_chem_apbs_clip20_minmax,ResNet3D4LGN,apbs_shape_selected_chem,apbs_clip20_minmax,ResNet3D4LGN_best_model_in_terms_of_validation_paper_f1.pth,raw,0.35,top2,2,0.674846625766871,0.5188679245283019,0.9649122807017544,55,51,2,0.5092592592592593,0.8055555555555556,7.902657368443929,5.6345652844184535,0.40612735787261256,0.40612735787261256,0.5052057611668086,145.37962962962962,1.4722222222222223,2,108
,scpdb_apbs_cutoff_fold1_apbs_shape_selected_chem_apbs_clip20_minmax,ResNet3D4LGN,apbs_shape_selected_chem,apbs_clip20_minmax,ResNet3D4LGN_best_model_in_terms_of_validation_paper_f1.pth,raw,0.35,top3,3,0.6909090909090908,0.5377358490566038,0.9661016949152542,57,49,2,0.5277777777777778,0.8333333333333334,7.259307062039769,5.072768484479308,0.4134086737413267,0.4134086737413267,0.49756696252937666,145.37962962962962,1.6296296296296295,2,108
,scpdb_apbs_cutoff_fold1_apbs_shape_selected_chem_apbs_clip20_minmax,ResNet3D4LGN,apbs_shape_selected_chem,apbs_clip20_minmax,ResNet3D4LGN_best_model_in_terms_of_validation_paper_f1.pth,raw,0.35,top_n_plus_2,3,0.6909090909090908,0.5377358490566038,0.9661016949152542,57,49,2,0.5277777777777778,0.8333333333333334,7.259307062039769,5.072768484479308,0.4134086737413267,0.4134086737413267,0.49756696252937666,145.37962962962962,1.6296296296296295,2,108
,scpdb_apbs_cutoff_fold1_apbs_shape_selected_chem_apbs_clip20_minmax,ResNet3D4LGN,apbs_shape_selected_chem,apbs_clip20_minmax,ResNet3D4LGN_best_model_in_terms_of_validation_paper_f1.pth,raw,0.4,top1,1,0.6415094339622641,0.4811320754716981,0.9622641509433962,51,55,2,0.4722222222222222,0.6944444444444444,11.861398421882372,9.381181568390335,0.36512293533106255,0.36512293533106255,0.5169662433579225,141.14814814814815,0.9814814814814815,2,108
,scpdb_apbs_cutoff_fold1_apbs_shape_selected_chem_apbs_clip20_minmax,ResNet3D4LGN,apbs_shape_selected_chem,apbs_clip20_minmax,ResNet3D4LGN_best_model_in_terms_of_validation_paper_f1.pth,raw,0.4,top2,2,0.6829268292682926,0.5283018867924528,0.9655172413793104,56,50,2,0.5185185185185185,0.8055555555555556,7.900355136550181,5.636011859631365,0.40537401927782807,0.40537401927782807,0.5032118219031845,141.14814814814815,1.4722222222222223,2,108
,scpdb_apbs_cutoff_fold1_apbs_shape_selected_chem_apbs_clip20_minmax,ResNet3D4LGN,apbs_shape_selected_chem,apbs_clip20_minmax,ResNet3D4LGN_best_model_in_terms_of_validation_paper_f1.pth,raw,0.4,top3,3,0.6909090909090908,0.5377358490566038,0.9661016949152542,57,49,2,0.5277777777777778,0.8240740740740741,7.502186669378795,5.305553222678826,0.4091887588141123,0.4091887588141123,0.49833091274698826,141.14814814814815,1.6296296296296295,2,108
,scpdb_apbs_cutoff_fold1_apbs_shape_selected_chem_apbs_clip20_minmax,ResNet3D4LGN,apbs_shape_selected_chem,apbs_clip20_minmax,ResNet3D4LGN_best_model_in_terms_of_validation_paper_f1.pth,raw,0.4,top_n_plus_2,3,0.6909090909090908,0.5377358490566038,0.9661016949152542,57,49,2,0.5277777777777778,0.8240740740740741,7.502186669378795,5.305553222678826,0.4091887588141123,0.4091887588141123,0.49833091274698826,141.14814814814815,1.6296296296296295,2,108
,scpdb_apbs_cutoff_fold1_apbs_shape_selected_chem_apbs_clip20_minmax,ResNet3D4LGN,apbs_shape_selected_chem,apbs_clip20_minmax,ResNet3D4LGN_best_model_in_terms_of_validation_paper_f1.pth,raw,0.45,top1,1,0.6415094339622641,0.4857142857142857,0.9444444444444444,51,54,3,0.4722222222222222,0.6944444444444444,12.618286327215387,10.171110797436402,0.3665828920691481,0.3665828920691481,0.5197053160858931,137.4351851851852,0.9722222222222222,3,108
,scpdb_apbs_cutoff_fold1_apbs_shape_selected_chem_apbs_clip20_minmax,ResNet3D4LGN,apbs_shape_selected_chem,apbs_clip20_minmax,ResNet3D4LGN_best_model_in_terms_of_validation_paper_f1.pth,raw,0.45,top2,2,0.6909090909090908,0.5428571428571428,0.95,57,48,3,0.5277777777777778,0.8055555555555556,8.65951714988718,6.43173240136697,0.40554133944206866,0.40554133944206866,0.5018572902293984,137.4351851851852,1.462962962962963,3,108
,scpdb_apbs_cutoff_fold1_apbs_shape_selected_chem_apbs_clip20_minmax,ResNet3D4LGN,apbs_shape_selected_chem,apbs_clip20_minmax,ResNet3D4LGN_best_model_in_terms_of_validation_paper_f1.pth,raw,0.45,top3,3,0.6987951807228915,0.5523809523809524,0.9508196721311475,58,47,3,0.5370370370370371,0.8240740740740741,8.263660586711419,6.100577605684098,0.4089006438684463,0.4089006438684463,0.49679653235188004,137.4351851851852,1.6203703703703705,3,108
,scpdb_apbs_cutoff_fold1_apbs_shape_selected_chem_apbs_clip20_minmax,ResNet3D4LGN,apbs_shape_selected_chem,apbs_clip20_minmax,ResNet3D4LGN_best_model_in_terms_of_validation_paper_f1.pth,raw,0.45,top_n_plus_2,3,0.6987951807228915,0.5523809523809524,0.9508196721311475,58,47,3,0.5370370370370371,0.8240740740740741,8.263660586711419,6.100577605684098,0.4089006438684463,0.4089006438684463,0.49679653235188004,137.4351851851852,1.6203703703703705,3,108
,scpdb_apbs_cutoff_fold1_apbs_shape_selected_chem_apbs_clip20_minmax,ResNet3D4LGN,apbs_shape_selected_chem,apbs_clip20_minmax,ResNet3D4LGN_best_model_in_terms_of_validation_paper_f1.pth,raw,0.5,top1,1,0.6415094339622641,0.4857142857142857,0.9444444444444444,51,54,3,0.4722222222222222,0.6944444444444444,12.612278401773642,10.166684982600323,0.3660871948573594,0.3660871948573594,0.5189879309230483,133.61111111111111,0.9722222222222222,3,108
,scpdb_apbs_cutoff_fold1_apbs_shape_selected_chem_apbs_clip20_minmax,ResNet3D4LGN,apbs_shape_selected_chem,apbs_clip20_minmax,ResNet3D4LGN_best_model_in_terms_of_validation_paper_f1.pth,raw,0.5,top2,2,0.6829268292682926,0.5333333333333333,0.9491525423728814,56,49,3,0.5185185185185185,0.7962962962962963,8.685542533940293,6.4551007148753525,0.40304062914197347,0.40304062914197347,0.502952120050648,133.61111111111111,1.4537037037037037,3,108
,scpdb_apbs_cutoff_fold1_apbs_shape_selected_chem_apbs_clip20_minmax,ResNet3D4LGN,apbs_shape_selected_chem,apbs_clip20_minmax,ResNet3D4LGN_best_model_in_terms_of_validation_paper_f1.pth,raw,0.5,top3,3,0.6909090909090908,0.5428571428571428,0.95,57,48,3,0.5277777777777778,0.8148148148148148,8.284661071532454,6.11851192479703,0.4063357617062318,0.4063357617062318,0.49778336940648465,133.61111111111111,1.6111111111111112,3,108
,scpdb_apbs_cutoff_fold1_apbs_shape_selected_chem_apbs_clip20_minmax,ResNet3D4LGN,apbs_shape_selected_chem,apbs_clip20_minmax,ResNet3D4LGN_best_model_in_terms_of_validation_paper_f1.pth,raw,0.5,top_n_plus_2,3,0.6909090909090908,0.5428571428571428,0.95,57,48,3,0.5277777777777778,0.8148148148148148,8.284661071532454,6.11851192479703,0.4063357617062318,0.4063357617062318,0.49778336940648465,133.61111111111111,1.6111111111111112,3,108
,scpdb_apbs_cutoff_fold1_apbs_shape_selected_chem_apbs_clip20_minmax,ResNet3D4LGN,apbs_shape_selected_chem,apbs_clip20_minmax,ResNet3D4LGN_best_model_in_terms_of_validation_paper_f1.pth,raw,0.55,top1,1,0.6415094339622641,0.4857142857142857,0.9444444444444444,51,54,3,0.4722222222222222,0.6944444444444444,12.611312072368047,10.15807241575892,0.36638845638006245,0.36638845638006245,0.5194246629258221,129.92592592592592,0.9722222222222222,3,108
,scpdb_apbs_cutoff_fold1_apbs_shape_selected_chem_apbs_clip20_minmax,ResNet3D4LGN,apbs_shape_selected_chem,apbs_clip20_minmax,ResNet3D4LGN_best_model_in_terms_of_validation_paper_f1.pth,raw,0.55,top2,2,0.6829268292682926,0.5333333333333333,0.9491525423728814,56,49,3,0.5185185185185185,0.7962962962962963,8.727466283095294,6.518547497351067,0.40203282619469527,0.40203282619469527,0.5032489948766798,129.92592592592592,1.4444444444444444,3,108
,scpdb_apbs_cutoff_fold1_apbs_shape_selected_chem_apbs_clip20_minmax,ResNet3D4LGN,apbs_shape_selected_chem,apbs_clip20_minmax,ResNet3D4LGN_best_model_in_terms_of_validation_paper_f1.pth,raw,0.55,top3,3,0.6909090909090908,0.5428571428571428,0.95,57,48,3,0.5277777777777778,0.8148148148148148,8.324695198248394,6.183648950274442,0.4050977422036003,0.4050977422036003,0.4977826382414165,129.92592592592592,1.6018518518518519,3,108
,scpdb_apbs_cutoff_fold1_apbs_shape_selected_chem_apbs_clip20_minmax,ResNet3D4LGN,apbs_shape_selected_chem,apbs_clip20_minmax,ResNet3D4LGN_best_model_in_terms_of_validation_paper_f1.pth,raw,0.55,top_n_plus_2,3,0.6909090909090908,0.5428571428571428,0.95,57,48,3,0.5277777777777778,0.8148148148148148,8.324695198248394,6.183648950274442,0.4050977422036003,0.4050977422036003,0.4977826382414165,129.92592592592592,1.6018518518518519,3,108
,scpdb_apbs_cutoff_fold1_apbs_shape_selected_chem_apbs_clip20_minmax,ResNet3D4LGN,apbs_shape_selected_chem,apbs_clip20_minmax,ResNet3D4LGN_best_model_in_terms_of_validation_paper_f1.pth,raw,0.6,top1,1,0.65,0.49523809523809526,0.9454545454545454,52,53,3,0.48148148148148145,0.6944444444444444,12.595560237278058,10.14423122461875,0.3653701398260044,0.3653701398260044,0.518640592289507,126.04629629629629,0.9722222222222222,3,108
,scpdb_apbs_cutoff_fold1_apbs_shape_selected_chem_apbs_clip20_minmax,ResNet3D4LGN,apbs_shape_selected_chem,apbs_clip20_minmax,ResNet3D4LGN_best_model_in_terms_of_validation_paper_f1.pth,raw,0.6,top2,2,0.6987951807228915,0.5523809523809524,0.9508196721311475,58,47,3,0.5370370370370371,0.7962962962962963,8.714067066748335,6.506527680055869,0.3998529790649194,0.3998529790649194,0.4994268590528137,126.04629629629629,1.4351851851851851,3,108
,scpdb_apbs_cutoff_fold1_apbs_shape_selected_chem_apbs_clip20_minmax,ResNet3D4LGN,apbs_shape_selected_chem,apbs_clip20_minmax,ResNet3D4LGN_best_model_in_terms_of_validation_paper_f1.pth,raw,0.6,top3,3,0.7142857142857142,0.5714285714285714,0.9523809523809523,60,45,3,0.5555555555555556,0.8240740740740741,8.06528079403042,5.935852744733082,0.4053488183404638,0.4053488183404638,0.49048601543063974,126.04629629629629,1.5740740740740742,3,108
,scpdb_apbs_cutoff_fold1_apbs_shape_selected_chem_apbs_clip20_minmax,ResNet3D4LGN,apbs_shape_selected_chem,apbs_clip20_minmax,ResNet3D4LGN_best_model_in_terms_of_validation_paper_f1.pth,raw,0.6,top_n_plus_2,3,0.7142857142857142,0.5714285714285714,0.9523809523809523,60,45,3,0.5555555555555556,0.8240740740740741,8.06528079403042,5.935852744733082,0.4053488183404638,0.4053488183404638,0.49048601543063974,126.04629629629629,1.5740740740740742,3,108
,scpdb_apbs_cutoff_fold1_apbs_shape_selected_chem_apbs_clip20_minmax,ResNet3D4LGN,apbs_shape_selected_chem,apbs_clip20_minmax,ResNet3D4LGN_best_model_in_terms_of_validation_paper_f1.pth,raw,0.7,top1,1,0.65,0.49523809523809526,0.9454545454545454,52,53,3,0.48148148148148145,0.6944444444444444,12.583427402655797,10.135515864555899,0.36241902105707674,0.36241902105707674,0.5142565755018581,117.32407407407408,0.9722222222222222,3,108
,scpdb_apbs_cutoff_fold1_apbs_shape_selected_chem_apbs_clip20_minmax,ResNet3D4LGN,apbs_shape_selected_chem,apbs_clip20_minmax,ResNet3D4LGN_best_model_in_terms_of_validation_paper_f1.pth,raw,0.7,top2,2,0.6909090909090908,0.5428571428571428,0.95,57,48,3,0.5277777777777778,0.7870370370370371,9.004716288056839,6.774556233240281,0.39345007293321455,0.39345007293321455,0.4990663830465456,117.32407407407408,1.4074074074074074,3,108
,scpdb_apbs_cutoff_fold1_apbs_shape_selected_chem_apbs_clip20_minmax,ResNet3D4LGN,apbs_shape_selected_chem,apbs_clip20_minmax,ResNet3D4LGN_best_model_in_terms_of_validation_paper_f1.pth,raw,0.7,top3,3,0.7065868263473054,0.5619047619047619,0.9516129032258065,59,46,3,0.5462962962962963,0.8148148148148148,8.360094602760519,6.204955460115392,0.39793978150590403,0.39793978150590403,0.4884062691553344,117.32407407407408,1.537037037037037,3,108
,scpdb_apbs_cutoff_fold1_apbs_shape_selected_chem_apbs_clip20_minmax,ResNet3D4LGN,apbs_shape_selected_chem,apbs_clip20_minmax,ResNet3D4LGN_best_model_in_terms_of_validation_paper_f1.pth,raw,0.7,top_n_plus_2,3,0.7065868263473054,0.5619047619047619,0.9516129032258065,59,46,3,0.5462962962962963,0.8148148148148148,8.360094602760519,6.204955460115392,0.39793978150590403,0.39793978150590403,0.4884062691553344,117.32407407407408,1.537037037037037,3,108
,scpdb_apbs_cutoff_fold1_apbs_shape_selected_chem_apbs_clip20_minmax,ResNet3D4LGN,apbs_shape_selected_chem,apbs_clip20_minmax,ResNet3D4LGN_best_model_in_terms_of_validation_paper_f1.pth,raw,0.8,top1,1,0.65,0.5,0.9285714285714286,52,52,4,0.48148148148148145,0.7129629629629629,13.603941322069163,11.19416307060188,0.36032831148130234,0.36032831148130234,0.5055260680724853,105.57407407407408,0.9629629629629629,4,108
,scpdb_apbs_cutoff_fold1_apbs_shape_selected_chem_apbs_clip20_minmax,ResNet3D4LGN,apbs_shape_selected_chem,apbs_clip20_minmax,ResNet3D4LGN_best_model_in_terms_of_validation_paper_f1.pth,raw,0.8,top2,2,0.6829268292682926,0.5384615384615384,0.9333333333333333,56,48,4,0.5185185185185185,0.8055555555555556,9.87634591298801,7.697862790866906,0.38567243548742597,0.38567243548742597,0.4893462121680597,105.57407407407408,1.3703703703703705,4,108
,scpdb_apbs_cutoff_fold1_apbs_shape_selected_chem_apbs_clip20_minmax,ResNet3D4LGN,apbs_shape_selected_chem,apbs_clip20_minmax,ResNet3D4LGN_best_model_in_terms_of_validation_paper_f1.pth,raw,0.8,top3,3,0.6987951807228916,0.5576923076923077,0.9354838709677419,58,46,4,0.5370370370370371,0.8333333333333334,9.236313929598353,7.1375562609580765,0.3893463160596505,0.3893463160596505,0.4774608442531493,105.57407407407408,1.4722222222222223,4,108
,scpdb_apbs_cutoff_fold1_apbs_shape_selected_chem_apbs_clip20_minmax,ResNet3D4LGN,apbs_shape_selected_chem,apbs_clip20_minmax,ResNet3D4LGN_best_model_in_terms_of_validation_paper_f1.pth,raw,0.8,top_n_plus_2,3,0.6987951807228916,0.5576923076923077,0.9354838709677419,58,46,4,0.5370370370370371,0.8333333333333334,9.236313929598353,7.1375562609580765,0.3893463160596505,0.3893463160596505,0.4774608442531493,105.57407407407408,1.4722222222222223,4,108
,scpdb_apbs_cutoff_fold1_apbs_shape_selected_chem_apbs_clip20_minmax,ResNet3D4LGN,apbs_shape_selected_chem,apbs_clip20_minmax,ResNet3D4LGN_best_model_in_terms_of_validation_paper_f1.pth,raw,0.9,top1,1,0.6329113924050633,0.4854368932038835,0.9090909090909091,50,53,5,0.46296296296296297,0.7129629629629629,14.170674643271225,11.756238793845917,0.33662283037816826,0.33662283037816826,0.48048062490808974,83.93518518518519,0.9537037037037037,5,108
,scpdb_apbs_cutoff_fold1_apbs_shape_selected_chem_apbs_clip20_minmax,ResNet3D4LGN,apbs_shape_selected_chem,apbs_clip20_minmax,ResNet3D4LGN_best_model_in_terms_of_validation_paper_f1.pth,raw,0.9,top2,2,0.6583850931677019,0.5145631067961165,0.9137931034482759,53,50,5,0.49074074074074076,0.7870370370370371,11.267515811471823,9.07920714384807,0.3551862008822333,0.3551862008822333,0.46888524653856944,83.93518518518519,1.25,5,108
,scpdb_apbs_cutoff_fold1_apbs_shape_selected_chem_apbs_clip20_minmax,ResNet3D4LGN,apbs_shape_selected_chem,apbs_clip20_minmax,ResNet3D4LGN_best_model_in_terms_of_validation_paper_f1.pth,raw,0.9,top3,3,0.6583850931677019,0.5145631067961165,0.9137931034482759,53,50,5,0.49074074074074076,0.7870370370370371,11.267515811471823,9.07920714384807,0.3551862008822333,0.3551862008822333,0.46888524653856944,83.93518518518519,1.2962962962962963,5,108
,scpdb_apbs_cutoff_fold1_apbs_shape_selected_chem_apbs_clip20_minmax,ResNet3D4LGN,apbs_shape_selected_chem,apbs_clip20_minmax,ResNet3D4LGN_best_model_in_terms_of_validation_paper_f1.pth,raw,0.9,top_n_plus_2,3,0.6583850931677019,0.5145631067961165,0.9137931034482759,53,50,5,0.49074074074074076,0.7870370370370371,11.267515811471823,9.07920714384807,0.3551862008822333,0.3551862008822333,0.46888524653856944,83.93518518518519,1.2962962962962963,5,108
,scpdb_apbs_cutoff_fold1_apbs_shape_selected_chem_apbs_clip20_minmax,ResNet3D4L,apbs_shape_selected_chem,apbs_clip20_minmax,ResNet3D4L_best_model_in_terms_of_validation_paper_f1.pth,raw,0.05,top1,1,0.6415094339622641,0.49514563106796117,0.9107142857142857,51,52,5,0.4722222222222222,0.7037037037037037,15.017396127641927,12.609835071675434,0.36623589571452775,0.36623589571452775,0.5365802809497429,145.4814814814815,0.9537037037037037,5,108
,scpdb_apbs_cutoff_fold1_apbs_shape_selected_chem_apbs_clip20_minmax,ResNet3D4L,apbs_shape_selected_chem,apbs_clip20_minmax,ResNet3D4L_best_model_in_terms_of_validation_paper_f1.pth,raw,0.05,top2,2,0.6583850931677019,0.5145631067961165,0.9137931034482759,53,50,5,0.49074074074074076,0.7407407407407407,13.950554102854248,11.584329487067587,0.37650295471021383,0.37650295471021383,0.5287819033160653,145.4814814814815,1.2222222222222223,5,108
,scpdb_apbs_cutoff_fold1_apbs_shape_selected_chem_apbs_clip20_minmax,ResNet3D4L,apbs_shape_selected_chem,apbs_clip20_minmax,ResNet3D4L_best_model_in_terms_of_validation_paper_f1.pth,raw,0.05,top3,3,0.6666666666666666,0.5242718446601942,0.9152542372881356,54,49,5,0.5,0.75,13.814960265765372,11.47675699178374,0.3815735014474273,0.3815735014474273,0.5291307393216761,145.4814814814815,1.2685185185185186,5,108
,scpdb_apbs_cutoff_fold1_apbs_shape_selected_chem_apbs_clip20_minmax,ResNet3D4L,apbs_shape_selected_chem,apbs_clip20_minmax,ResNet3D4L_best_model_in_terms_of_validation_paper_f1.pth,raw,0.05,top_n_plus_2,3,0.6666666666666666,0.5242718446601942,0.9152542372881356,54,49,5,0.5,0.75,13.814960265765372,11.47675699178374,0.3815735014474273,0.3815735014474273,0.5291307393216761,145.4814814814815,1.2685185185185186,5,108
,scpdb_apbs_cutoff_fold1_apbs_shape_selected_chem_apbs_clip20_minmax,ResNet3D4L,apbs_shape_selected_chem,apbs_clip20_minmax,ResNet3D4L_best_model_in_terms_of_validation_paper_f1.pth,raw,0.1,top1,1,0.6415094339622641,0.49514563106796117,0.9107142857142857,51,52,5,0.4722222222222222,0.7129629629629629,14.97063711747491,12.606158668550293,0.37097877031401105,0.37097877031401105,0.5448056410507391,135.28703703703704,0.9537037037037037,5,108
,scpdb_apbs_cutoff_fold1_apbs_shape_selected_chem_apbs_clip20_minmax,ResNet3D4L,apbs_shape_selected_chem,apbs_clip20_minmax,ResNet3D4L_best_model_in_terms_of_validation_paper_f1.pth,raw,0.1,top2,2,0.65,0.5048543689320388,0.9122807017543859,52,51,5,0.48148148148148145,0.7407407407407407,14.190326091496637,11.845627767237277,0.37929672837709316,0.37929672837709316,0.5445449556459173,135.28703703703704,1.1944444444444444,5,108
,scpdb_apbs_cutoff_fold1_apbs_shape_selected_chem_apbs_clip20_minmax,ResNet3D4L,apbs_shape_selected_chem,apbs_clip20_minmax,ResNet3D4L_best_model_in_terms_of_validation_paper_f1.pth,raw,0.1,top3,3,0.6666666666666666,0.5242718446601942,0.9152542372881356,54,49,5,0.5,0.7592592592592593,13.776848315027788,11.478411353040777,0.38478382514234605,0.38478382514234605,0.5353508174858335,135.28703703703704,1.2314814814814814,5,108
,scpdb_apbs_cutoff_fold1_apbs_shape_selected_chem_apbs_clip20_minmax,ResNet3D4L,apbs_shape_selected_chem,apbs_clip20_minmax,ResNet3D4L_best_model_in_terms_of_validation_paper_f1.pth,raw,0.1,top_n_plus_2,3,0.6666666666666666,0.5242718446601942,0.9152542372881356,54,49,5,0.5,0.7592592592592593,13.776848315027788,11.478411353040777,0.38478382514234605,0.38478382514234605,0.5353508174858335,135.28703703703704,1.2314814814814814,5,108
,scpdb_apbs_cutoff_fold1_apbs_shape_selected_chem_apbs_clip20_minmax,ResNet3D4L,apbs_shape_selected_chem,apbs_clip20_minmax,ResNet3D4L_best_model_in_terms_of_validation_paper_f1.pth,raw,0.2,top1,1,0.6583850931677019,0.5145631067961165,0.9137931034482759,53,50,5,0.49074074074074076,0.7129629629629629,14.970548138662979,12.619818375687727,0.3716685565520616,0.3716685565520616,0.5474274079123111,125.17592592592592,0.9537037037037037,5,108
,scpdb_apbs_cutoff_fold1_apbs_shape_selected_chem_apbs_clip20_minmax,ResNet3D4L,apbs_shape_selected_chem,apbs_clip20_minmax,ResNet3D4L_best_model_in_terms_of_validation_paper_f1.pth,raw,0.2,top2,2,0.6748466257668712,0.5339805825242718,0.9166666666666666,55,48,5,0.5092592592592593,0.75,13.892669294712578,11.571709577441515,0.3803107421157058,0.3803107421157058,0.5386209366794348,125.17592592592592,1.212962962962963,5,108
,scpdb_apbs_cutoff_fold1_apbs_shape_selected_chem_apbs_clip20_minmax,ResNet3D4L,apbs_shape_selected_chem,apbs_clip20_minmax,ResNet3D4L_best_model_in_terms_of_validation_paper_f1.pth,raw,0.2,top3,3,0.6748466257668712,0.5339805825242718,0.9166666666666666,55,48,5,0.5092592592592593,0.7592592592592593,13.760760191213045,11.463752154290102,0.3845931495231132,0.3845931495231132,0.5386209366794348,125.17592592592592,1.2407407407407407,5,108
,scpdb_apbs_cutoff_fold1_apbs_shape_selected_chem_apbs_clip20_minmax,ResNet3D4L,apbs_shape_selected_chem,apbs_clip20_minmax,ResNet3D4L_best_model_in_terms_of_validation_paper_f1.pth,raw,0.2,top_n_plus_2,3,0.6748466257668712,0.5339805825242718,0.9166666666666666,55,48,5,0.5092592592592593,0.7592592592592593,13.760760191213045,11.463752154290102,0.3845931495231132,0.3845931495231132,0.5386209366794348,125.17592592592592,1.2407407407407407,5,108
,scpdb_apbs_cutoff_fold1_apbs_shape_selected_chem_apbs_clip20_minmax,ResNet3D4L,apbs_shape_selected_chem,apbs_clip20_minmax,ResNet3D4L_best_model_in_terms_of_validation_paper_f1.pth,raw,0.3,top1,1,0.6583850931677019,0.5145631067961165,0.9137931034482759,53,50,5,0.49074074074074076,0.7037037037037037,14.94484635628661,12.609974140989614,0.3724121586774371,0.3724121586774371,0.5443047465608102,118.64814814814815,0.9537037037037037,5,108
,scpdb_apbs_cutoff_fold1_apbs_shape_selected_chem_apbs_clip20_minmax,ResNet3D4L,apbs_shape_selected_chem,apbs_clip20_minmax,ResNet3D4L_best_model_in_terms_of_validation_paper_f1.pth,raw,0.3,top2,2,0.6748466257668712,0.5339805825242718,0.9166666666666666,55,48,5,0.5092592592592593,0.7407407407407407,13.865752846938145,11.563915499601116,0.380693732176402,0.380693732176402,0.5351894299721506,118.64814814814815,1.212962962962963,5,108
,scpdb_apbs_cutoff_fold1_apbs_shape_selected_chem_apbs_clip20_minmax,ResNet3D4L,apbs_shape_selected_chem,apbs_clip20_minmax,ResNet3D4L_best_model_in_terms_of_validation_paper_f1.pth,raw,0.3,top3,3,0.6748466257668712,0.5339805825242718,0.9166666666666666,55,48,5,0.5092592592592593,0.75,13.734865885240342,11.456472766662774,0.38479593564569403,0.38479593564569403,0.5351894299721506,118.64814814814815,1.2314814814814814,5,108
,scpdb_apbs_cutoff_fold1_apbs_shape_selected_chem_apbs_clip20_minmax,ResNet3D4L,apbs_shape_selected_chem,apbs_clip20_minmax,ResNet3D4L_best_model_in_terms_of_validation_paper_f1.pth,raw,0.3,top_n_plus_2,3,0.6748466257668712,0.5339805825242718,0.9166666666666666,55,48,5,0.5092592592592593,0.75,13.734865885240342,11.456472766662774,0.38479593564569403,0.38479593564569403,0.5351894299721506,118.64814814814815,1.2314814814814814,5,108
,scpdb_apbs_cutoff_fold1_apbs_shape_selected_chem_apbs_clip20_minmax,ResNet3D4L,apbs_shape_selected_chem,apbs_clip20_minmax,ResNet3D4L_best_model_in_terms_of_validation_paper_f1.pth,raw,0.35,top1,1,0.65,0.5048543689320388,0.9122807017543859,52,51,5,0.48148148148148145,0.7037037037037037,14.952559072439389,12.608760206147926,0.3715457679875154,0.3715457679875154,0.5473214601144402,116.23148148148148,0.9537037037037037,5,108
,scpdb_apbs_cutoff_fold1_apbs_shape_selected_chem_apbs_clip20_minmax,ResNet3D4L,apbs_shape_selected_chem,apbs_clip20_minmax,ResNet3D4L_best_model_in_terms_of_validation_paper_f1.pth,raw,0.35,top2,2,0.6666666666666666,0.5242718446601942,0.9152542372881356,54,49,5,0.5,0.7407407407407407,13.873451647185762,11.560664803609509,0.3796948938964055,0.3796948938964055,0.5380982414924914,116.23148148148148,1.2037037037037037,5,108
,scpdb_apbs_cutoff_fold1_apbs_shape_selected_chem_apbs_clip20_minmax,ResNet3D4L,apbs_shape_selected_chem,apbs_clip20_minmax,ResNet3D4L_best_model_in_terms_of_validation_paper_f1.pth,raw,0.35,top3,3,0.6666666666666666,0.5242718446601942,0.9152542372881356,54,49,5,0.5,0.75,13.743307293592178,11.453534047740293,0.38367989155228927,0.38367989155228927,0.5380982414924914,116.23148148148148,1.2222222222222223,5,108
,scpdb_apbs_cutoff_fold1_apbs_shape_selected_chem_apbs_clip20_minmax,ResNet3D4L,apbs_shape_selected_chem,apbs_clip20_minmax,ResNet3D4L_best_model_in_terms_of_validation_paper_f1.pth,raw,0.35,top_n_plus_2,3,0.6666666666666666,0.5242718446601942,0.9152542372881356,54,49,5,0.5,0.75,13.743307293592178,11.453534047740293,0.38367989155228927,0.38367989155228927,0.5380982414924914,116.23148148148148,1.2222222222222223,5,108
,scpdb_apbs_cutoff_fold1_apbs_shape_selected_chem_apbs_clip20_minmax,ResNet3D4L,apbs_shape_selected_chem,apbs_clip20_minmax,ResNet3D4L_best_model_in_terms_of_validation_paper_f1.pth,raw,0.4,top1,1,0.6748466257668712,0.5339805825242718,0.9166666666666666,55,48,5,0.5092592592592593,0.7129629629629629,14.954548906043991,12.60888023947123,0.37058795014613355,0.37058795014613355,0.5412724623064542,113.70370370370371,0.9537037037037037,5,108
,scpdb_apbs_cutoff_fold1_apbs_shape_selected_chem_apbs_clip20_minmax,ResNet3D4L,apbs_shape_selected_chem,apbs_clip20_minmax,ResNet3D4L_best_model_in_terms_of_validation_paper_f1.pth,raw,0.4,top2,2,0.6829268292682927,0.5436893203883495,0.9180327868852459,56,47,5,0.5185185185185185,0.7407407407407407,14.175607852608652,11.84519988179347,0.3781954228243733,0.3781954228243733,0.5412921126466236,113.70370370370371,1.1851851851851851,5,108
,scpdb_apbs_cutoff_fold1_apbs_shape_selected_chem_apbs_clip20_minmax,ResNet3D4L,apbs_shape_selected_chem,apbs_clip20_minmax,ResNet3D4L_best_model_in_terms_of_validation_paper_f1.pth,raw,0.4,top3,3,0.6829268292682927,0.5436893203883495,0.9180327868852459,56,47,5,0.5185185185185185,0.75,14.044324203820883,11.736798495282915,0.3821804204802571,0.3821804204802571,0.5412921126466236,113.70370370370371,1.2037037037037037,5,108
,scpdb_apbs_cutoff_fold1_apbs_shape_selected_chem_apbs_clip20_minmax,ResNet3D4L,apbs_shape_selected_chem,apbs_clip20_minmax,ResNet3D4L_best_model_in_terms_of_validation_paper_f1.pth,raw,0.4,top_n_plus_2,3,0.6829268292682927,0.5436893203883495,0.9180327868852459,56,47,5,0.5185185185185185,0.75,14.044324203820883,11.736798495282915,0.3821804204802571,0.3821804204802571,0.5412921126466236,113.70370370370371,1.2037037037037037,5,108
,scpdb_apbs_cutoff_fold1_apbs_shape_selected_chem_apbs_clip20_minmax,ResNet3D4L,apbs_shape_selected_chem,apbs_clip20_minmax,ResNet3D4L_best_model_in_terms_of_validation_paper_f1.pth,raw,0.45,top1,1,0.6748466257668712,0.5339805825242718,0.9166666666666666,55,48,5,0.5092592592592593,0.7129629629629629,14.956891904319146,12.608047380260727,0.3691054835423743,0.3691054835423743,0.5380580923911868,111.62962962962963,0.9537037037037037,5,108
,scpdb_apbs_cutoff_fold1_apbs_shape_selected_chem_apbs_clip20_minmax,ResNet3D4L,apbs_shape_selected_chem,apbs_clip20_minmax,ResNet3D4L_best_model_in_terms_of_validation_paper_f1.pth,raw,0.45,top2,2,0.6829268292682927,0.5436893203883495,0.9180327868852459,56,47,5,0.5185185185185185,0.7407407407407407,14.180260179436791,11.847148635970193,0.3764977955309365,0.3764977955309365,0.5378324787558721,111.62962962962963,1.1851851851851851,5,108
,scpdb_apbs_cutoff_fold1_apbs_shape_selected_chem_apbs_clip20_minmax,ResNet3D4L,apbs_shape_selected_chem,apbs_clip20_minmax,ResNet3D4L_best_model_in_terms_of_validation_paper_f1.pth,raw,0.45,top3,3,0.6829268292682927,0.5436893203883495,0.9180327868852459,56,47,5,0.5185185185185185,0.75,14.048340844331277,11.738115430795276,0.38058629961944057,0.38058629961944057,0.5378324787558721,111.62962962962963,1.2037037037037037,5,108
,scpdb_apbs_cutoff_fold1_apbs_shape_selected_chem_apbs_clip20_minmax,ResNet3D4L,apbs_shape_selected_chem,apbs_clip20_minmax,ResNet3D4L_best_model_in_terms_of_validation_paper_f1.pth,raw,0.45,top_n_plus_2,3,0.6829268292682927,0.5436893203883495,0.9180327868852459,56,47,5,0.5185185185185185,0.75,14.048340844331277,11.738115430795276,0.38058629961944057,0.38058629961944057,0.5378324787558721,111.62962962962963,1.2037037037037037,5,108
,scpdb_apbs_cutoff_fold1_apbs_shape_selected_chem_apbs_clip20_minmax,ResNet3D4L,apbs_shape_selected_chem,apbs_clip20_minmax,ResNet3D4L_best_model_in_terms_of_validation_paper_f1.pth,raw,0.5,top1,1,0.6748466257668712,0.5392156862745098,0.9016393442622951,55,47,6,0.5092592592592593,0.7129629629629629,15.62905750589605,13.299218064052114,0.3688060023756443,0.3688060023756443,0.5371555526456061,109.37037037037037,0.9444444444444444,6,108
,scpdb_apbs_cutoff_fold1_apbs_shape_selected_chem_apbs_clip20_minmax,ResNet3D4L,apbs_shape_selected_chem,apbs_clip20_minmax,ResNet3D4L_best_model_in_terms_of_validation_paper_f1.pth,raw,0.5,top2,2,0.6829268292682927,0.5490196078431373,0.9032258064516129,56,46,6,0.5185185185185185,0.7407407407407407,14.852645769745651,12.542552765396637,0.37579708407982626,0.37579708407982626,0.5369460557914624,109.37037037037037,1.1759259259259258,6,108
,scpdb_apbs_cutoff_fold1_apbs_shape_selected_chem_apbs_clip20_minmax,ResNet3D4L,apbs_shape_selected_chem,apbs_clip20_minmax,ResNet3D4L_best_model_in_terms_of_validation_paper_f1.pth,raw,0.5,top3,3,0.6829268292682927,0.5490196078431373,0.9032258064516129,56,46,6,0.5185185185185185,0.75,14.720726434640138,12.433519560221718,0.37988558816833035,0.37988558816833035,0.5369460557914624,109.37037037037037,1.1944444444444444,6,108
,scpdb_apbs_cutoff_fold1_apbs_shape_selected_chem_apbs_clip20_minmax,ResNet3D4L,apbs_shape_selected_chem,apbs_clip20_minmax,ResNet3D4L_best_model_in_terms_of_validation_paper_f1.pth,raw,0.5,top_n_plus_2,3,0.6829268292682927,0.5490196078431373,0.9032258064516129,56,46,6,0.5185185185185185,0.75,14.720726434640138,12.433519560221718,0.37988558816833035,0.37988558816833035,0.5369460557914624,109.37037037037037,1.1944444444444444,6,108
,scpdb_apbs_cutoff_fold1_apbs_shape_selected_chem_apbs_clip20_minmax,ResNet3D4L,apbs_shape_selected_chem,apbs_clip20_minmax,ResNet3D4L_best_model_in_terms_of_validation_paper_f1.pth,raw,0.55,top1,1,0.6748466257668712,0.5392156862745098,0.9016393442622951,55,47,6,0.5092592592592593,0.7129629629629629,15.62348233823773,13.293838430265067,0.3679929397603432,0.3679929397603432,0.5358913043288471,107.38888888888889,0.9444444444444444,6,108
,scpdb_apbs_cutoff_fold1_apbs_shape_selected_chem_apbs_clip20_minmax,ResNet3D4L,apbs_shape_selected_chem,apbs_clip20_minmax,ResNet3D4L_best_model_in_terms_of_validation_paper_f1.pth,raw,0.55,top2,2,0.6829268292682927,0.5490196078431373,0.9032258064516129,56,46,6,0.5185185185185185,0.7407407407407407,14.846404322811816,12.539958994843046,0.374709531144642,0.374709531144642,0.535401719899246,107.38888888888889,1.1666666666666667,6,108
,scpdb_apbs_cutoff_fold1_apbs_shape_selected_chem_apbs_clip20_minmax,ResNet3D4L,apbs_shape_selected_chem,apbs_clip20_minmax,ResNet3D4L_best_model_in_terms_of_validation_paper_f1.pth,raw,0.55,top3,3,0.6829268292682927,0.5490196078431373,0.9032258064516129,56,46,6,0.5185185185185185,0.75,14.714893791006423,12.431860363626024,0.378677785112896,0.378677785112896,0.535401719899246,107.38888888888889,1.1851851851851851,6,108
,scpdb_apbs_cutoff_fold1_apbs_shape_selected_chem_apbs_clip20_minmax,ResNet3D4L,apbs_shape_selected_chem,apbs_clip20_minmax,ResNet3D4L_best_model_in_terms_of_validation_paper_f1.pth,raw,0.55,top_n_plus_2,3,0.6829268292682927,0.5490196078431373,0.9032258064516129,56,46,6,0.5185185185185185,0.75,14.714893791006423,12.431860363626024,0.378677785112896,0.378677785112896,0.535401719899246,107.38888888888889,1.1851851851851851,6,108
,scpdb_apbs_cutoff_fold1_apbs_shape_selected_chem_apbs_clip20_minmax,ResNet3D4L,apbs_shape_selected_chem,apbs_clip20_minmax,ResNet3D4L_best_model_in_terms_of_validation_paper_f1.pth,raw,0.6,top1,1,0.6748466257668712,0.5392156862745098,0.9016393442622951,55,47,6,0.5092592592592593,0.7129629629629629,15.628868813970378,13.293254892840809,0.36673713026449123,0.36673713026449123,0.5333393483039828,105.42592592592592,0.9444444444444444,6,108
,scpdb_apbs_cutoff_fold1_apbs_shape_selected_chem_apbs_clip20_minmax,ResNet3D4L,apbs_shape_selected_chem,apbs_clip20_minmax,ResNet3D4L_best_model_in_terms_of_validation_paper_f1.pth,raw,0.6,top2,2,0.6829268292682927,0.5490196078431373,0.9032258064516129,56,46,6,0.5185185185185185,0.7407407407407407,14.853226669842613,12.540638626334127,0.3732087614701649,0.3732087614701649,0.5327440027985545,105.42592592592592,1.1666666666666667,6,108
,scpdb_apbs_cutoff_fold1_apbs_shape_selected_chem_apbs_clip20_minmax,ResNet3D4L,apbs_shape_selected_chem,apbs_clip20_minmax,ResNet3D4L_best_model_in_terms_of_validation_paper_f1.pth,raw,0.6,top3,3,0.6829268292682927,0.5490196078431373,0.9032258064516129,56,46,6,0.5185185185185185,0.75,14.72271732883515,12.433258948857475,0.3771770154384189,0.3771770154384189,0.5327440027985545,105.42592592592592,1.1851851851851851,6,108
,scpdb_apbs_cutoff_fold1_apbs_shape_selected_chem_apbs_clip20_minmax,ResNet3D4L,apbs_shape_selected_chem,apbs_clip20_minmax,ResNet3D4L_best_model_in_terms_of_validation_paper_f1.pth,raw,0.6,top_n_plus_2,3,0.6829268292682927,0.5490196078431373,0.9032258064516129,56,46,6,0.5185185185185185,0.75,14.72271732883515,12.433258948857475,0.3771770154384189,0.3771770154384189,0.5327440027985545,105.42592592592592,1.1851851851851851,6,108
,scpdb_apbs_cutoff_fold1_apbs_shape_selected_chem_apbs_clip20_minmax,ResNet3D4L,apbs_shape_selected_chem,apbs_clip20_minmax,ResNet3D4L_best_model_in_terms_of_validation_paper_f1.pth,raw,0.7,top1,1,0.6748466257668712,0.55,0.873015873015873,55,45,8,0.5092592592592593,0.7129629629629629,17.45412868692607,15.18444376875523,0.36624204812657524,0.36624204812657524,0.5322015453365093,101.03703703703704,0.9259259259259259,8,108
,scpdb_apbs_cutoff_fold1_apbs_shape_selected_chem_apbs_clip20_minmax,ResNet3D4L,apbs_shape_selected_chem,apbs_clip20_minmax,ResNet3D4L_best_model_in_terms_of_validation_paper_f1.pth,raw,0.7,top2,2,0.6829268292682927,0.56,0.875,56,44,8,0.5185185185185185,0.7407407407407407,16.58367210560304,14.302372616049809,0.37221342971614974,0.37221342971614974,0.5310107541944165,101.03703703703704,1.1481481481481481,8,108
,scpdb_apbs_cutoff_fold1_apbs_shape_selected_chem_apbs_clip20_minmax,ResNet3D4L,apbs_shape_selected_chem,apbs_clip20_minmax,ResNet3D4L_best_model_in_terms_of_validation_paper_f1.pth,raw,0.7,top3,3,0.6829268292682927,0.56,0.875,56,44,8,0.5185185185185185,0.75,16.45142644917652,14.193946650685568,0.37582093332365335,0.37582093332365335,0.5310107541944165,101.03703703703704,1.1666666666666667,8,108
,scpdb_apbs_cutoff_fold1_apbs_shape_selected_chem_apbs_clip20_minmax,ResNet3D4L,apbs_shape_selected_chem,apbs_clip20_minmax,ResNet3D4L_best_model_in_terms_of_validation_paper_f1.pth,raw,0.7,top_n_plus_2,3,0.6829268292682927,0.56,0.875,56,44,8,0.5185185185185185,0.75,16.45142644917652,14.193946650685568,0.37582093332365335,0.37582093332365335,0.5310107541944165,101.03703703703704,1.1666666666666667,8,108
,scpdb_apbs_cutoff_fold1_apbs_shape_selected_chem_apbs_clip20_minmax,ResNet3D4L,apbs_shape_selected_chem,apbs_clip20_minmax,ResNet3D4L_best_model_in_terms_of_validation_paper_f1.pth,raw,0.8,top1,1,0.6583850931677019,0.53,0.8688524590163934,53,47,8,0.49074074074074076,0.7129629629629629,17.437605283290242,15.18589337629099,0.3636649717336141,0.3636649717336141,0.5347531605683082,96.43518518518519,0.9259259259259259,8,108
,scpdb_apbs_cutoff_fold1_apbs_shape_selected_chem_apbs_clip20_minmax,ResNet3D4L,apbs_shape_selected_chem,apbs_clip20_minmax,ResNet3D4L_best_model_in_terms_of_validation_paper_f1.pth,raw,0.8,top2,2,0.6666666666666666,0.54,0.8709677419354839,54,46,8,0.5,0.7314814814814815,16.700820324028623,14.435556468520732,0.36913118355947505,0.36913118355947505,0.5336222540860491,96.43518518518519,1.1203703703703705,8,108
,scpdb_apbs_cutoff_fold1_apbs_shape_selected_chem_apbs_clip20_minmax,ResNet3D4L,apbs_shape_selected_chem,apbs_clip20_minmax,ResNet3D4L_best_model_in_terms_of_validation_paper_f1.pth,raw,0.8,top3,3,0.6666666666666666,0.54,0.8709677419354839,54,46,8,0.5,0.7407407407407407,16.567382268933013,14.325688789176963,0.37273868716697867,0.37273868716697867,0.5336222540860491,96.43518518518519,1.1388888888888888,8,108
,scpdb_apbs_cutoff_fold1_apbs_shape_selected_chem_apbs_clip20_minmax,ResNet3D4L,apbs_shape_selected_chem,apbs_clip20_minmax,ResNet3D4L_best_model_in_terms_of_validation_paper_f1.pth,raw,0.8,top_n_plus_2,3,0.6666666666666666,0.54,0.8709677419354839,54,46,8,0.5,0.7407407407407407,16.567382268933013,14.325688789176963,0.37273868716697867,0.37273868716697867,0.5336222540860491,96.43518518518519,1.1388888888888888,8,108
,scpdb_apbs_cutoff_fold1_apbs_shape_selected_chem_apbs_clip20_minmax,ResNet3D4L,apbs_shape_selected_chem,apbs_clip20_minmax,ResNet3D4L_best_model_in_terms_of_validation_paper_f1.pth,raw,0.9,top1,1,0.6666666666666666,0.5510204081632653,0.84375,54,44,10,0.5,0.7037037037037037,18.891995984312768,16.707741224511853,0.3554932098931956,0.3554932098931956,0.5233304624445463,88.70370370370371,0.9074074074074074,10,108
,scpdb_apbs_cutoff_fold1_apbs_shape_selected_chem_apbs_clip20_minmax,ResNet3D4L,apbs_shape_selected_chem,apbs_clip20_minmax,ResNet3D4L_best_model_in_terms_of_validation_paper_f1.pth,raw,0.9,top2,2,0.6829268292682927,0.5714285714285714,0.8484848484848485,56,42,10,0.5185185185185185,0.7314814814814815,18.078378313909134,15.913949677348686,0.3612252034731415,0.3612252034731415,0.5156860071531594,88.70370370370371,1.1018518518518519,10,108
,scpdb_apbs_cutoff_fold1_apbs_shape_selected_chem_apbs_clip20_minmax,ResNet3D4L,apbs_shape_selected_chem,apbs_clip20_minmax,ResNet3D4L_best_model_in_terms_of_validation_paper_f1.pth,raw,0.9,top3,3,0.6829268292682927,0.5714285714285714,0.8484848484848485,56,42,10,0.5185185185185185,0.7407407407407407,17.9463304826868,15.804598340521588,0.3643517065996446,0.3643517065996446,0.5156860071531594,88.70370370370371,1.1203703703703705,10,108
,scpdb_apbs_cutoff_fold1_apbs_shape_selected_chem_apbs_clip20_minmax,ResNet3D4L,apbs_shape_selected_chem,apbs_clip20_minmax,ResNet3D4L_best_model_in_terms_of_validation_paper_f1.pth,raw,0.9,top_n_plus_2,3,0.6829268292682927,0.5714285714285714,0.8484848484848485,56,42,10,0.5185185185185185,0.7407407407407407,17.9463304826868,15.804598340521588,0.3643517065996446,0.3643517065996446,0.5156860071531594,88.70370370370371,1.1203703703703705,10,108
,scpdb_apbs_cutoff_fold1_apbs_shape_selected_chem_apbs_clip20_minmax,UNet3D4LA,apbs_shape_selected_chem,apbs_clip20_minmax,UNet3D4LA_best_model_in_terms_of_validation_paper_f1.pth,raw,0.05,top1,1,0.624203821656051,0.4666666666666667,0.9423076923076923,49,56,3,0.4537037037037037,0.7037037037037037,11.95608690727861,9.54713671115549,0.3726629650628875,0.3726629650628875,0.5224382002840137,180.17592592592592,0.9722222222222222,3,108
,scpdb_apbs_cutoff_fold1_apbs_shape_selected_chem_apbs_clip20_minmax,UNet3D4LA,apbs_shape_selected_chem,apbs_clip20_minmax,UNet3D4LA_best_model_in_terms_of_validation_paper_f1.pth,raw,0.05,top2,2,0.6666666666666666,0.5142857142857142,0.9473684210526315,54,51,3,0.5,0.7777777777777778,9.739521186355342,7.430017044143451,0.39796371535194935,0.39796371535194935,0.503151583020935,180.17592592592592,1.3518518518518519,3,108
,scpdb_apbs_cutoff_fold1_apbs_shape_selected_chem_apbs_clip20_minmax,UNet3D4LA,apbs_shape_selected_chem,apbs_clip20_minmax,UNet3D4LA_best_model_in_terms_of_validation_paper_f1.pth,raw,0.05,top3,3,0.6666666666666666,0.5142857142857142,0.9473684210526315,54,51,3,0.5,0.7777777777777778,9.739521186355342,7.430017044143451,0.39796371535194935,0.39796371535194935,0.503151583020935,180.17592592592592,1.4351851851851851,3,108
,scpdb_apbs_cutoff_fold1_apbs_shape_selected_chem_apbs_clip20_minmax,UNet3D4LA,apbs_shape_selected_chem,apbs_clip20_minmax,UNet3D4LA_best_model_in_terms_of_validation_paper_f1.pth,raw,0.05,top_n_plus_2,3,0.6666666666666666,0.5142857142857142,0.9473684210526315,54,51,3,0.5,0.7777777777777778,9.739521186355342,7.430017044143451,0.39796371535194935,0.39796371535194935,0.503151583020935,180.17592592592592,1.4351851851851851,3,108
,scpdb_apbs_cutoff_fold1_apbs_shape_selected_chem_apbs_clip20_minmax,UNet3D4LA,apbs_shape_selected_chem,apbs_clip20_minmax,UNet3D4LA_best_model_in_terms_of_validation_paper_f1.pth,raw,0.1,top1,1,0.6064516129032258,0.4519230769230769,0.9215686274509803,47,57,4,0.4351851851851852,0.7037037037037037,12.72532737935696,10.407548576752651,0.37687442766506146,0.37687442766506146,0.5314531951483676,165.7962962962963,0.9629629629629629,4,108
,scpdb_apbs_cutoff_fold1_apbs_shape_selected_chem_apbs_clip20_minmax,UNet3D4LA,apbs_shape_selected_chem,apbs_clip20_minmax,UNet3D4LA_best_model_in_terms_of_validation_paper_f1.pth,raw,0.1,top2,2,0.6415094339622641,0.49038461538461536,0.9272727272727272,51,53,4,0.4722222222222222,0.7685185185185185,10.966603415602837,8.732593815780104,0.40000012169506355,0.40000012169506355,0.5164477374606111,165.7962962962963,1.3333333333333333,4,108
,scpdb_apbs_cutoff_fold1_apbs_shape_selected_chem_apbs_clip20_minmax,UNet3D4LA,apbs_shape_selected_chem,apbs_clip20_minmax,UNet3D4LA_best_model_in_terms_of_validation_paper_f1.pth,raw,0.1,top3,3,0.6415094339622641,0.49038461538461536,0.9272727272727272,51,53,4,0.4722222222222222,0.7685185185185185,10.966603415602837,8.732593815780104,0.40000012169506355,0.40000012169506355,0.5164477374606111,165.7962962962963,1.3981481481481481,4,108
,scpdb_apbs_cutoff_fold1_apbs_shape_selected_chem_apbs_clip20_minmax,UNet3D4LA,apbs_shape_selected_chem,apbs_clip20_minmax,UNet3D4LA_best_model_in_terms_of_validation_paper_f1.pth,raw,0.1,top_n_plus_2,3,0.6415094339622641,0.49038461538461536,0.9272727272727272,51,53,4,0.4722222222222222,0.7685185185185185,10.966603415602837,8.732593815780104,0.40000012169506355,0.40000012169506355,0.5164477374606111,165.7962962962963,1.3981481481481481,4,108
,scpdb_apbs_cutoff_fold1_apbs_shape_selected_chem_apbs_clip20_minmax,UNet3D4LA,apbs_shape_selected_chem,apbs_clip20_minmax,UNet3D4LA_best_model_in_terms_of_validation_paper_f1.pth,raw,0.2,top1,1,0.6064516129032258,0.4563106796116505,0.9038461538461539,47,56,5,0.4351851851851852,0.7037037037037037,13.57375682577245,11.35283644467764,0.381276627872905,0.381276627872905,0.5334542432761993,151.72222222222223,0.9537037037037037,5,108
,scpdb_apbs_cutoff_fold1_apbs_shape_selected_chem_apbs_clip20_minmax,UNet3D4LA,apbs_shape_selected_chem,apbs_clip20_minmax,UNet3D4LA_best_model_in_terms_of_validation_paper_f1.pth,raw,0.2,top2,2,0.6329113924050633,0.4854368932038835,0.9090909090909091,50,53,5,0.46296296296296297,0.7592592592592593,12.033753590031003,9.891907103123803,0.40284190192751906,0.40284190192751906,0.5259827346680193,151.72222222222223,1.3055555555555556,5,108
,scpdb_apbs_cutoff_fold1_apbs_shape_selected_chem_apbs_clip20_minmax,UNet3D4LA,apbs_shape_selected_chem,apbs_clip20_minmax,UNet3D4LA_best_model_in_terms_of_validation_paper_f1.pth,raw,0.2,top3,3,0.6329113924050633,0.4854368932038835,0.9090909090909091,50,53,5,0.46296296296296297,0.7592592592592593,12.033753590031003,9.891907103123803,0.40284190192751906,0.40284190192751906,0.5259827346680193,151.72222222222223,1.3611111111111112,5,108
,scpdb_apbs_cutoff_fold1_apbs_shape_selected_chem_apbs_clip20_minmax,UNet3D4LA,apbs_shape_selected_chem,apbs_clip20_minmax,UNet3D4LA_best_model_in_terms_of_validation_paper_f1.pth,raw,0.2,top_n_plus_2,3,0.6329113924050633,0.4854368932038835,0.9090909090909091,50,53,5,0.46296296296296297,0.7592592592592593,12.033753590031003,9.891907103123803,0.40284190192751906,0.40284190192751906,0.5259827346680193,151.72222222222223,1.3611111111111112,5,108
,scpdb_apbs_cutoff_fold1_apbs_shape_selected_chem_apbs_clip20_minmax,UNet3D4LA,apbs_shape_selected_chem,apbs_clip20_minmax,UNet3D4LA_best_model_in_terms_of_validation_paper_f1.pth,raw,0.3,top1,1,0.5974025974025974,0.44660194174757284,0.9019607843137255,46,57,5,0.42592592592592593,0.7037037037037037,13.564319719544882,11.34554695131588,0.37911712961261973,0.37911712961261973,0.5394659651013519,143.4351851851852,0.9537037037037037,5,108
,scpdb_apbs_cutoff_fold1_apbs_shape_selected_chem_apbs_clip20_minmax,UNet3D4LA,apbs_shape_selected_chem,apbs_clip20_minmax,UNet3D4LA_best_model_in_terms_of_validation_paper_f1.pth,raw,0.3,top2,2,0.6242038216560509,0.47572815533980584,0.9074074074074074,49,54,5,0.4537037037037037,0.7592592592592593,12.018873485229408,9.880793946699324,0.3995949381441274,0.3995949381441274,0.5303631507148808,143.4351851851852,1.2962962962962963,5,108
,scpdb_apbs_cutoff_fold1_apbs_shape_selected_chem_apbs_clip20_minmax,UNet3D4LA,apbs_shape_selected_chem,apbs_clip20_minmax,UNet3D4LA_best_model_in_terms_of_validation_paper_f1.pth,raw,0.3,top3,3,0.6242038216560509,0.47572815533980584,0.9074074074074074,49,54,5,0.4537037037037037,0.7592592592592593,12.018873485229408,9.880793946699324,0.3995949381441274,0.3995949381441274,0.5303631507148808,143.4351851851852,1.3518518518518519,5,108
,scpdb_apbs_cutoff_fold1_apbs_shape_selected_chem_apbs_clip20_minmax,UNet3D4LA,apbs_shape_selected_chem,apbs_clip20_minmax,UNet3D4LA_best_model_in_terms_of_validation_paper_f1.pth,raw,0.3,top_n_plus_2,3,0.6242038216560509,0.47572815533980584,0.9074074074074074,49,54,5,0.4537037037037037,0.7592592592592593,12.018873485229408,9.880793946699324,0.3995949381441274,0.3995949381441274,0.5303631507148808,143.4351851851852,1.3518518518518519,5,108
,scpdb_apbs_cutoff_fold1_apbs_shape_selected_chem_apbs_clip20_minmax,UNet3D4LA,apbs_shape_selected_chem,apbs_clip20_minmax,UNet3D4LA_best_model_in_terms_of_validation_paper_f1.pth,raw,0.35,top1,1,0.5974025974025974,0.44660194174757284,0.9019607843137255,46,57,5,0.42592592592592593,0.7037037037037037,13.529734300161973,11.276467238806909,0.3812320003035119,0.3812320003035119,0.5407128954138065,140.14814814814815,0.9537037037037037,5,108
,scpdb_apbs_cutoff_fold1_apbs_shape_selected_chem_apbs_clip20_minmax,UNet3D4LA,apbs_shape_selected_chem,apbs_clip20_minmax,UNet3D4LA_best_model_in_terms_of_validation_paper_f1.pth,raw,0.35,top2,2,0.6242038216560509,0.47572815533980584,0.9074074074074074,49,54,5,0.4537037037037037,0.7592592592592593,11.984999304606855,9.815405735732156,0.4014797166879947,0.4014797166879947,0.5314671755264904,140.14814814814815,1.3055555555555556,5,108
,scpdb_apbs_cutoff_fold1_apbs_shape_selected_chem_apbs_clip20_minmax,UNet3D4LA,apbs_shape_selected_chem,apbs_clip20_minmax,UNet3D4LA_best_model_in_terms_of_validation_paper_f1.pth,raw,0.35,top3,3,0.6242038216560509,0.47572815533980584,0.9074074074074074,49,54,5,0.4537037037037037,0.7592592592592593,11.984999304606855,9.815405735732156,0.4014797166879947,0.4014797166879947,0.5314671755264904,140.14814814814815,1.3611111111111112,5,108
,scpdb_apbs_cutoff_fold1_apbs_shape_selected_chem_apbs_clip20_minmax,UNet3D4LA,apbs_shape_selected_chem,apbs_clip20_minmax,UNet3D4LA_best_model_in_terms_of_validation_paper_f1.pth,raw,0.35,top_n_plus_2,3,0.6242038216560509,0.47572815533980584,0.9074074074074074,49,54,5,0.4537037037037037,0.7592592592592593,11.984999304606855,9.815405735732156,0.4014797166879947,0.4014797166879947,0.5314671755264904,140.14814814814815,1.3611111111111112,5,108
,scpdb_apbs_cutoff_fold1_apbs_shape_selected_chem_apbs_clip20_minmax,UNet3D4LA,apbs_shape_selected_chem,apbs_clip20_minmax,UNet3D4LA_best_model_in_terms_of_validation_paper_f1.pth,raw,0.4,top1,1,0.5974025974025974,0.44660194174757284,0.9019607843137255,46,57,5,0.42592592592592593,0.6944444444444444,13.81933663834352,11.5259261142224,0.37823795879762634,0.37823795879762634,0.5333438317021926,137.12037037037038,0.9537037037037037,5,108
,scpdb_apbs_cutoff_fold1_apbs_shape_selected_chem_apbs_clip20_minmax,UNet3D4LA,apbs_shape_selected_chem,apbs_clip20_minmax,UNet3D4LA_best_model_in_terms_of_validation_paper_f1.pth,raw,0.4,top2,2,0.6329113924050633,0.4854368932038835,0.9090909090909091,50,53,5,0.46296296296296297,0.7592592592592593,12.084791593750886,9.93358621301541,0.4023584100649207,0.4023584100649207,0.5226695974429098,137.12037037037038,1.287037037037037,5,108
,scpdb_apbs_cutoff_fold1_apbs_shape_selected_chem_apbs_clip20_minmax,UNet3D4LA,apbs_shape_selected_chem,apbs_clip20_minmax,UNet3D4LA_best_model_in_terms_of_validation_paper_f1.pth,raw,0.4,top3,3,0.6329113924050633,0.4854368932038835,0.9090909090909091,50,53,5,0.46296296296296297,0.7592592592592593,12.084791593750886,9.93358621301541,0.4023584100649207,0.4023584100649207,0.5226695974429098,137.12037037037038,1.3425925925925926,5,108
,scpdb_apbs_cutoff_fold1_apbs_shape_selected_chem_apbs_clip20_minmax,UNet3D4LA,apbs_shape_selected_chem,apbs_clip20_minmax,UNet3D4LA_best_model_in_terms_of_validation_paper_f1.pth,raw,0.4,top_n_plus_2,3,0.6329113924050633,0.4854368932038835,0.9090909090909091,50,53,5,0.46296296296296297,0.7592592592592593,12.084791593750886,9.93358621301541,0.4023584100649207,0.4023584100649207,0.5226695974429098,137.12037037037038,1.3425925925925926,5,108
,scpdb_apbs_cutoff_fold1_apbs_shape_selected_chem_apbs_clip20_minmax,UNet3D4LA,apbs_shape_selected_chem,apbs_clip20_minmax,UNet3D4LA_best_model_in_terms_of_validation_paper_f1.pth,raw,0.45,top1,1,0.6064516129032258,0.4563106796116505,0.9038461538461539,47,56,5,0.4351851851851852,0.6944444444444444,13.81536818751974,11.517065362471758,0.37727355671482266,0.37727355671482266,0.5305165112516105,134.05555555555554,0.9537037037037037,5,108
,scpdb_apbs_cutoff_fold1_apbs_shape_selected_chem_apbs_clip20_minmax,UNet3D4LA,apbs_shape_selected_chem,apbs_clip20_minmax,UNet3D4LA_best_model_in_terms_of_validation_paper_f1.pth,raw,0.45,top2,2,0.6329113924050633,0.4854368932038835,0.9090909090909091,50,53,5,0.46296296296296297,0.7592592592592593,12.078263293188218,9.927288980030461,0.4008896345685698,0.4008896345685698,0.5197247355218072,134.05555555555554,1.2777777777777777,5,108
,scpdb_apbs_cutoff_fold1_apbs_shape_selected_chem_apbs_clip20_minmax,UNet3D4LA,apbs_shape_selected_chem,apbs_clip20_minmax,UNet3D4LA_best_model_in_terms_of_validation_paper_f1.pth,raw,0.45,top3,3,0.6329113924050633,0.4854368932038835,0.9090909090909091,50,53,5,0.46296296296296297,0.7592592592592593,12.078263293188218,9.927288980030461,0.4008896345685698,0.4008896345685698,0.5197247355218072,134.05555555555554,1.3333333333333333,5,108
,scpdb_apbs_cutoff_fold1_apbs_shape_selected_chem_apbs_clip20_minmax,UNet3D4LA,apbs_shape_selected_chem,apbs_clip20_minmax,UNet3D4LA_best_model_in_terms_of_validation_paper_f1.pth,raw,0.45,top_n_plus_2,3,0.6329113924050633,0.4854368932038835,0.9090909090909091,50,53,5,0.46296296296296297,0.7592592592592593,12.078263293188218,9.927288980030461,0.4008896345685698,0.4008896345685698,0.5197247355218072,134.05555555555554,1.3333333333333333,5,108
,scpdb_apbs_cutoff_fold1_apbs_shape_selected_chem_apbs_clip20_minmax,UNet3D4LA,apbs_shape_selected_chem,apbs_clip20_minmax,UNet3D4LA_best_model_in_terms_of_validation_paper_f1.pth,raw,0.5,top1,1,0.6242038216560509,0.4803921568627451,0.8909090909090909,49,53,6,0.4537037037037037,0.7037037037037037,14.304907925524118,12.068271042365133,0.3816665223703656,0.3816665223703656,0.5357736507973186,131.19444444444446,0.9444444444444444,6,108
,scpdb_apbs_cutoff_fold1_apbs_shape_selected_chem_apbs_clip20_minmax,UNet3D4LA,apbs_shape_selected_chem,apbs_clip20_minmax,UNet3D4LA_best_model_in_terms_of_validation_paper_f1.pth,raw,0.5,top2,2,0.6415094339622641,0.5,0.8947368421052632,51,51,6,0.4722222222222222,0.75,13.150529682131552,10.999580534886103,0.39959554299177036,0.39959554299177036,0.5267265580872448,131.19444444444446,1.2592592592592593,6,108
,scpdb_apbs_cutoff_fold1_apbs_shape_selected_chem_apbs_clip20_minmax,UNet3D4LA,apbs_shape_selected_chem,apbs_clip20_minmax,UNet3D4LA_best_model_in_terms_of_validation_paper_f1.pth,raw,0.5,top3,3,0.6415094339622641,0.5,0.8947368421052632,51,51,6,0.4722222222222222,0.7592592592592593,12.860452779909046,10.726250631982232,0.40088576764265077,0.40088576764265077,0.5267265580872448,131.19444444444446,1.3148148148148149,6,108
,scpdb_apbs_cutoff_fold1_apbs_shape_selected_chem_apbs_clip20_minmax,UNet3D4LA,apbs_shape_selected_chem,apbs_clip20_minmax,UNet3D4LA_best_model_in_terms_of_validation_paper_f1.pth,raw,0.5,top_n_plus_2,3,0.6415094339622641,0.5,0.8947368421052632,51,51,6,0.4722222222222222,0.7592592592592593,12.860452779909046,10.726250631982232,0.40088576764265077,0.40088576764265077,0.5267265580872448,131.19444444444446,1.3148148148148149,6,108
,scpdb_apbs_cutoff_fold1_apbs_shape_selected_chem_apbs_clip20_minmax,UNet3D4LA,apbs_shape_selected_chem,apbs_clip20_minmax,UNet3D4LA_best_model_in_terms_of_validation_paper_f1.pth,raw,0.55,top1,1,0.6242038216560509,0.4803921568627451,0.8909090909090909,49,53,6,0.4537037037037037,0.7129629629629629,14.295563409110578,12.064143997588427,0.38137771717138896,0.38137771717138896,0.5349351070690442,128.21296296296296,0.9444444444444444,6,108
,scpdb_apbs_cutoff_fold1_apbs_shape_selected_chem_apbs_clip20_minmax,UNet3D4LA,apbs_shape_selected_chem,apbs_clip20_minmax,UNet3D4LA_best_model_in_terms_of_validation_paper_f1.pth,raw,0.55,top2,2,0.65,0.5098039215686274,0.896551724137931,52,50,6,0.48148148148148145,0.7592592592592593,13.139605343571041,10.995835874571185,0.3989904059418561,0.3989904059418561,0.524828131243087,128.21296296296296,1.2407407407407407,6,108
,scpdb_apbs_cutoff_fold1_apbs_shape_selected_chem_apbs_clip20_minmax,UNet3D4LA,apbs_shape_selected_chem,apbs_clip20_minmax,UNet3D4LA_best_model_in_terms_of_validation_paper_f1.pth,raw,0.55,top3,3,0.65,0.5098039215686274,0.896551724137931,52,50,6,0.48148148148148145,0.7685185185185185,12.848128351539591,10.720524701229207,0.4001382479987891,0.4001382479987891,0.524828131243087,128.21296296296296,1.2962962962962963,6,108
,scpdb_apbs_cutoff_fold1_apbs_shape_selected_chem_apbs_clip20_minmax,UNet3D4LA,apbs_shape_selected_chem,apbs_clip20_minmax,UNet3D4LA_best_model_in_terms_of_validation_paper_f1.pth,raw,0.55,top_n_plus_2,3,0.65,0.5098039215686274,0.896551724137931,52,50,6,0.48148148148148145,0.7685185185185185,12.848128351539591,10.720524701229207,0.4001382479987891,0.4001382479987891,0.524828131243087,128.21296296296296,1.2962962962962963,6,108
,scpdb_apbs_cutoff_fold1_apbs_shape_selected_chem_apbs_clip20_minmax,UNet3D4LA,apbs_shape_selected_chem,apbs_clip20_minmax,UNet3D4LA_best_model_in_terms_of_validation_paper_f1.pth,raw,0.6,top1,1,0.6242038216560509,0.4803921568627451,0.8909090909090909,49,53,6,0.4537037037037037,0.7129629629629629,14.292125031041177,12.058400845511258,0.3798857388152225,0.3798857388152225,0.5316602507160347,125.39814814814815,0.9444444444444444,6,108
,scpdb_apbs_cutoff_fold1_apbs_shape_selected_chem_apbs_clip20_minmax,UNet3D4LA,apbs_shape_selected_chem,apbs_clip20_minmax,UNet3D4LA_best_model_in_terms_of_validation_paper_f1.pth,raw,0.6,top2,2,0.6415094339622641,0.5,0.8947368421052632,51,51,6,0.4722222222222222,0.7685185185185185,12.849505602212396,10.71464774442446,0.39835385672886825,0.39835385672886825,0.5219939283132036,125.39814814814815,1.2407407407407407,6,108
,scpdb_apbs_cutoff_fold1_apbs_shape_selected_chem_apbs_clip20_minmax,UNet3D4LA,apbs_shape_selected_chem,apbs_clip20_minmax,UNet3D4LA_best_model_in_terms_of_validation_paper_f1.pth,raw,0.6,top3,3,0.6415094339622641,0.5,0.8947368421052632,51,51,6,0.4722222222222222,0.7685185185185185,12.849505602212396,10.71464774442446,0.39835385672886825,0.39835385672886825,0.5219939283132036,125.39814814814815,1.2962962962962963,6,108
,scpdb_apbs_cutoff_fold1_apbs_shape_selected_chem_apbs_clip20_minmax,UNet3D4LA,apbs_shape_selected_chem,apbs_clip20_minmax,UNet3D4LA_best_model_in_terms_of_validation_paper_f1.pth,raw,0.6,top_n_plus_2,3,0.6415094339622641,0.5,0.8947368421052632,51,51,6,0.4722222222222222,0.7685185185185185,12.849505602212396,10.71464774442446,0.39835385672886825,0.39835385672886825,0.5219939283132036,125.39814814814815,1.2962962962962963,6,108
,scpdb_apbs_cutoff_fold1_apbs_shape_selected_chem_apbs_clip20_minmax,UNet3D4LA,apbs_shape_selected_chem,apbs_clip20_minmax,UNet3D4LA_best_model_in_terms_of_validation_paper_f1.pth,raw,0.7,top1,1,0.6415094339622641,0.5,0.8947368421052632,51,51,6,0.4722222222222222,0.7129629629629629,14.286560063635612,12.058447498225185,0.37829400371356703,0.37829400371356703,0.5181672149333418,119.18518518518519,0.9444444444444444,6,108
,scpdb_apbs_cutoff_fold1_apbs_shape_selected_chem_apbs_clip20_minmax,UNet3D4LA,apbs_shape_selected_chem,apbs_clip20_minmax,UNet3D4LA_best_model_in_terms_of_validation_paper_f1.pth,raw,0.7,top2,2,0.6583850931677019,0.5196078431372549,0.8983050847457628,53,49,6,0.49074074074074076,0.7685185185185185,12.850261665388679,10.715920480433478,0.3955242358064816,0.3955242358064816,0.5090765287325457,119.18518518518519,1.2407407407407407,6,108
,scpdb_apbs_cutoff_fold1_apbs_shape_selected_chem_apbs_clip20_minmax,UNet3D4LA,apbs_shape_selected_chem,apbs_clip20_minmax,UNet3D4LA_best_model_in_terms_of_validation_paper_f1.pth,raw,0.7,top3,3,0.6583850931677019,0.5196078431372549,0.8983050847457628,53,49,6,0.49074074074074076,0.7685185185185185,12.850261665388679,10.715920480433478,0.3955242358064816,0.3955242358064816,0.5090765287325457,119.18518518518519,1.2962962962962963,6,108
,scpdb_apbs_cutoff_fold1_apbs_shape_selected_chem_apbs_clip20_minmax,UNet3D4LA,apbs_shape_selected_chem,apbs_clip20_minmax,UNet3D4LA_best_model_in_terms_of_validation_paper_f1.pth,raw,0.7,top_n_plus_2,3,0.6583850931677019,0.5196078431372549,0.8983050847457628,53,49,6,0.49074074074074076,0.7685185185185185,12.850261665388679,10.715920480433478,0.3955242358064816,0.3955242358064816,0.5090765287325457,119.18518518518519,1.2962962962962963,6,108
,scpdb_apbs_cutoff_fold1_apbs_shape_selected_chem_apbs_clip20_minmax,UNet3D4LA,apbs_shape_selected_chem,apbs_clip20_minmax,UNet3D4LA_best_model_in_terms_of_validation_paper_f1.pth,raw,0.8,top1,1,0.6242038216560509,0.4803921568627451,0.8909090909090909,49,53,6,0.4537037037037037,0.7129629629629629,14.283861700013256,12.054539137462578,0.37395440797436474,0.37395440797436474,0.5205773826776928,112.13888888888889,0.9444444444444444,6,108
,scpdb_apbs_cutoff_fold1_apbs_shape_selected_chem_apbs_clip20_minmax,UNet3D4LA,apbs_shape_selected_chem,apbs_clip20_minmax,UNet3D4LA_best_model_in_terms_of_validation_paper_f1.pth,raw,0.8,top2,2,0.6415094339622641,0.5,0.8947368421052632,51,51,6,0.4722222222222222,0.7592592592592593,13.130533236332115,10.988258963149107,0.3897448672973789,0.3897448672973789,0.5106528120390937,112.13888888888889,1.2314814814814814,6,108
,scpdb_apbs_cutoff_fold1_apbs_shape_selected_chem_apbs_clip20_minmax,UNet3D4LA,apbs_shape_selected_chem,apbs_clip20_minmax,UNet3D4LA_best_model_in_terms_of_validation_paper_f1.pth,raw,0.8,top3,3,0.6415094339622641,0.5,0.8947368421052632,51,51,6,0.4722222222222222,0.7685185185185185,12.84537652384877,10.715934569267906,0.39028052692394766,0.39028052692394766,0.5106528120390937,112.13888888888889,1.287037037037037,6,108
,scpdb_apbs_cutoff_fold1_apbs_shape_selected_chem_apbs_clip20_minmax,UNet3D4LA,apbs_shape_selected_chem,apbs_clip20_minmax,UNet3D4LA_best_model_in_terms_of_validation_paper_f1.pth,raw,0.8,top_n_plus_2,3,0.6415094339622641,0.5,0.8947368421052632,51,51,6,0.4722222222222222,0.7685185185185185,12.84537652384877,10.715934569267906,0.39028052692394766,0.39028052692394766,0.5106528120390937,112.13888888888889,1.287037037037037,6,108
,scpdb_apbs_cutoff_fold1_apbs_shape_selected_chem_apbs_clip20_minmax,UNet3D4LA,apbs_shape_selected_chem,apbs_clip20_minmax,UNet3D4LA_best_model_in_terms_of_validation_paper_f1.pth,raw,0.9,top1,1,0.6583850931677019,0.5196078431372549,0.8983050847457628,53,49,6,0.49074074074074076,0.6851851851851852,14.877194677098638,12.65964491375379,0.3602097665879224,0.3602097665879224,0.501348514468477,100.73148148148148,0.9444444444444444,6,108
,scpdb_apbs_cutoff_fold1_apbs_shape_selected_chem_apbs_clip20_minmax,UNet3D4LA,apbs_shape_selected_chem,apbs_clip20_minmax,UNet3D4LA_best_model_in_terms_of_validation_paper_f1.pth,raw,0.9,top2,2,0.6748466257668712,0.5392156862745098,0.9016393442622951,55,47,6,0.5092592592592593,0.75,13.102379036808175,10.985845198613605,0.3832854664907202,0.3832854664907202,0.4918328980696847,100.73148148148148,1.212962962962963,6,108
,scpdb_apbs_cutoff_fold1_apbs_shape_selected_chem_apbs_clip20_minmax,UNet3D4LA,apbs_shape_selected_chem,apbs_clip20_minmax,UNet3D4LA_best_model_in_terms_of_validation_paper_f1.pth,raw,0.9,top3,3,0.6748466257668712,0.5392156862745098,0.9016393442622951,55,47,6,0.5092592592592593,0.75,13.102379036808175,10.985845198613605,0.3832854664907202,0.3832854664907202,0.4918328980696847,100.73148148148148,1.2592592592592593,6,108
,scpdb_apbs_cutoff_fold1_apbs_shape_selected_chem_apbs_clip20_minmax,UNet3D4LA,apbs_shape_selected_chem,apbs_clip20_minmax,UNet3D4LA_best_model_in_terms_of_validation_paper_f1.pth,raw,0.9,top_n_plus_2,3,0.6748466257668712,0.5392156862745098,0.9016393442622951,55,47,6,0.5092592592592593,0.75,13.102379036808175,10.985845198613605,0.3832854664907202,0.3832854664907202,0.4918328980696847,100.73148148148148,1.2592592592592593,6,108
,scpdb_apbs_cutoff_fold1_apbs_shape_selected_chem_apbs_clip20_minmax,UNetPlusPlus3D,apbs_shape_selected_chem,apbs_clip20_minmax,UNetPlusPlus3D_best_model_in_terms_of_validation_paper_f1.pth,raw,0.05,top1,1,0.6666666666666666,0.5,1.0,54,54,0,0.5,0.7592592592592593,8.61074364367026,6.102980347521161,0.38838375589188695,0.38838375589188695,0.5249843159401175,172.0648148148148,1.0,0,108
,scpdb_apbs_cutoff_fold1_apbs_shape_selected_chem_apbs_clip20_minmax,UNetPlusPlus3D,apbs_shape_selected_chem,apbs_clip20_minmax,UNetPlusPlus3D_best_model_in_terms_of_validation_paper_f1.pth,raw,0.05,top2,2,0.6987951807228916,0.5370370370370371,1.0,58,50,0,0.5370370370370371,0.8425925925925926,6.049890273334903,3.6344506358350723,0.42337883005974725,0.42337883005974725,0.5245275006860889,172.0648148148148,1.4814814814814814,0,108
,scpdb_apbs_cutoff_fold1_apbs_shape_selected_chem_apbs_clip20_minmax,UNetPlusPlus3D,apbs_shape_selected_chem,apbs_clip20_minmax,UNetPlusPlus3D_best_model_in_terms_of_validation_paper_f1.pth,raw,0.05,top3,3,0.7065868263473054,0.5462962962962963,1.0,59,49,0,0.5462962962962963,0.8518518518518519,5.729406490834623,3.36069404089017,0.4250067675325776,0.4250067675325776,0.5202218108995228,172.0648148148148,1.5648148148148149,0,108
,scpdb_apbs_cutoff_fold1_apbs_shape_selected_chem_apbs_clip20_minmax,UNetPlusPlus3D,apbs_shape_selected_chem,apbs_clip20_minmax,UNetPlusPlus3D_best_model_in_terms_of_validation_paper_f1.pth,raw,0.05,top_n_plus_2,3,0.7065868263473054,0.5462962962962963,1.0,59,49,0,0.5462962962962963,0.8518518518518519,5.729406490834623,3.36069404089017,0.4250067675325776,0.4250067675325776,0.5202218108995228,172.0648148148148,1.5648148148148149,0,108
,scpdb_apbs_cutoff_fold1_apbs_shape_selected_chem_apbs_clip20_minmax,UNetPlusPlus3D,apbs_shape_selected_chem,apbs_clip20_minmax,UNetPlusPlus3D_best_model_in_terms_of_validation_paper_f1.pth,raw,0.1,top1,1,0.6666666666666666,0.5,1.0,54,54,0,0.5,0.7592592592592593,8.592137014101331,6.081157880211884,0.391315989689567,0.391315989689567,0.5329190483145735,159.61111111111111,1.0,0,108
,scpdb_apbs_cutoff_fold1_apbs_shape_selected_chem_apbs_clip20_minmax,UNetPlusPlus3D,apbs_shape_selected_chem,apbs_clip20_minmax,UNetPlusPlus3D_best_model_in_terms_of_validation_paper_f1.pth,raw,0.1,top2,2,0.6987951807228916,0.5370370370370371,1.0,58,50,0,0.5370370370370371,0.8333333333333334,6.4449408153891135,4.0543727546369945,0.42147012332069494,0.42147012332069494,0.5306153307338437,159.61111111111111,1.4537037037037037,0,108
,scpdb_apbs_cutoff_fold1_apbs_shape_selected_chem_apbs_clip20_minmax,UNetPlusPlus3D,apbs_shape_selected_chem,apbs_clip20_minmax,UNetPlusPlus3D_best_model_in_terms_of_validation_paper_f1.pth,raw,0.1,top3,3,0.7065868263473054,0.5462962962962963,1.0,59,49,0,0.5462962962962963,0.8518518518518519,5.715816405096056,3.3463806555044546,0.42517876397948223,0.42517876397948223,0.5245634390096813,159.61111111111111,1.537037037037037,0,108
,scpdb_apbs_cutoff_fold1_apbs_shape_selected_chem_apbs_clip20_minmax,UNetPlusPlus3D,apbs_shape_selected_chem,apbs_clip20_minmax,UNetPlusPlus3D_best_model_in_terms_of_validation_paper_f1.pth,raw,0.1,top_n_plus_2,3,0.7065868263473054,0.5462962962962963,1.0,59,49,0,0.5462962962962963,0.8518518518518519,5.715816405096056,3.3463806555044546,0.42517876397948223,0.42517876397948223,0.5245634390096813,159.61111111111111,1.537037037037037,0,108
,scpdb_apbs_cutoff_fold1_apbs_shape_selected_chem_apbs_clip20_minmax,UNetPlusPlus3D,apbs_shape_selected_chem,apbs_clip20_minmax,UNetPlusPlus3D_best_model_in_terms_of_validation_paper_f1.pth,raw,0.2,top1,1,0.6666666666666666,0.5,1.0,54,54,0,0.5,0.7592592592592593,8.619299691137966,6.059703179152121,0.3928942166346995,0.3928942166346995,0.5340197723376584,147.21296296296296,1.0,0,108
,scpdb_apbs_cutoff_fold1_apbs_shape_selected_chem_apbs_clip20_minmax,UNetPlusPlus3D,apbs_shape_selected_chem,apbs_clip20_minmax,UNetPlusPlus3D_best_model_in_terms_of_validation_paper_f1.pth,raw,0.2,top2,2,0.6909090909090909,0.5277777777777778,1.0,57,51,0,0.5277777777777778,0.8240740740740741,6.530050051029737,4.121010161442299,0.4195272562381827,0.4195272562381827,0.5282441303489331,147.21296296296296,1.4166666666666667,0,108
,scpdb_apbs_cutoff_fold1_apbs_shape_selected_chem_apbs_clip20_minmax,UNetPlusPlus3D,apbs_shape_selected_chem,apbs_clip20_minmax,UNetPlusPlus3D_best_model_in_terms_of_validation_paper_f1.pth,raw,0.2,top3,3,0.6987951807228916,0.5370370370370371,1.0,58,50,0,0.5370370370370371,0.8425925925925926,5.798468155292102,3.4058917956333805,0.42261367599126914,0.42261367599126914,0.5210042890210779,147.21296296296296,1.5092592592592593,0,108
,scpdb_apbs_cutoff_fold1_apbs_shape_selected_chem_apbs_clip20_minmax,UNetPlusPlus3D,apbs_shape_selected_chem,apbs_clip20_minmax,UNetPlusPlus3D_best_model_in_terms_of_validation_paper_f1.pth,raw,0.2,top_n_plus_2,3,0.6987951807228916,0.5370370370370371,1.0,58,50,0,0.5370370370370371,0.8425925925925926,5.798468155292102,3.4058917956333805,0.42261367599126914,0.42261367599126914,0.5210042890210779,147.21296296296296,1.5092592592592593,0,108
,scpdb_apbs_cutoff_fold1_apbs_shape_selected_chem_apbs_clip20_minmax,UNetPlusPlus3D,apbs_shape_selected_chem,apbs_clip20_minmax,UNetPlusPlus3D_best_model_in_terms_of_validation_paper_f1.pth,raw,0.3,top1,1,0.6666666666666666,0.5046728971962616,0.9818181818181818,54,53,1,0.5,0.7592592592592593,9.373790825247832,6.8457209876957625,0.39301941946045704,0.39301941946045704,0.5338369398887436,139.71296296296296,0.9907407407407407,1,108
,scpdb_apbs_cutoff_fold1_apbs_shape_selected_chem_apbs_clip20_minmax,UNetPlusPlus3D,apbs_shape_selected_chem,apbs_clip20_minmax,UNetPlusPlus3D_best_model_in_terms_of_validation_paper_f1.pth,raw,0.3,top2,2,0.6909090909090909,0.5327102803738317,0.9827586206896551,57,50,1,0.5277777777777778,0.8240740740740741,7.2933638458264705,4.909420913297653,0.4189873044926469,0.4189873044926469,0.5274906303307991,139.71296296296296,1.4074074074074074,1,108
,scpdb_apbs_cutoff_fold1_apbs_shape_selected_chem_apbs_clip20_minmax,UNetPlusPlus3D,apbs_shape_selected_chem,apbs_clip20_minmax,UNetPlusPlus3D_best_model_in_terms_of_validation_paper_f1.pth,raw,0.3,top3,3,0.6987951807228916,0.5420560747663551,0.9830508474576272,58,49,1,0.5370370370370371,0.8425925925925926,6.558928512810177,4.189768264392978,0.4216466398317208,0.4216466398317208,0.5199897052352666,139.71296296296296,1.4907407407407407,1,108
,scpdb_apbs_cutoff_fold1_apbs_shape_selected_chem_apbs_clip20_minmax,UNetPlusPlus3D,apbs_shape_selected_chem,apbs_clip20_minmax,UNetPlusPlus3D_best_model_in_terms_of_validation_paper_f1.pth,raw,0.3,top_n_plus_2,3,0.6987951807228916,0.5420560747663551,0.9830508474576272,58,49,1,0.5370370370370371,0.8425925925925926,6.558928512810177,4.189768264392978,0.4216466398317208,0.4216466398317208,0.5199897052352666,139.71296296296296,1.4907407407407407,1,108
,scpdb_apbs_cutoff_fold1_apbs_shape_selected_chem_apbs_clip20_minmax,UNetPlusPlus3D,apbs_shape_selected_chem,apbs_clip20_minmax,UNetPlusPlus3D_best_model_in_terms_of_validation_paper_f1.pth,raw,0.35,top1,1,0.674846625766871,0.514018691588785,0.9821428571428571,55,52,1,0.5092592592592593,0.7592592592592593,9.34952161538836,6.8404439128940835,0.3949235063197655,0.3949235063197655,0.5354565380855452,136.47222222222223,0.9907407407407407,1,108
,scpdb_apbs_cutoff_fold1_apbs_shape_selected_chem_apbs_clip20_minmax,UNetPlusPlus3D,apbs_shape_selected_chem,apbs_clip20_minmax,UNetPlusPlus3D_best_model_in_terms_of_validation_paper_f1.pth,raw,0.35,top2,2,0.6987951807228916,0.5420560747663551,0.9830508474576272,58,49,1,0.5370370370370371,0.8240740740740741,7.054299587475007,4.689703790122128,0.4204047941241018,0.4204047941241018,0.5288485190155466,136.47222222222223,1.4166666666666667,1,108
,scpdb_apbs_cutoff_fold1_apbs_shape_selected_chem_apbs_clip20_minmax,UNetPlusPlus3D,apbs_shape_selected_chem,apbs_clip20_minmax,UNetPlusPlus3D_best_model_in_terms_of_validation_paper_f1.pth,raw,0.35,top3,3,0.7065868263473052,0.5514018691588785,0.9833333333333333,59,48,1,0.5462962962962963,0.8425925925925926,6.536568570092874,4.193125162055228,0.42286614903643716,0.42286614903643716,0.5211668534746194,136.47222222222223,1.5,1,108
,scpdb_apbs_cutoff_fold1_apbs_shape_selected_chem_apbs_clip20_minmax,UNetPlusPlus3D,apbs_shape_selected_chem,apbs_clip20_minmax,UNetPlusPlus3D_best_model_in_terms_of_validation_paper_f1.pth,raw,0.35,top_n_plus_2,3,0.7065868263473052,0.5514018691588785,0.9833333333333333,59,48,1,0.5462962962962963,0.8425925925925926,6.536568570092874,4.193125162055228,0.42286614903643716,0.42286614903643716,0.5211668534746194,136.47222222222223,1.5,1,108
,scpdb_apbs_cutoff_fold1_apbs_shape_selected_chem_apbs_clip20_minmax,UNetPlusPlus3D,apbs_shape_selected_chem,apbs_clip20_minmax,UNetPlusPlus3D_best_model_in_terms_of_validation_paper_f1.pth,raw,0.4,top1,1,0.674846625766871,0.514018691588785,0.9821428571428571,55,52,1,0.5092592592592593,0.7592592592592593,9.348222059724627,6.847782264317476,0.39457003854007633,0.39457003854007633,0.5349987297537872,133.5648148148148,0.9907407407407407,1,108
,scpdb_apbs_cutoff_fold1_apbs_shape_selected_chem_apbs_clip20_minmax,UNetPlusPlus3D,apbs_shape_selected_chem,apbs_clip20_minmax,UNetPlusPlus3D_best_model_in_terms_of_validation_paper_f1.pth,raw,0.4,top2,2,0.6987951807228916,0.5420560747663551,0.9830508474576272,58,49,1,0.5370370370370371,0.8240740740740741,7.058605583186,4.702026262221468,0.4195274544192748,0.4195274544192748,0.5284143904250864,133.5648148148148,1.3981481481481481,1,108
,scpdb_apbs_cutoff_fold1_apbs_shape_selected_chem_apbs_clip20_minmax,UNetPlusPlus3D,apbs_shape_selected_chem,apbs_clip20_minmax,UNetPlusPlus3D_best_model_in_terms_of_validation_paper_f1.pth,raw,0.4,top3,3,0.7065868263473052,0.5514018691588785,0.9833333333333333,59,48,1,0.5462962962962963,0.8425925925925926,6.539606483817284,4.2048718699097325,0.42188194722354394,0.42188194722354394,0.5207400829958618,133.5648148148148,1.4814814814814814,1,108
,scpdb_apbs_cutoff_fold1_apbs_shape_selected_chem_apbs_clip20_minmax,UNetPlusPlus3D,apbs_shape_selected_chem,apbs_clip20_minmax,UNetPlusPlus3D_best_model_in_terms_of_validation_paper_f1.pth,raw,0.4,top_n_plus_2,3,0.7065868263473052,0.5514018691588785,0.9833333333333333,59,48,1,0.5462962962962963,0.8425925925925926,6.539606483817284,4.2048718699097325,0.42188194722354394,0.42188194722354394,0.5207400829958618,133.5648148148148,1.4814814814814814,1,108
,scpdb_apbs_cutoff_fold1_apbs_shape_selected_chem_apbs_clip20_minmax,UNetPlusPlus3D,apbs_shape_selected_chem,apbs_clip20_minmax,UNetPlusPlus3D_best_model_in_terms_of_validation_paper_f1.pth,raw,0.45,top1,1,0.674846625766871,0.514018691588785,0.9821428571428571,55,52,1,0.5092592592592593,0.7592592592592593,9.339081968276286,6.834804895477639,0.3932230685051199,0.3932230685051199,0.532756533245197,130.64814814814815,0.9907407407407407,1,108
,scpdb_apbs_cutoff_fold1_apbs_shape_selected_chem_apbs_clip20_minmax,UNetPlusPlus3D,apbs_shape_selected_chem,apbs_clip20_minmax,UNetPlusPlus3D_best_model_in_terms_of_validation_paper_f1.pth,raw,0.45,top2,2,0.6987951807228916,0.5420560747663551,0.9830508474576272,58,49,1,0.5370370370370371,0.8333333333333334,6.643853085755652,4.257721258746736,0.42027099906533283,0.42027099906533283,0.5260008132761359,130.64814814814815,1.3981481481481481,1,108
,scpdb_apbs_cutoff_fold1_apbs_shape_selected_chem_apbs_clip20_minmax,UNetPlusPlus3D,apbs_shape_selected_chem,apbs_clip20_minmax,UNetPlusPlus3D_best_model_in_terms_of_validation_paper_f1.pth,raw,0.45,top3,3,0.7065868263473052,0.5514018691588785,0.9833333333333333,59,48,1,0.5462962962962963,0.8425925925925926,6.535382390042595,4.19697535623661,0.4203452246620042,0.4203452246620042,0.5182249840808846,130.64814814814815,1.4814814814814814,1,108
,scpdb_apbs_cutoff_fold1_apbs_shape_selected_chem_apbs_clip20_minmax,UNetPlusPlus3D,apbs_shape_selected_chem,apbs_clip20_minmax,UNetPlusPlus3D_best_model_in_terms_of_validation_paper_f1.pth,raw,0.45,top_n_plus_2,3,0.7065868263473052,0.5514018691588785,0.9833333333333333,59,48,1,0.5462962962962963,0.8425925925925926,6.535382390042595,4.19697535623661,0.4203452246620042,0.4203452246620042,0.5182249840808846,130.64814814814815,1.4814814814814814,1,108
,scpdb_apbs_cutoff_fold1_apbs_shape_selected_chem_apbs_clip20_minmax,UNetPlusPlus3D,apbs_shape_selected_chem,apbs_clip20_minmax,UNetPlusPlus3D_best_model_in_terms_of_validation_paper_f1.pth,raw,0.5,top1,1,0.674846625766871,0.514018691588785,0.9821428571428571,55,52,1,0.5092592592592593,0.7592592592592593,9.340870563775374,6.840090180454159,0.3931407396854296,0.3931407396854296,0.5330051938263963,127.71296296296296,0.9907407407407407,1,108
,scpdb_apbs_cutoff_fold1_apbs_shape_selected_chem_apbs_clip20_minmax,UNetPlusPlus3D,apbs_shape_selected_chem,apbs_clip20_minmax,UNetPlusPlus3D_best_model_in_terms_of_validation_paper_f1.pth,raw,0.5,top2,2,0.6987951807228916,0.5420560747663551,0.9830508474576272,58,49,1,0.5370370370370371,0.8333333333333334,6.685694699217923,4.292773891007055,0.4200638856173377,0.4200638856173377,0.5263970913393237,127.71296296296296,1.3796296296296295,1,108
,scpdb_apbs_cutoff_fold1_apbs_shape_selected_chem_apbs_clip20_minmax,UNetPlusPlus3D,apbs_shape_selected_chem,apbs_clip20_minmax,UNetPlusPlus3D_best_model_in_terms_of_validation_paper_f1.pth,raw,0.5,top3,3,0.7065868263473052,0.5514018691588785,0.9833333333333333,59,48,1,0.5462962962962963,0.8425925925925926,6.577416977776652,4.23253050654984,0.4201270727117131,0.4201270727117131,0.51861454556673,127.71296296296296,1.462962962962963,1,108
,scpdb_apbs_cutoff_fold1_apbs_shape_selected_chem_apbs_clip20_minmax,UNetPlusPlus3D,apbs_shape_selected_chem,apbs_clip20_minmax,UNetPlusPlus3D_best_model_in_terms_of_validation_paper_f1.pth,raw,0.5,top_n_plus_2,3,0.7065868263473052,0.5514018691588785,0.9833333333333333,59,48,1,0.5462962962962963,0.8425925925925926,6.577416977776652,4.23253050654984,0.4201270727117131,0.4201270727117131,0.51861454556673,127.71296296296296,1.462962962962963,1,108
,scpdb_apbs_cutoff_fold1_apbs_shape_selected_chem_apbs_clip20_minmax,UNetPlusPlus3D,apbs_shape_selected_chem,apbs_clip20_minmax,UNetPlusPlus3D_best_model_in_terms_of_validation_paper_f1.pth,raw,0.55,top1,1,0.674846625766871,0.514018691588785,0.9821428571428571,55,52,1,0.5092592592592593,0.7592592592592593,9.339716089112,6.836624249498994,0.393885662721403,0.393885662721403,0.5350929422173847,125.01851851851852,0.9907407407407407,1,108
,scpdb_apbs_cutoff_fold1_apbs_shape_selected_chem_apbs_clip20_minmax,UNetPlusPlus3D,apbs_shape_selected_chem,apbs_clip20_minmax,UNetPlusPlus3D_best_model_in_terms_of_validation_paper_f1.pth,raw,0.55,top2,2,0.6909090909090909,0.5327102803738317,0.9827586206896551,57,50,1,0.5277777777777778,0.8240740740740741,6.8641889076984945,4.42069953885185,0.41852017281052384,0.41852017281052384,0.5336992536699146,125.01851851851852,1.3796296296296295,1,108
,scpdb_apbs_cutoff_fold1_apbs_shape_selected_chem_apbs_clip20_minmax,UNetPlusPlus3D,apbs_shape_selected_chem,apbs_clip20_minmax,UNetPlusPlus3D_best_model_in_terms_of_validation_paper_f1.pth,raw,0.55,top3,3,0.6987951807228916,0.5420560747663551,0.9830508474576272,58,49,1,0.5370370370370371,0.8425925925925926,6.585468246320981,4.228390335586577,0.4203720246623757,0.420194175745031,0.525221970101859,125.01851851851852,1.4722222222222223,1,108
,scpdb_apbs_cutoff_fold1_apbs_shape_selected_chem_apbs_clip20_minmax,UNetPlusPlus3D,apbs_shape_selected_chem,apbs_clip20_minmax,UNetPlusPlus3D_best_model_in_terms_of_validation_paper_f1.pth,raw,0.55,top_n_plus_2,3,0.6987951807228916,0.5420560747663551,0.9830508474576272,58,49,1,0.5370370370370371,0.8425925925925926,6.585468246320981,4.228390335586577,0.4203720246623757,0.420194175745031,0.525221970101859,125.01851851851852,1.4722222222222223,1,108
,scpdb_apbs_cutoff_fold1_apbs_shape_selected_chem_apbs_clip20_minmax,UNetPlusPlus3D,apbs_shape_selected_chem,apbs_clip20_minmax,UNetPlusPlus3D_best_model_in_terms_of_validation_paper_f1.pth,raw,0.6,top1,1,0.674846625766871,0.514018691588785,0.9821428571428571,55,52,1,0.5092592592592593,0.7592592592592593,9.332548391677735,6.841659317344926,0.3932338271692267,0.3932338271692267,0.5349171075712351,122.3425925925926,0.9907407407407407,1,108
,scpdb_apbs_cutoff_fold1_apbs_shape_selected_chem_apbs_clip20_minmax,UNetPlusPlus3D,apbs_shape_selected_chem,apbs_clip20_minmax,UNetPlusPlus3D_best_model_in_terms_of_validation_paper_f1.pth,raw,0.6,top2,2,0.6909090909090909,0.5327102803738317,0.9827586206896551,57,50,1,0.5277777777777778,0.8148148148148148,7.253453418596756,4.846849350786148,0.41580625411956407,0.41580625411956407,0.533529588660472,122.3425925925926,1.3703703703703705,1,108
,scpdb_apbs_cutoff_fold1_apbs_shape_selected_chem_apbs_clip20_minmax,UNetPlusPlus3D,apbs_shape_selected_chem,apbs_clip20_minmax,UNetPlusPlus3D_best_model_in_terms_of_validation_paper_f1.pth,raw,0.6,top3,3,0.6909090909090909,0.5327102803738317,0.9827586206896551,57,50,1,0.5277777777777778,0.8333333333333334,6.6714637238040675,4.2808670967403595,0.4193041965063954,0.4193041965063954,0.533529588660472,122.3425925925926,1.4537037037037037,1,108
,scpdb_apbs_cutoff_fold1_apbs_shape_selected_chem_apbs_clip20_minmax,UNetPlusPlus3D,apbs_shape_selected_chem,apbs_clip20_minmax,UNetPlusPlus3D_best_model_in_terms_of_validation_paper_f1.pth,raw,0.6,top_n_plus_2,3,0.6909090909090909,0.5327102803738317,0.9827586206896551,57,50,1,0.5277777777777778,0.8333333333333334,6.6714637238040675,4.2808670967403595,0.4193041965063954,0.4193041965063954,0.533529588660472,122.3425925925926,1.4537037037037037,1,108
,scpdb_apbs_cutoff_fold1_apbs_shape_selected_chem_apbs_clip20_minmax,UNetPlusPlus3D,apbs_shape_selected_chem,apbs_clip20_minmax,UNetPlusPlus3D_best_model_in_terms_of_validation_paper_f1.pth,raw,0.7,top1,1,0.6583850931677019,0.4953271028037383,0.9814814814814815,53,54,1,0.49074074074074076,0.75,9.70469607828622,7.17951871944939,0.38715815123835556,0.38715815123835556,0.5359622022199679,116.42592592592592,0.9907407407407407,1,108
,scpdb_apbs_cutoff_fold1_apbs_shape_selected_chem_apbs_clip20_minmax,UNetPlusPlus3D,apbs_shape_selected_chem,apbs_clip20_minmax,UNetPlusPlus3D_best_model_in_terms_of_validation_paper_f1.pth,raw,0.7,top2,2,0.6829268292682926,0.5233644859813084,0.9824561403508771,56,51,1,0.5185185185185185,0.8333333333333334,7.0300142341735405,4.663372925166109,0.4126434971315501,0.4117337698472523,0.5292409592015058,116.42592592592592,1.3703703703703705,1,108
,scpdb_apbs_cutoff_fold1_apbs_shape_selected_chem_apbs_clip20_minmax,UNetPlusPlus3D,apbs_shape_selected_chem,apbs_clip20_minmax,UNetPlusPlus3D_best_model_in_terms_of_validation_paper_f1.pth,raw,0.7,top3,3,0.6829268292682926,0.5233644859813084,0.9824561403508771,56,51,1,0.5185185185185185,0.8425925925925926,6.618360898602727,4.227874925605081,0.41387806503278457,0.4129683377484869,0.5292409592015058,116.42592592592592,1.4259259259259258,1,108
,scpdb_apbs_cutoff_fold1_apbs_shape_selected_chem_apbs_clip20_minmax,UNetPlusPlus3D,apbs_shape_selected_chem,apbs_clip20_minmax,UNetPlusPlus3D_best_model_in_terms_of_validation_paper_f1.pth,raw,0.7,top_n_plus_2,3,0.6829268292682926,0.5233644859813084,0.9824561403508771,56,51,1,0.5185185185185185,0.8425925925925926,6.618360898602727,4.227874925605081,0.41387806503278457,0.4129683377484869,0.5292409592015058,116.42592592592592,1.4259259259259258,1,108
,scpdb_apbs_cutoff_fold1_apbs_shape_selected_chem_apbs_clip20_minmax,UNetPlusPlus3D,apbs_shape_selected_chem,apbs_clip20_minmax,UNetPlusPlus3D_best_model_in_terms_of_validation_paper_f1.pth,raw,0.8,top1,1,0.6666666666666666,0.5046728971962616,0.9818181818181818,54,53,1,0.5,0.7592592592592593,9.608228616102217,7.136181900614355,0.3871040278820525,0.3871040278820525,0.5278272206422433,109.30555555555556,0.9907407407407407,1,108
,scpdb_apbs_cutoff_fold1_apbs_shape_selected_chem_apbs_clip20_minmax,UNetPlusPlus3D,apbs_shape_selected_chem,apbs_clip20_minmax,UNetPlusPlus3D_best_model_in_terms_of_validation_paper_f1.pth,raw,0.8,top2,2,0.6829268292682926,0.5233644859813084,0.9824561403508771,56,51,1,0.5185185185185185,0.8240740740740741,7.210325428602171,4.799209567690611,0.40735294758667745,0.4063679200059052,0.5257639805184182,109.30555555555556,1.3518518518518519,1,108
,scpdb_apbs_cutoff_fold1_apbs_shape_selected_chem_apbs_clip20_minmax,UNetPlusPlus3D,apbs_shape_selected_chem,apbs_clip20_minmax,UNetPlusPlus3D_best_model_in_terms_of_validation_paper_f1.pth,raw,0.8,top3,3,0.6909090909090909,0.5327102803738317,0.9827586206896551,57,50,1,0.5277777777777778,0.8425925925925926,6.620717275270033,4.234206234556707,0.40935912042618366,0.4083740928454114,0.51858683466137,109.30555555555556,1.3981481481481481,1,108
,scpdb_apbs_cutoff_fold1_apbs_shape_selected_chem_apbs_clip20_minmax,UNetPlusPlus3D,apbs_shape_selected_chem,apbs_clip20_minmax,UNetPlusPlus3D_best_model_in_terms_of_validation_paper_f1.pth,raw,0.8,top_n_plus_2,3,0.6909090909090909,0.5327102803738317,0.9827586206896551,57,50,1,0.5277777777777778,0.8425925925925926,6.620717275270033,4.234206234556707,0.40935912042618366,0.4083740928454114,0.51858683466137,109.30555555555556,1.3981481481481481,1,108
,scpdb_apbs_cutoff_fold1_apbs_shape_selected_chem_apbs_clip20_minmax,UNetPlusPlus3D,apbs_shape_selected_chem,apbs_clip20_minmax,UNetPlusPlus3D_best_model_in_terms_of_validation_paper_f1.pth,raw,0.9,top1,1,0.6583850931677019,0.5047619047619047,0.9464285714285714,53,52,3,0.49074074074074076,0.7592592592592593,11.312460493454305,8.920901403222347,0.37430751134985457,0.37430751134985457,0.5191397687482626,98.28703703703704,0.9722222222222222,3,108
,scpdb_apbs_cutoff_fold1_apbs_shape_selected_chem_apbs_clip20_minmax,UNetPlusPlus3D,apbs_shape_selected_chem,apbs_clip20_minmax,UNetPlusPlus3D_best_model_in_terms_of_validation_paper_f1.pth,raw,0.9,top2,2,0.6909090909090908,0.5428571428571428,0.95,57,48,3,0.5277777777777778,0.8333333333333334,8.409503452465984,6.062787790137863,0.39780991483287237,0.39780991483287237,0.5081845172536356,98.28703703703704,1.3240740740740742,3,108
,scpdb_apbs_cutoff_fold1_apbs_shape_selected_chem_apbs_clip20_minmax,UNetPlusPlus3D,apbs_shape_selected_chem,apbs_clip20_minmax,UNetPlusPlus3D_best_model_in_terms_of_validation_paper_f1.pth,raw,0.9,top3,3,0.6987951807228915,0.5523809523809524,0.9508196721311475,58,47,3,0.5370370370370371,0.8518518518518519,8.205288845912703,5.917262999239019,0.39819571730200815,0.397284970489622,0.5001411060366189,98.28703703703704,1.3888888888888888,3,108
,scpdb_apbs_cutoff_fold1_apbs_shape_selected_chem_apbs_clip20_minmax,UNetPlusPlus3D,apbs_shape_selected_chem,apbs_clip20_minmax,UNetPlusPlus3D_best_model_in_terms_of_validation_paper_f1.pth,raw,0.9,top_n_plus_2,3,0.6987951807228915,0.5523809523809524,0.9508196721311475,58,47,3,0.5370370370370371,0.8518518518518519,8.205288845912703,5.917262999239019,0.39819571730200815,0.397284970489622,0.5001411060366189,98.28703703703704,1.3888888888888888,3,108
,scpdb_apbs_cutoff_fold1_apbs_shape_selected_chem_apbs_full_signed,CBAMUNet3D,apbs_shape_selected_chem,apbs_full_signed,CBAMUNet3D_best_model_in_terms_of_validation_paper_f1.pth,raw,0.05,top1,1,0.6415094339622641,0.49038461538461536,0.9272727272727272,51,53,4,0.4722222222222222,0.7314814814814815,12.752187286493893,10.387085738899929,0.36774437988466807,0.36774437988466807,0.5022007259066237,168.11111111111111,0.9629629629629629,4,108
,scpdb_apbs_cutoff_fold1_apbs_shape_selected_chem_apbs_full_signed,CBAMUNet3D,apbs_shape_selected_chem,apbs_full_signed,CBAMUNet3D_best_model_in_terms_of_validation_paper_f1.pth,raw,0.05,top2,2,0.6666666666666666,0.5192307692307693,0.9310344827586207,54,50,4,0.5,0.7870370370370371,9.745493345959767,7.434262736560161,0.3904546913802278,0.3904546913802278,0.4996854398904354,168.11111111111111,1.3425925925925926,4,108
,scpdb_apbs_cutoff_fold1_apbs_shape_selected_chem_apbs_full_signed,CBAMUNet3D,apbs_shape_selected_chem,apbs_full_signed,CBAMUNet3D_best_model_in_terms_of_validation_paper_f1.pth,raw,0.05,top3,3,0.674846625766871,0.5288461538461539,0.9322033898305084,55,49,4,0.5092592592592593,0.7962962962962963,9.586776988503951,7.327069057951439,0.39265566284349435,0.39265566284349435,0.4949221576748419,168.11111111111111,1.4351851851851851,4,108
,scpdb_apbs_cutoff_fold1_apbs_shape_selected_chem_apbs_full_signed,CBAMUNet3D,apbs_shape_selected_chem,apbs_full_signed,CBAMUNet3D_best_model_in_terms_of_validation_paper_f1.pth,raw,0.05,top_n_plus_2,3,0.674846625766871,0.5288461538461539,0.9322033898305084,55,49,4,0.5092592592592593,0.7962962962962963,9.586776988503951,7.327069057951439,0.39265566284349435,0.39265566284349435,0.4949221576748419,168.11111111111111,1.4351851851851851,4,108
,scpdb_apbs_cutoff_fold1_apbs_shape_selected_chem_apbs_full_signed,CBAMUNet3D,apbs_shape_selected_chem,apbs_full_signed,CBAMUNet3D_best_model_in_terms_of_validation_paper_f1.pth,raw,0.1,top1,1,0.6583850931677018,0.5096153846153846,0.9298245614035088,53,51,4,0.49074074074074076,0.7222222222222222,12.738926264065729,10.39642306078613,0.3744843382224898,0.3744843382224898,0.5062652012484795,152.03703703703704,0.9629629629629629,4,108
,scpdb_apbs_cutoff_fold1_apbs_shape_selected_chem_apbs_full_signed,CBAMUNet3D,apbs_shape_selected_chem,apbs_full_signed,CBAMUNet3D_best_model_in_terms_of_validation_paper_f1.pth,raw,0.1,top2,2,0.6829268292682926,0.5384615384615384,0.9333333333333333,56,48,4,0.5185185185185185,0.7870370370370371,9.719908292008162,7.4281917727043085,0.3952719342399724,0.3952719342399724,0.5025161838312242,152.03703703703704,1.3425925925925926,4,108
,scpdb_apbs_cutoff_fold1_apbs_shape_selected_chem_apbs_full_signed,CBAMUNet3D,apbs_shape_selected_chem,apbs_full_signed,CBAMUNet3D_best_model_in_terms_of_validation_paper_f1.pth,raw,0.1,top3,3,0.6909090909090909,0.5480769230769231,0.9344262295081968,57,47,4,0.5277777777777778,0.7962962962962963,9.565726441916842,7.323049147413441,0.3974324280671329,0.3974324280671329,0.49779367768213845,152.03703703703704,1.4351851851851851,4,108
,scpdb_apbs_cutoff_fold1_apbs_shape_selected_chem_apbs_full_signed,CBAMUNet3D,apbs_shape_selected_chem,apbs_full_signed,CBAMUNet3D_best_model_in_terms_of_validation_paper_f1.pth,raw,0.1,top_n_plus_2,3,0.6909090909090909,0.5480769230769231,0.9344262295081968,57,47,4,0.5277777777777778,0.7962962962962963,9.565726441916842,7.323049147413441,0.3974324280671329,0.3974324280671329,0.49779367768213845,152.03703703703704,1.4351851851851851,4,108
,scpdb_apbs_cutoff_fold1_apbs_shape_selected_chem_apbs_full_signed,CBAMUNet3D,apbs_shape_selected_chem,apbs_full_signed,CBAMUNet3D_best_model_in_terms_of_validation_paper_f1.pth,raw,0.2,top1,1,0.6666666666666666,0.5192307692307693,0.9310344827586207,54,50,4,0.5,0.7129629629629629,12.769688910652787,10.426632924269459,0.377901002523815,0.377901002523815,0.5112180300943576,137.0185185185185,0.9629629629629629,4,108
,scpdb_apbs_cutoff_fold1_apbs_shape_selected_chem_apbs_full_signed,CBAMUNet3D,apbs_shape_selected_chem,apbs_full_signed,CBAMUNet3D_best_model_in_terms_of_validation_paper_f1.pth,raw,0.2,top2,2,0.6909090909090909,0.5480769230769231,0.9344262295081968,57,47,4,0.5277777777777778,0.7685185185185185,9.847753463474863,7.584633989193686,0.3965313641653434,0.3965313641653434,0.5068787017005965,137.0185185185185,1.3148148148148149,4,108
,scpdb_apbs_cutoff_fold1_apbs_shape_selected_chem_apbs_full_signed,CBAMUNet3D,apbs_shape_selected_chem,apbs_full_signed,CBAMUNet3D_best_model_in_terms_of_validation_paper_f1.pth,raw,0.2,top3,3,0.7065868263473054,0.5673076923076923,0.9365079365079365,59,45,4,0.5462962962962963,0.7870370370370371,9.612329544824718,7.441330982469175,0.3979202530542323,0.3975703188418642,0.49379530053606563,137.0185185185185,1.4074074074074074,4,108
,scpdb_apbs_cutoff_fold1_apbs_shape_selected_chem_apbs_full_signed,CBAMUNet3D,apbs_shape_selected_chem,apbs_full_signed,CBAMUNet3D_best_model_in_terms_of_validation_paper_f1.pth,raw,0.2,top_n_plus_2,3,0.7065868263473054,0.5673076923076923,0.9365079365079365,59,45,4,0.5462962962962963,0.7870370370370371,9.612329544824718,7.441330982469175,0.3979202530542323,0.3975703188418642,0.49379530053606563,137.0185185185185,1.4074074074074074,4,108
,scpdb_apbs_cutoff_fold1_apbs_shape_selected_chem_apbs_full_signed,CBAMUNet3D,apbs_shape_selected_chem,apbs_full_signed,CBAMUNet3D_best_model_in_terms_of_validation_paper_f1.pth,raw,0.3,top1,1,0.6666666666666666,0.5192307692307693,0.9310344827586207,54,50,4,0.5,0.7129629629629629,12.749394130259716,10.402151459447408,0.3776225362728243,0.3776225362728243,0.5096746728431795,127.5,0.9629629629629629,4,108
,scpdb_apbs_cutoff_fold1_apbs_shape_selected_chem_apbs_full_signed,CBAMUNet3D,apbs_shape_selected_chem,apbs_full_signed,CBAMUNet3D_best_model_in_terms_of_validation_paper_f1.pth,raw,0.3,top2,2,0.6909090909090909,0.5480769230769231,0.9344262295081968,57,47,4,0.5277777777777778,0.7685185185185185,10.107440836629825,7.823646693850437,0.3948675222383096,0.3948675222383096,0.5044111623267503,127.5,1.3055555555555556,4,108
,scpdb_apbs_cutoff_fold1_apbs_shape_selected_chem_apbs_full_signed,CBAMUNet3D,apbs_shape_selected_chem,apbs_full_signed,CBAMUNet3D_best_model_in_terms_of_validation_paper_f1.pth,raw,0.3,top3,3,0.6987951807228916,0.5576923076923077,0.9354838709677419,58,46,4,0.5370370370370371,0.7870370370370371,9.886785995489472,7.684483936888579,0.3958706086580627,0.395374576912031,0.49694594524229896,127.5,1.3981481481481481,4,108
,scpdb_apbs_cutoff_fold1_apbs_shape_selected_chem_apbs_full_signed,CBAMUNet3D,apbs_shape_selected_chem,apbs_full_signed,CBAMUNet3D_best_model_in_terms_of_validation_paper_f1.pth,raw,0.3,top_n_plus_2,3,0.6987951807228916,0.5576923076923077,0.9354838709677419,58,46,4,0.5370370370370371,0.7870370370370371,9.886785995489472,7.684483936888579,0.3958706086580627,0.395374576912031,0.49694594524229896,127.5,1.3981481481481481,4,108
,scpdb_apbs_cutoff_fold1_apbs_shape_selected_chem_apbs_full_signed,CBAMUNet3D,apbs_shape_selected_chem,apbs_full_signed,CBAMUNet3D_best_model_in_terms_of_validation_paper_f1.pth,raw,0.35,top1,1,0.6583850931677018,0.5096153846153846,0.9298245614035088,53,51,4,0.49074074074074076,0.7222222222222222,12.754122404984118,10.400782114620215,0.37582295634307034,0.37582295634307034,0.5107396763552449,124.19444444444444,0.9629629629629629,4,108
,scpdb_apbs_cutoff_fold1_apbs_shape_selected_chem_apbs_full_signed,CBAMUNet3D,apbs_shape_selected_chem,apbs_full_signed,CBAMUNet3D_best_model_in_terms_of_validation_paper_f1.pth,raw,0.35,top2,2,0.6829268292682926,0.5384615384615384,0.9333333333333333,56,48,4,0.5185185185185185,0.7777777777777778,10.110377289291339,7.821922112854996,0.39232416527760244,0.39232416527760244,0.5049146117888202,124.19444444444444,1.2962962962962963,4,108
,scpdb_apbs_cutoff_fold1_apbs_shape_selected_chem_apbs_full_signed,CBAMUNet3D,apbs_shape_selected_chem,apbs_full_signed,CBAMUNet3D_best_model_in_terms_of_validation_paper_f1.pth,raw,0.35,top3,3,0.6909090909090909,0.5480769230769231,0.9344262295081968,57,47,4,0.5277777777777778,0.7962962962962963,9.89489071458994,7.680644146872918,0.3931729307097012,0.3926724803043363,0.49732251243206216,124.19444444444444,1.3703703703703705,4,108
,scpdb_apbs_cutoff_fold1_apbs_shape_selected_chem_apbs_full_signed,CBAMUNet3D,apbs_shape_selected_chem,apbs_full_signed,CBAMUNet3D_best_model_in_terms_of_validation_paper_f1.pth,raw,0.35,top_n_plus_2,3,0.6909090909090909,0.5480769230769231,0.9344262295081968,57,47,4,0.5277777777777778,0.7962962962962963,9.89489071458994,7.680644146872918,0.3931729307097012,0.3926724803043363,0.49732251243206216,124.19444444444444,1.3703703703703705,4,108
,scpdb_apbs_cutoff_fold1_apbs_shape_selected_chem_apbs_full_signed,CBAMUNet3D,apbs_shape_selected_chem,apbs_full_signed,CBAMUNet3D_best_model_in_terms_of_validation_paper_f1.pth,raw,0.4,top1,1,0.6583850931677018,0.5096153846153846,0.9298245614035088,53,51,4,0.49074074074074076,0.7129629629629629,13.02334380691407,10.662927199899958,0.37074119612429446,0.37074119612429446,0.5101040682057975,121.20370370370371,0.9629629629629629,4,108
,scpdb_apbs_cutoff_fold1_apbs_shape_selected_chem_apbs_full_signed,CBAMUNet3D,apbs_shape_selected_chem,apbs_full_signed,CBAMUNet3D_best_model_in_terms_of_validation_paper_f1.pth,raw,0.4,top2,2,0.6829268292682926,0.5384615384615384,0.9333333333333333,56,48,4,0.5185185185185185,0.7777777777777778,10.101867770044969,7.819883824145735,0.3905290226683384,0.3905290226683384,0.5036008794890308,121.20370370370371,1.2962962962962963,4,108
,scpdb_apbs_cutoff_fold1_apbs_shape_selected_chem_apbs_full_signed,CBAMUNet3D,apbs_shape_selected_chem,apbs_full_signed,CBAMUNet3D_best_model_in_terms_of_validation_paper_f1.pth,raw,0.4,top3,3,0.6909090909090909,0.5480769230769231,0.9344262295081968,57,47,4,0.5277777777777778,0.7962962962962963,9.88528508755946,7.681724382213492,0.39122346711278283,0.39081291242838173,0.4960318280673567,121.20370370370371,1.3611111111111112,4,108
,scpdb_apbs_cutoff_fold1_apbs_shape_selected_chem_apbs_full_signed,CBAMUNet3D,apbs_shape_selected_chem,apbs_full_signed,CBAMUNet3D_best_model_in_terms_of_validation_paper_f1.pth,raw,0.4,top_n_plus_2,3,0.6909090909090909,0.5480769230769231,0.9344262295081968,57,47,4,0.5277777777777778,0.7962962962962963,9.88528508755946,7.681724382213492,0.39122346711278283,0.39081291242838173,0.4960318280673567,121.20370370370371,1.3611111111111112,4,108
,scpdb_apbs_cutoff_fold1_apbs_shape_selected_chem_apbs_full_signed,CBAMUNet3D,apbs_shape_selected_chem,apbs_full_signed,CBAMUNet3D_best_model_in_terms_of_validation_paper_f1.pth,raw,0.45,top1,1,0.6583850931677018,0.5096153846153846,0.9298245614035088,53,51,4,0.49074074074074076,0.7129629629629629,13.028723481051438,10.666378803494911,0.3697562057519041,0.3697562057519041,0.5090375256054249,118.18518518518519,0.9629629629629629,4,108
,scpdb_apbs_cutoff_fold1_apbs_shape_selected_chem_apbs_full_signed,CBAMUNet3D,apbs_shape_selected_chem,apbs_full_signed,CBAMUNet3D_best_model_in_terms_of_validation_paper_f1.pth,raw,0.45,top2,2,0.6829268292682926,0.5384615384615384,0.9333333333333333,56,48,4,0.5185185185185185,0.7777777777777778,10.131504204274018,7.843866516030077,0.3882679713061256,0.3882679713061256,0.501861231727745,118.18518518518519,1.2962962962962963,4,108
,scpdb_apbs_cutoff_fold1_apbs_shape_selected_chem_apbs_full_signed,CBAMUNet3D,apbs_shape_selected_chem,apbs_full_signed,CBAMUNet3D_best_model_in_terms_of_validation_paper_f1.pth,raw,0.45,top3,3,0.6987951807228916,0.5576923076923077,0.9354838709677419,58,46,4,0.5370370370370371,0.8055555555555556,9.838131958407201,7.651707981906425,0.3896054198657964,0.3890994089003719,0.4869631452523205,118.18518518518519,1.3796296296296295,4,108
,scpdb_apbs_cutoff_fold1_apbs_shape_selected_chem_apbs_full_signed,CBAMUNet3D,apbs_shape_selected_chem,apbs_full_signed,CBAMUNet3D_best_model_in_terms_of_validation_paper_f1.pth,raw,0.45,top_n_plus_2,3,0.6987951807228916,0.5576923076923077,0.9354838709677419,58,46,4,0.5370370370370371,0.8055555555555556,9.838131958407201,7.651707981906425,0.3896054198657964,0.3890994089003719,0.4869631452523205,118.18518518518519,1.3796296296296295,4,108
,scpdb_apbs_cutoff_fold1_apbs_shape_selected_chem_apbs_full_signed,CBAMUNet3D,apbs_shape_selected_chem,apbs_full_signed,CBAMUNet3D_best_model_in_terms_of_validation_paper_f1.pth,raw,0.5,top1,1,0.65,0.5,0.9285714285714286,52,52,4,0.48148148148148145,0.7222222222222222,12.744770091970908,10.388792427233469,0.3732393600278694,0.3732393600278694,0.5087448775216502,115.29629629629629,0.9629629629629629,4,108
,scpdb_apbs_cutoff_fold1_apbs_shape_selected_chem_apbs_full_signed,CBAMUNet3D,apbs_shape_selected_chem,apbs_full_signed,CBAMUNet3D_best_model_in_terms_of_validation_paper_f1.pth,raw,0.5,top2,2,0.674846625766871,0.5288461538461539,0.9322033898305084,55,49,4,0.5092592592592593,0.7777777777777778,10.127637318232608,7.838674812616033,0.3877232332129891,0.3877232332129891,0.5015407381334487,115.29629629629629,1.2962962962962963,4,108
,scpdb_apbs_cutoff_fold1_apbs_shape_selected_chem_apbs_full_signed,CBAMUNet3D,apbs_shape_selected_chem,apbs_full_signed,CBAMUNet3D_best_model_in_terms_of_validation_paper_f1.pth,raw,0.5,top3,3,0.6909090909090909,0.5480769230769231,0.9344262295081968,57,47,4,0.5277777777777778,0.8055555555555556,9.836714789408989,7.64816547991244,0.38885492045578746,0.388348909490363,0.486002663561374,115.29629629629629,1.3703703703703705,4,108
,scpdb_apbs_cutoff_fold1_apbs_shape_selected_chem_apbs_full_signed,CBAMUNet3D,apbs_shape_selected_chem,apbs_full_signed,CBAMUNet3D_best_model_in_terms_of_validation_paper_f1.pth,raw,0.5,top_n_plus_2,3,0.6909090909090909,0.5480769230769231,0.9344262295081968,57,47,4,0.5277777777777778,0.8055555555555556,9.836714789408989,7.64816547991244,0.38885492045578746,0.388348909490363,0.486002663561374,115.29629629629629,1.3703703703703705,4,108
,scpdb_apbs_cutoff_fold1_apbs_shape_selected_chem_apbs_full_signed,CBAMUNet3D,apbs_shape_selected_chem,apbs_full_signed,CBAMUNet3D_best_model_in_terms_of_validation_paper_f1.pth,raw,0.55,top1,1,0.6583850931677018,0.5096153846153846,0.9298245614035088,53,51,4,0.49074074074074076,0.7129629629629629,13.054238035866838,10.693486630006364,0.36645013036393115,0.36645013036393115,0.5005050337201882,112.10185185185185,0.9629629629629629,4,108
,scpdb_apbs_cutoff_fold1_apbs_shape_selected_chem_apbs_full_signed,CBAMUNet3D,apbs_shape_selected_chem,apbs_full_signed,CBAMUNet3D_best_model_in_terms_of_validation_paper_f1.pth,raw,0.55,top2,2,0.6829268292682926,0.5384615384615384,0.9333333333333333,56,48,4,0.5185185185185185,0.7777777777777778,10.156138078780172,7.874824366796112,0.38391998672392086,0.38391998672392086,0.4932575287727335,112.10185185185185,1.2962962962962963,4,108
,scpdb_apbs_cutoff_fold1_apbs_shape_selected_chem_apbs_full_signed,CBAMUNet3D,apbs_shape_selected_chem,apbs_full_signed,CBAMUNet3D_best_model_in_terms_of_validation_paper_f1.pth,raw,0.55,top3,3,0.6987951807228916,0.5576923076923077,0.9354838709677419,58,46,4,0.5370370370370371,0.8055555555555556,9.86411306009358,7.68188113114199,0.3849745134728921,0.3845487035918567,0.47827297994709866,112.10185185185185,1.3703703703703705,4,108
,scpdb_apbs_cutoff_fold1_apbs_shape_selected_chem_apbs_full_signed,CBAMUNet3D,apbs_shape_selected_chem,apbs_full_signed,CBAMUNet3D_best_model_in_terms_of_validation_paper_f1.pth,raw,0.55,top_n_plus_2,3,0.6987951807228916,0.5576923076923077,0.9354838709677419,58,46,4,0.5370370370370371,0.8055555555555556,9.86411306009358,7.68188113114199,0.3849745134728921,0.3845487035918567,0.47827297994709866,112.10185185185185,1.3703703703703705,4,108
,scpdb_apbs_cutoff_fold1_apbs_shape_selected_chem_apbs_full_signed,CBAMUNet3D,apbs_shape_selected_chem,apbs_full_signed,CBAMUNet3D_best_model_in_terms_of_validation_paper_f1.pth,raw,0.6,top1,1,0.6666666666666666,0.5242718446601942,0.9152542372881356,54,49,5,0.5,0.7037037037037037,13.800062779995601,11.507638903516945,0.3643796179330214,0.3643796179330214,0.5001060420682952,109.26851851851852,0.9537037037037037,5,108
,scpdb_apbs_cutoff_fold1_apbs_shape_selected_chem_apbs_full_signed,CBAMUNet3D,apbs_shape_selected_chem,apbs_full_signed,CBAMUNet3D_best_model_in_terms_of_validation_paper_f1.pth,raw,0.6,top2,2,0.6909090909090909,0.5533980582524272,0.9193548387096774,57,46,5,0.5277777777777778,0.7685185185185185,11.14920596108004,8.96430011320477,0.3810983842804146,0.3810983842804146,0.49236200557306936,109.26851851851852,1.2777777777777777,5,108
,scpdb_apbs_cutoff_fold1_apbs_shape_selected_chem_apbs_full_signed,CBAMUNet3D,apbs_shape_selected_chem,apbs_full_signed,CBAMUNet3D_best_model_in_terms_of_validation_paper_f1.pth,raw,0.6,top3,3,0.7065868263473054,0.5728155339805825,0.921875,59,44,5,0.5462962962962963,0.7962962962962963,10.85607313721479,8.768741692169913,0.3821529110293858,0.3817271011483505,0.4776617888698915,109.26851851851852,1.3518518518518519,5,108
,scpdb_apbs_cutoff_fold1_apbs_shape_selected_chem_apbs_full_signed,CBAMUNet3D,apbs_shape_selected_chem,apbs_full_signed,CBAMUNet3D_best_model_in_terms_of_validation_paper_f1.pth,raw,0.6,top_n_plus_2,3,0.7065868263473054,0.5728155339805825,0.921875,59,44,5,0.5462962962962963,0.7962962962962963,10.85607313721479,8.768741692169913,0.3821529110293858,0.3817271011483505,0.4776617888698915,109.26851851851852,1.3518518518518519,5,108
,scpdb_apbs_cutoff_fold1_apbs_shape_selected_chem_apbs_full_signed,CBAMUNet3D,apbs_shape_selected_chem,apbs_full_signed,CBAMUNet3D_best_model_in_terms_of_validation_paper_f1.pth,raw,0.7,top1,1,0.6583850931677019,0.5196078431372549,0.8983050847457628,53,49,6,0.49074074074074076,0.7037037037037037,14.633265427798666,12.396899550124465,0.3610247596165799,0.3610247596165799,0.49697567166201073,103.12962962962963,0.9444444444444444,6,108
,scpdb_apbs_cutoff_fold1_apbs_shape_selected_chem_apbs_full_signed,CBAMUNet3D,apbs_shape_selected_chem,apbs_full_signed,CBAMUNet3D_best_model_in_terms_of_validation_paper_f1.pth,raw,0.7,top2,2,0.6909090909090908,0.5588235294117647,0.9047619047619048,57,45,6,0.5277777777777778,0.7685185185185185,12.338858409794328,10.255980304687247,0.37666608101052,0.37632636895158417,0.48085084858157007,103.12962962962963,1.2407407407407407,6,108
,scpdb_apbs_cutoff_fold1_apbs_shape_selected_chem_apbs_full_signed,CBAMUNet3D,apbs_shape_selected_chem,apbs_full_signed,CBAMUNet3D_best_model_in_terms_of_validation_paper_f1.pth,raw,0.7,top3,3,0.6987951807228915,0.5686274509803921,0.90625,58,44,6,0.5370370370370371,0.7870370370370371,12.12871708016519,10.092695192988403,0.37756628677183685,0.37722657471290105,0.4735181711156044,103.12962962962963,1.2962962962962963,6,108
,scpdb_apbs_cutoff_fold1_apbs_shape_selected_chem_apbs_full_signed,CBAMUNet3D,apbs_shape_selected_chem,apbs_full_signed,CBAMUNet3D_best_model_in_terms_of_validation_paper_f1.pth,raw,0.7,top_n_plus_2,3,0.6987951807228915,0.5686274509803921,0.90625,58,44,6,0.5370370370370371,0.7870370370370371,12.12871708016519,10.092695192988403,0.37756628677183685,0.37722657471290105,0.4735181711156044,103.12962962962963,1.2962962962962963,6,108
,scpdb_apbs_cutoff_fold1_apbs_shape_selected_chem_apbs_full_signed,CBAMUNet3D,apbs_shape_selected_chem,apbs_full_signed,CBAMUNet3D_best_model_in_terms_of_validation_paper_f1.pth,raw,0.8,top1,1,0.6666666666666667,0.5294117647058824,0.9,54,48,6,0.5,0.7129629629629629,14.620640087714044,12.39138511061999,0.3579429565602109,0.3579429565602109,0.49279451564247434,96.8425925925926,0.9444444444444444,6,108
,scpdb_apbs_cutoff_fold1_apbs_shape_selected_chem_apbs_full_signed,CBAMUNet3D,apbs_shape_selected_chem,apbs_full_signed,CBAMUNet3D_best_model_in_terms_of_validation_paper_f1.pth,raw,0.8,top2,2,0.6909090909090908,0.5588235294117647,0.9047619047619048,57,45,6,0.5277777777777778,0.7685185185185185,12.408034011032372,10.295982577966344,0.37258008770783374,0.37258008770783374,0.4838888184445054,96.8425925925926,1.2314814814814814,6,108
,scpdb_apbs_cutoff_fold1_apbs_shape_selected_chem_apbs_full_signed,CBAMUNet3D,apbs_shape_selected_chem,apbs_full_signed,CBAMUNet3D_best_model_in_terms_of_validation_paper_f1.pth,raw,0.8,top3,3,0.6909090909090908,0.5588235294117647,0.9047619047619048,57,45,6,0.5277777777777778,0.7685185185185185,12.408034011032372,10.295982577966344,0.37258008770783374,0.37258008770783374,0.4838888184445054,96.8425925925926,1.2592592592592593,6,108
,scpdb_apbs_cutoff_fold1_apbs_shape_selected_chem_apbs_full_signed,CBAMUNet3D,apbs_shape_selected_chem,apbs_full_signed,CBAMUNet3D_best_model_in_terms_of_validation_paper_f1.pth,raw,0.8,top_n_plus_2,3,0.6909090909090908,0.5588235294117647,0.9047619047619048,57,45,6,0.5277777777777778,0.7685185185185185,12.408034011032372,10.295982577966344,0.37258008770783374,0.37258008770783374,0.4838888184445054,96.8425925925926,1.2592592592592593,6,108
,scpdb_apbs_cutoff_fold1_apbs_shape_selected_chem_apbs_full_signed,CBAMUNet3D,apbs_shape_selected_chem,apbs_full_signed,CBAMUNet3D_best_model_in_terms_of_validation_paper_f1.pth,raw,0.9,top1,1,0.6583850931677019,0.5196078431372549,0.8983050847457628,53,49,6,0.49074074074074076,0.7222222222222222,14.33368801325236,12.096434866827659,0.3539285403933866,0.3539285403933866,0.4886110982350676,87.32407407407408,0.9444444444444444,6,108
,scpdb_apbs_cutoff_fold1_apbs_shape_selected_chem_apbs_full_signed,CBAMUNet3D,apbs_shape_selected_chem,apbs_full_signed,CBAMUNet3D_best_model_in_terms_of_validation_paper_f1.pth,raw,0.9,top2,2,0.6829268292682927,0.5490196078431373,0.9032258064516129,56,46,6,0.5185185185185185,0.7592592592592593,12.40075227559198,10.263965431702319,0.36445682600837154,0.36445682600837154,0.47938792418984527,87.32407407407408,1.2222222222222223,6,108
,scpdb_apbs_cutoff_fold1_apbs_shape_selected_chem_apbs_full_signed,CBAMUNet3D,apbs_shape_selected_chem,apbs_full_signed,CBAMUNet3D_best_model_in_terms_of_validation_paper_f1.pth,raw,0.9,top3,3,0.6829268292682927,0.5490196078431373,0.9032258064516129,56,46,6,0.5185185185185185,0.7592592592592593,12.40075227559198,10.263965431702319,0.36445682600837154,0.36445682600837154,0.47938792418984527,87.32407407407408,1.2407407407407407,6,108
,scpdb_apbs_cutoff_fold1_apbs_shape_selected_chem_apbs_full_signed,CBAMUNet3D,apbs_shape_selected_chem,apbs_full_signed,CBAMUNet3D_best_model_in_terms_of_validation_paper_f1.pth,raw,0.9,top_n_plus_2,3,0.6829268292682927,0.5490196078431373,0.9032258064516129,56,46,6,0.5185185185185185,0.7592592592592593,12.40075227559198,10.263965431702319,0.36445682600837154,0.36445682600837154,0.47938792418984527,87.32407407407408,1.2407407407407407,6,108
,scpdb_apbs_cutoff_fold1_apbs_shape_selected_chem_apbs_full_signed,ResNet3D4LGN,apbs_shape_selected_chem,apbs_full_signed,ResNet3D4LGN_best_model_in_terms_of_validation_paper_f1.pth,raw,0.05,top1,1,0.6583850931677019,0.5,0.9636363636363636,53,53,2,0.49074074074074076,0.6851851851851852,11.721583707961294,9.247272071884208,0.3528966594743991,0.3528966594743991,0.501529039044928,171.50925925925927,0.9814814814814815,2,108
,scpdb_apbs_cutoff_fold1_apbs_shape_selected_chem_apbs_full_signed,ResNet3D4LGN,apbs_shape_selected_chem,apbs_full_signed,ResNet3D4LGN_best_model_in_terms_of_validation_paper_f1.pth,raw,0.05,top2,2,0.6909090909090908,0.5377358490566038,0.9661016949152542,57,49,2,0.5277777777777778,0.7962962962962963,7.845860707564087,5.505538713408185,0.3976994176670605,0.39729681294437724,0.49016766594756594,171.50925925925927,1.4259259259259258,2,108
,scpdb_apbs_cutoff_fold1_apbs_shape_selected_chem_apbs_full_signed,ResNet3D4LGN,apbs_shape_selected_chem,apbs_full_signed,ResNet3D4LGN_best_model_in_terms_of_validation_paper_f1.pth,raw,0.05,top3,3,0.7065868263473054,0.5566037735849056,0.9672131147540983,59,47,2,0.5462962962962963,0.8148148148148148,7.2697346922980035,4.988729937381443,0.39926954399493875,0.3988669392722555,0.47642594241393404,171.50925925925927,1.537037037037037,2,108
,scpdb_apbs_cutoff_fold1_apbs_shape_selected_chem_apbs_full_signed,ResNet3D4LGN,apbs_shape_selected_chem,apbs_full_signed,ResNet3D4LGN_best_model_in_terms_of_validation_paper_f1.pth,raw,0.05,top_n_plus_2,3,0.7065868263473054,0.5566037735849056,0.9672131147540983,59,47,2,0.5462962962962963,0.8148148148148148,7.2697346922980035,4.988729937381443,0.39926954399493875,0.3988669392722555,0.47642594241393404,171.50925925925927,1.537037037037037,2,108
,scpdb_apbs_cutoff_fold1_apbs_shape_selected_chem_apbs_full_signed,ResNet3D4LGN,apbs_shape_selected_chem,apbs_full_signed,ResNet3D4LGN_best_model_in_terms_of_validation_paper_f1.pth,raw,0.1,top1,1,0.6666666666666666,0.5094339622641509,0.9642857142857143,54,52,2,0.5,0.7037037037037037,11.642046380482602,9.190674254616665,0.35927182808422153,0.35927182808422153,0.5074436635143118,157.37962962962962,0.9814814814814815,2,108
,scpdb_apbs_cutoff_fold1_apbs_shape_selected_chem_apbs_full_signed,ResNet3D4LGN,apbs_shape_selected_chem,apbs_full_signed,ResNet3D4LGN_best_model_in_terms_of_validation_paper_f1.pth,raw,0.1,top2,2,0.6987951807228916,0.5471698113207547,0.9666666666666667,58,48,2,0.5370370370370371,0.8148148148148148,7.806931202338782,5.481081215529111,0.40173235332918394,0.40113609742887907,0.49405808008587504,157.37962962962962,1.4074074074074074,2,108
,scpdb_apbs_cutoff_fold1_apbs_shape_selected_chem_apbs_full_signed,ResNet3D4LGN,apbs_shape_selected_chem,apbs_full_signed,ResNet3D4LGN_best_model_in_terms_of_validation_paper_f1.pth,raw,0.1,top3,3,0.7065868263473054,0.5566037735849056,0.9672131147540983,59,47,2,0.5462962962962963,0.8240740740740741,7.364676576391259,5.041405359928939,0.40259367977190574,0.40199742387160087,0.4872608796744865,157.37962962962962,1.4814814814814814,2,108
,scpdb_apbs_cutoff_fold1_apbs_shape_selected_chem_apbs_full_signed,ResNet3D4LGN,apbs_shape_selected_chem,apbs_full_signed,ResNet3D4LGN_best_model_in_terms_of_validation_paper_f1.pth,raw,0.1,top_n_plus_2,3,0.7065868263473054,0.5566037735849056,0.9672131147540983,59,47,2,0.5462962962962963,0.8240740740740741,7.364676576391259,5.041405359928939,0.40259367977190574,0.40199742387160087,0.4872608796744865,157.37962962962962,1.4814814814814814,2,108
,scpdb_apbs_cutoff_fold1_apbs_shape_selected_chem_apbs_full_signed,ResNet3D4LGN,apbs_shape_selected_chem,apbs_full_signed,ResNet3D4LGN_best_model_in_terms_of_validation_paper_f1.pth,raw,0.2,top1,1,0.6666666666666666,0.5094339622641509,0.9642857142857143,54,52,2,0.5,0.7037037037037037,11.52793824638197,9.051889688433327,0.3625692364408792,0.3625692364408792,0.5121943610508474,142.87037037037038,0.9814814814814815,2,108
,scpdb_apbs_cutoff_fold1_apbs_shape_selected_chem_apbs_full_signed,ResNet3D4LGN,apbs_shape_selected_chem,apbs_full_signed,ResNet3D4LGN_best_model_in_terms_of_validation_paper_f1.pth,raw,0.2,top2,2,0.6987951807228916,0.5471698113207547,0.9666666666666667,58,48,2,0.5370370370370371,0.8055555555555556,7.894779013402207,5.534499129002791,0.40282870618933847,0.40282870618933847,0.5063575167465542,142.87037037037038,1.3703703703703705,2,108
,scpdb_apbs_cutoff_fold1_apbs_shape_selected_chem_apbs_full_signed,ResNet3D4LGN,apbs_shape_selected_chem,apbs_full_signed,ResNet3D4LGN_best_model_in_terms_of_validation_paper_f1.pth,raw,0.2,top3,3,0.6987951807228916,0.5471698113207547,0.9666666666666667,58,48,2,0.5370370370370371,0.8055555555555556,7.894779013402207,5.534499129002791,0.40282870618933847,0.40282870618933847,0.5063575167465542,142.87037037037038,1.4166666666666667,2,108
,scpdb_apbs_cutoff_fold1_apbs_shape_selected_chem_apbs_full_signed,ResNet3D4LGN,apbs_shape_selected_chem,apbs_full_signed,ResNet3D4LGN_best_model_in_terms_of_validation_paper_f1.pth,raw,0.2,top_n_plus_2,3,0.6987951807228916,0.5471698113207547,0.9666666666666667,58,48,2,0.5370370370370371,0.8055555555555556,7.894779013402207,5.534499129002791,0.40282870618933847,0.40282870618933847,0.5063575167465542,142.87037037037038,1.4166666666666667,2,108
,scpdb_apbs_cutoff_fold1_apbs_shape_selected_chem_apbs_full_signed,ResNet3D4LGN,apbs_shape_selected_chem,apbs_full_signed,ResNet3D4LGN_best_model_in_terms_of_validation_paper_f1.pth,raw,0.3,top1,1,0.6583850931677019,0.5047619047619047,0.9464285714285714,53,52,3,0.49074074074074076,0.7037037037037037,12.40999909923374,9.998595113052128,0.363077273982898,0.363077273982898,0.5117609362408627,134.84259259259258,0.9722222222222222,3,108
,scpdb_apbs_cutoff_fold1_apbs_shape_selected_chem_apbs_full_signed,ResNet3D4LGN,apbs_shape_selected_chem,apbs_full_signed,ResNet3D4LGN_best_model_in_terms_of_validation_paper_f1.pth,raw,0.3,top2,2,0.6909090909090908,0.5428571428571428,0.95,57,48,3,0.5277777777777778,0.8055555555555556,8.781190098726169,6.494667432118249,0.4011452768054867,0.4011452768054867,0.5043433883407705,134.84259259259258,1.3518518518518519,3,108
,scpdb_apbs_cutoff_fold1_apbs_shape_selected_chem_apbs_full_signed,ResNet3D4LGN,apbs_shape_selected_chem,apbs_full_signed,ResNet3D4LGN_best_model_in_terms_of_validation_paper_f1.pth,raw,0.3,top3,3,0.6909090909090908,0.5428571428571428,0.95,57,48,3,0.5277777777777778,0.8055555555555556,8.781190098726169,6.494667432118249,0.4011452768054867,0.4011452768054867,0.5043433883407705,134.84259259259258,1.4074074074074074,3,108
,scpdb_apbs_cutoff_fold1_apbs_shape_selected_chem_apbs_full_signed,ResNet3D4LGN,apbs_shape_selected_chem,apbs_full_signed,ResNet3D4LGN_best_model_in_terms_of_validation_paper_f1.pth,raw,0.3,top_n_plus_2,3,0.6909090909090908,0.5428571428571428,0.95,57,48,3,0.5277777777777778,0.8055555555555556,8.781190098726169,6.494667432118249,0.4011452768054867,0.4011452768054867,0.5043433883407705,134.84259259259258,1.4074074074074074,3,108
,scpdb_apbs_cutoff_fold1_apbs_shape_selected_chem_apbs_full_signed,ResNet3D4LGN,apbs_shape_selected_chem,apbs_full_signed,ResNet3D4LGN_best_model_in_terms_of_validation_paper_f1.pth,raw,0.35,top1,1,0.6666666666666666,0.5142857142857142,0.9473684210526315,54,51,3,0.5,0.7037037037037037,12.407853666576685,10.008444563182604,0.3631010247080142,0.3631010247080142,0.5126621336761782,131.77777777777777,0.9722222222222222,3,108
,scpdb_apbs_cutoff_fold1_apbs_shape_selected_chem_apbs_full_signed,ResNet3D4LGN,apbs_shape_selected_chem,apbs_full_signed,ResNet3D4LGN_best_model_in_terms_of_validation_paper_f1.pth,raw,0.35,top2,2,0.6909090909090908,0.5428571428571428,0.95,57,48,3,0.5277777777777778,0.7962962962962963,9.167297586008932,6.889942030752019,0.40026759655930066,0.40026759655930066,0.5046466494681265,131.77777777777777,1.3240740740740742,3,108
,scpdb_apbs_cutoff_fold1_apbs_shape_selected_chem_apbs_full_signed,ResNet3D4LGN,apbs_shape_selected_chem,apbs_full_signed,ResNet3D4LGN_best_model_in_terms_of_validation_paper_f1.pth,raw,0.35,top3,3,0.6909090909090908,0.5428571428571428,0.95,57,48,3,0.5277777777777778,0.7962962962962963,9.167297586008932,6.889942030752019,0.40026759655930066,0.40026759655930066,0.5046466494681265,131.77777777777777,1.3796296296296295,3,108
,scpdb_apbs_cutoff_fold1_apbs_shape_selected_chem_apbs_full_signed,ResNet3D4LGN,apbs_shape_selected_chem,apbs_full_signed,ResNet3D4LGN_best_model_in_terms_of_validation_paper_f1.pth,raw,0.35,top_n_plus_2,3,0.6909090909090908,0.5428571428571428,0.95,57,48,3,0.5277777777777778,0.7962962962962963,9.167297586008932,6.889942030752019,0.40026759655930066,0.40026759655930066,0.5046466494681265,131.77777777777777,1.3796296296296295,3,108
,scpdb_apbs_cutoff_fold1_apbs_shape_selected_chem_apbs_full_signed,ResNet3D4LGN,apbs_shape_selected_chem,apbs_full_signed,ResNet3D4LGN_best_model_in_terms_of_validation_paper_f1.pth,raw,0.4,top1,1,0.6666666666666666,0.5142857142857142,0.9473684210526315,54,51,3,0.5,0.7037037037037037,12.373962348296878,9.947837404436344,0.3632002082960944,0.3632002082960944,0.5115105460824063,128.91666666666666,0.9722222222222222,3,108
,scpdb_apbs_cutoff_fold1_apbs_shape_selected_chem_apbs_full_signed,ResNet3D4LGN,apbs_shape_selected_chem,apbs_full_signed,ResNet3D4LGN_best_model_in_terms_of_validation_paper_f1.pth,raw,0.4,top2,2,0.6909090909090908,0.5428571428571428,0.95,57,48,3,0.5277777777777778,0.7962962962962963,9.135562628751341,6.83041782627871,0.39991549714827174,0.39991549714827174,0.5037288019416168,128.91666666666666,1.3333333333333333,3,108
,scpdb_apbs_cutoff_fold1_apbs_shape_selected_chem_apbs_full_signed,ResNet3D4LGN,apbs_shape_selected_chem,apbs_full_signed,ResNet3D4LGN_best_model_in_terms_of_validation_paper_f1.pth,raw,0.4,top3,3,0.6909090909090908,0.5428571428571428,0.95,57,48,3,0.5277777777777778,0.7962962962962963,9.135562628751341,6.83041782627871,0.39991549714827174,0.39991549714827174,0.5037288019416168,128.91666666666666,1.3888888888888888,3,108
,scpdb_apbs_cutoff_fold1_apbs_shape_selected_chem_apbs_full_signed,ResNet3D4LGN,apbs_shape_selected_chem,apbs_full_signed,ResNet3D4LGN_best_model_in_terms_of_validation_paper_f1.pth,raw,0.4,top_n_plus_2,3,0.6909090909090908,0.5428571428571428,0.95,57,48,3,0.5277777777777778,0.7962962962962963,9.135562628751341,6.83041782627871,0.39991549714827174,0.39991549714827174,0.5037288019416168,128.91666666666666,1.3888888888888888,3,108
,scpdb_apbs_cutoff_fold1_apbs_shape_selected_chem_apbs_full_signed,ResNet3D4LGN,apbs_shape_selected_chem,apbs_full_signed,ResNet3D4LGN_best_model_in_terms_of_validation_paper_f1.pth,raw,0.45,top1,1,0.6666666666666666,0.5142857142857142,0.9473684210526315,54,51,3,0.5,0.7037037037037037,12.38150788441096,9.945772194214369,0.3626440403347179,0.3626440403347179,0.5106094660572903,125.80555555555556,0.9722222222222222,3,108
,scpdb_apbs_cutoff_fold1_apbs_shape_selected_chem_apbs_full_signed,ResNet3D4LGN,apbs_shape_selected_chem,apbs_full_signed,ResNet3D4LGN_best_model_in_terms_of_validation_paper_f1.pth,raw,0.45,top2,2,0.6909090909090908,0.5428571428571428,0.95,57,48,3,0.5277777777777778,0.7962962962962963,9.133041611588705,6.809539795084685,0.39843140479936473,0.39843140479936473,0.5023195628024831,125.80555555555556,1.3425925925925926,3,108
,scpdb_apbs_cutoff_fold1_apbs_shape_selected_chem_apbs_full_signed,ResNet3D4LGN,apbs_shape_selected_chem,apbs_full_signed,ResNet3D4LGN_best_model_in_terms_of_validation_paper_f1.pth,raw,0.45,top3,3,0.6909090909090908,0.5428571428571428,0.95,57,48,3,0.5277777777777778,0.7962962962962963,9.133041611588705,6.809539795084685,0.39843140479936473,0.39843140479936473,0.5023195628024831,125.80555555555556,1.3888888888888888,3,108
,scpdb_apbs_cutoff_fold1_apbs_shape_selected_chem_apbs_full_signed,ResNet3D4LGN,apbs_shape_selected_chem,apbs_full_signed,ResNet3D4LGN_best_model_in_terms_of_validation_paper_f1.pth,raw,0.45,top_n_plus_2,3,0.6909090909090908,0.5428571428571428,0.95,57,48,3,0.5277777777777778,0.7962962962962963,9.133041611588705,6.809539795084685,0.39843140479936473,0.39843140479936473,0.5023195628024831,125.80555555555556,1.3888888888888888,3,108
,scpdb_apbs_cutoff_fold1_apbs_shape_selected_chem_apbs_full_signed,ResNet3D4LGN,apbs_shape_selected_chem,apbs_full_signed,ResNet3D4LGN_best_model_in_terms_of_validation_paper_f1.pth,raw,0.5,top1,1,0.6666666666666666,0.5142857142857142,0.9473684210526315,54,51,3,0.5,0.7037037037037037,12.374674498476125,9.95076343768753,0.36242830335096476,0.36242830335096476,0.5091651126870878,122.88888888888889,0.9722222222222222,3,108
,scpdb_apbs_cutoff_fold1_apbs_shape_selected_chem_apbs_full_signed,ResNet3D4LGN,apbs_shape_selected_chem,apbs_full_signed,ResNet3D4LGN_best_model_in_terms_of_validation_paper_f1.pth,raw,0.5,top2,2,0.6909090909090908,0.5428571428571428,0.95,57,48,3,0.5277777777777778,0.7962962962962963,9.130537684632834,6.8196417327390915,0.39739491439576063,0.39739491439576063,0.5007165086583797,122.88888888888889,1.3333333333333333,3,108
,scpdb_apbs_cutoff_fold1_apbs_shape_selected_chem_apbs_full_signed,ResNet3D4LGN,apbs_shape_selected_chem,apbs_full_signed,ResNet3D4LGN_best_model_in_terms_of_validation_paper_f1.pth,raw,0.5,top3,3,0.6909090909090908,0.5428571428571428,0.95,57,48,3,0.5277777777777778,0.7962962962962963,9.130537684632834,6.8196417327390915,0.39739491439576063,0.39739491439576063,0.5007165086583797,122.88888888888889,1.3796296296296295,3,108
,scpdb_apbs_cutoff_fold1_apbs_shape_selected_chem_apbs_full_signed,ResNet3D4LGN,apbs_shape_selected_chem,apbs_full_signed,ResNet3D4LGN_best_model_in_terms_of_validation_paper_f1.pth,raw,0.5,top_n_plus_2,3,0.6909090909090908,0.5428571428571428,0.95,57,48,3,0.5277777777777778,0.7962962962962963,9.130537684632834,6.8196417327390915,0.39739491439576063,0.39739491439576063,0.5007165086583797,122.88888888888889,1.3796296296296295,3,108
,scpdb_apbs_cutoff_fold1_apbs_shape_selected_chem_apbs_full_signed,ResNet3D4LGN,apbs_shape_selected_chem,apbs_full_signed,ResNet3D4LGN_best_model_in_terms_of_validation_paper_f1.pth,raw,0.55,top1,1,0.6666666666666666,0.5142857142857142,0.9473684210526315,54,51,3,0.5,0.7037037037037037,12.384983273659328,9.946780769605589,0.3612199086734061,0.3612199086734061,0.5080534795742081,120.16666666666667,0.9722222222222222,3,108
,scpdb_apbs_cutoff_fold1_apbs_shape_selected_chem_apbs_full_signed,ResNet3D4LGN,apbs_shape_selected_chem,apbs_full_signed,ResNet3D4LGN_best_model_in_terms_of_validation_paper_f1.pth,raw,0.55,top2,2,0.6987951807228915,0.5523809523809524,0.9508196721311475,58,47,3,0.5370370370370371,0.7962962962962963,9.137781142349157,6.813444104228264,0.39577321154675965,0.39577321154675965,0.5002546509007104,120.16666666666667,1.3333333333333333,3,108
,scpdb_apbs_cutoff_fold1_apbs_shape_selected_chem_apbs_full_signed,ResNet3D4LGN,apbs_shape_selected_chem,apbs_full_signed,ResNet3D4LGN_best_model_in_terms_of_validation_paper_f1.pth,raw,0.55,top3,3,0.6987951807228915,0.5523809523809524,0.9508196721311475,58,47,3,0.5370370370370371,0.7962962962962963,9.137781142349157,6.813444104228264,0.39577321154675965,0.39577321154675965,0.5002546509007104,120.16666666666667,1.3796296296296295,3,108
,scpdb_apbs_cutoff_fold1_apbs_shape_selected_chem_apbs_full_signed,ResNet3D4LGN,apbs_shape_selected_chem,apbs_full_signed,ResNet3D4LGN_best_model_in_terms_of_validation_paper_f1.pth,raw,0.55,top_n_plus_2,3,0.6987951807228915,0.5523809523809524,0.9508196721311475,58,47,3,0.5370370370370371,0.7962962962962963,9.137781142349157,6.813444104228264,0.39577321154675965,0.39577321154675965,0.5002546509007104,120.16666666666667,1.3796296296296295,3,108
,scpdb_apbs_cutoff_fold1_apbs_shape_selected_chem_apbs_full_signed,ResNet3D4LGN,apbs_shape_selected_chem,apbs_full_signed,ResNet3D4LGN_best_model_in_terms_of_validation_paper_f1.pth,raw,0.6,top1,1,0.6666666666666666,0.5142857142857142,0.9473684210526315,54,51,3,0.5,0.7037037037037037,12.371069775247916,9.926912107262833,0.3611271927642396,0.3611271927642396,0.5070174082336965,117.49074074074075,0.9722222222222222,3,108
,scpdb_apbs_cutoff_fold1_apbs_shape_selected_chem_apbs_full_signed,ResNet3D4LGN,apbs_shape_selected_chem,apbs_full_signed,ResNet3D4LGN_best_model_in_terms_of_validation_paper_f1.pth,raw,0.6,top2,2,0.6909090909090908,0.5428571428571428,0.95,57,48,3,0.5277777777777778,0.7870370370370371,9.302262264626567,6.955487934195402,0.3936016829501567,0.3936016829501567,0.5042526593523008,117.49074074074075,1.3333333333333333,3,108
,scpdb_apbs_cutoff_fold1_apbs_shape_selected_chem_apbs_full_signed,ResNet3D4LGN,apbs_shape_selected_chem,apbs_full_signed,ResNet3D4LGN_best_model_in_terms_of_validation_paper_f1.pth,raw,0.6,top3,3,0.6909090909090908,0.5428571428571428,0.95,57,48,3,0.5277777777777778,0.7870370370370371,9.302262264626567,6.955487934195402,0.3936016829501567,0.3936016829501567,0.5042526593523008,117.49074074074075,1.3796296296296295,3,108
,scpdb_apbs_cutoff_fold1_apbs_shape_selected_chem_apbs_full_signed,ResNet3D4LGN,apbs_shape_selected_chem,apbs_full_signed,ResNet3D4LGN_best_model_in_terms_of_validation_paper_f1.pth,raw,0.6,top_n_plus_2,3,0.6909090909090908,0.5428571428571428,0.95,57,48,3,0.5277777777777778,0.7870370370370371,9.302262264626567,6.955487934195402,0.3936016829501567,0.3936016829501567,0.5042526593523008,117.49074074074075,1.3796296296296295,3,108
,scpdb_apbs_cutoff_fold1_apbs_shape_selected_chem_apbs_full_signed,ResNet3D4LGN,apbs_shape_selected_chem,apbs_full_signed,ResNet3D4LGN_best_model_in_terms_of_validation_paper_f1.pth,raw,0.7,top1,1,0.6666666666666666,0.5142857142857142,0.9473684210526315,54,51,3,0.5,0.7037037037037037,12.405262240952213,9.96756188835239,0.35707520513497254,0.35707520513497254,0.5038944994159592,111.41666666666667,0.9722222222222222,3,108
,scpdb_apbs_cutoff_fold1_apbs_shape_selected_chem_apbs_full_signed,ResNet3D4LGN,apbs_shape_selected_chem,apbs_full_signed,ResNet3D4LGN_best_model_in_terms_of_validation_paper_f1.pth,raw,0.7,top2,2,0.6909090909090908,0.5428571428571428,0.95,57,48,3,0.5277777777777778,0.7870370370370371,9.316898023179185,6.954463525475668,0.3899373671781168,0.3899373671781168,0.500802853539431,111.41666666666667,1.3333333333333333,3,108
,scpdb_apbs_cutoff_fold1_apbs_shape_selected_chem_apbs_full_signed,ResNet3D4LGN,apbs_shape_selected_chem,apbs_full_signed,ResNet3D4LGN_best_model_in_terms_of_validation_paper_f1.pth,raw,0.7,top3,3,0.6909090909090908,0.5428571428571428,0.95,57,48,3,0.5277777777777778,0.7870370370370371,9.316898023179185,6.954463525475668,0.3899373671781168,0.3899373671781168,0.500802853539431,111.41666666666667,1.3796296296296295,3,108
,scpdb_apbs_cutoff_fold1_apbs_shape_selected_chem_apbs_full_signed,ResNet3D4LGN,apbs_shape_selected_chem,apbs_full_signed,ResNet3D4LGN_best_model_in_terms_of_validation_paper_f1.pth,raw,0.7,top_n_plus_2,3,0.6909090909090908,0.5428571428571428,0.95,57,48,3,0.5277777777777778,0.7870370370370371,9.316898023179185,6.954463525475668,0.3899373671781168,0.3899373671781168,0.500802853539431,111.41666666666667,1.3796296296296295,3,108
,scpdb_apbs_cutoff_fold1_apbs_shape_selected_chem_apbs_full_signed,ResNet3D4LGN,apbs_shape_selected_chem,apbs_full_signed,ResNet3D4LGN_best_model_in_terms_of_validation_paper_f1.pth,raw,0.8,top1,1,0.6666666666666666,0.5142857142857142,0.9473684210526315,54,51,3,0.5,0.6944444444444444,12.361198664695458,9.931757336223676,0.35186729374976544,0.35186729374976544,0.4944095877380086,104.27777777777777,0.9722222222222222,3,108
,scpdb_apbs_cutoff_fold1_apbs_shape_selected_chem_apbs_full_signed,ResNet3D4LGN,apbs_shape_selected_chem,apbs_full_signed,ResNet3D4LGN_best_model_in_terms_of_validation_paper_f1.pth,raw,0.8,top2,2,0.6909090909090908,0.5428571428571428,0.95,57,48,3,0.5277777777777778,0.7777777777777778,9.28196616278513,6.916191013585143,0.3825771589543181,0.3825771589543181,0.49086480239029845,104.27777777777777,1.3055555555555556,3,108
,scpdb_apbs_cutoff_fold1_apbs_shape_selected_chem_apbs_full_signed,ResNet3D4LGN,apbs_shape_selected_chem,apbs_full_signed,ResNet3D4LGN_best_model_in_terms_of_validation_paper_f1.pth,raw,0.8,top3,3,0.6909090909090908,0.5428571428571428,0.95,57,48,3,0.5277777777777778,0.7777777777777778,9.28196616278513,6.916191013585143,0.3825771589543181,0.3825771589543181,0.49086480239029845,104.27777777777777,1.3611111111111112,3,108
,scpdb_apbs_cutoff_fold1_apbs_shape_selected_chem_apbs_full_signed,ResNet3D4LGN,apbs_shape_selected_chem,apbs_full_signed,ResNet3D4LGN_best_model_in_terms_of_validation_paper_f1.pth,raw,0.8,top_n_plus_2,3,0.6909090909090908,0.5428571428571428,0.95,57,48,3,0.5277777777777778,0.7777777777777778,9.28196616278513,6.916191013585143,0.3825771589543181,0.3825771589543181,0.49086480239029845,104.27777777777777,1.3611111111111112,3,108
,scpdb_apbs_cutoff_fold1_apbs_shape_selected_chem_apbs_full_signed,ResNet3D4LGN,apbs_shape_selected_chem,apbs_full_signed,ResNet3D4LGN_best_model_in_terms_of_validation_paper_f1.pth,raw,0.9,top1,1,0.6666666666666666,0.5242718446601942,0.9152542372881356,54,49,5,0.5,0.6944444444444444,14.408698080403958,12.055824539358143,0.34297035811185095,0.34297035811185095,0.4857277023281511,93.8425925925926,0.9537037037037037,5,108
,scpdb_apbs_cutoff_fold1_apbs_shape_selected_chem_apbs_full_signed,ResNet3D4LGN,apbs_shape_selected_chem,apbs_full_signed,ResNet3D4LGN_best_model_in_terms_of_validation_paper_f1.pth,raw,0.9,top2,2,0.6909090909090909,0.5533980582524272,0.9193548387096774,57,46,5,0.5277777777777778,0.7685185185185185,11.617449663638867,9.30769204846503,0.3702044041347217,0.3702044041347217,0.48143590879321724,93.8425925925926,1.2777777777777777,5,108
,scpdb_apbs_cutoff_fold1_apbs_shape_selected_chem_apbs_full_signed,ResNet3D4LGN,apbs_shape_selected_chem,apbs_full_signed,ResNet3D4LGN_best_model_in_terms_of_validation_paper_f1.pth,raw,0.9,top3,3,0.6909090909090909,0.5533980582524272,0.9193548387096774,57,46,5,0.5277777777777778,0.7777777777777778,11.54460744751839,9.255516081201828,0.3722147441785984,0.3722147441785984,0.48143590879321724,93.8425925925926,1.3425925925925926,5,108
,scpdb_apbs_cutoff_fold1_apbs_shape_selected_chem_apbs_full_signed,ResNet3D4LGN,apbs_shape_selected_chem,apbs_full_signed,ResNet3D4LGN_best_model_in_terms_of_validation_paper_f1.pth,raw,0.9,top_n_plus_2,3,0.6909090909090909,0.5533980582524272,0.9193548387096774,57,46,5,0.5277777777777778,0.7777777777777778,11.54460744751839,9.255516081201828,0.3722147441785984,0.3722147441785984,0.48143590879321724,93.8425925925926,1.3425925925925926,5,108
,scpdb_apbs_cutoff_fold1_apbs_shape_selected_chem_apbs_full_signed,ResNet3D4L,apbs_shape_selected_chem,apbs_full_signed,ResNet3D4L_best_model_in_terms_of_validation_paper_f1.pth,raw,0.05,top1,1,0.6153846153846154,0.4485981308411215,0.9795918367346939,48,59,1,0.4444444444444444,0.6759259259259259,11.852348215610318,9.29184296352333,0.3495352924854093,0.3495352924854093,0.5035105989780716,169.16666666666666,0.9907407407407407,1,108
,scpdb_apbs_cutoff_fold1_apbs_shape_selected_chem_apbs_full_signed,ResNet3D4L,apbs_shape_selected_chem,apbs_full_signed,ResNet3D4L_best_model_in_terms_of_validation_paper_f1.pth,raw,0.05,top2,2,0.6499999999999999,0.48598130841121495,0.9811320754716981,52,55,1,0.48148148148148145,0.7592592592592593,8.87451913243314,6.4713298793041,0.3738817981821344,0.3738817981821344,0.4836798781435186,169.16666666666666,1.3425925925925926,1,108
,scpdb_apbs_cutoff_fold1_apbs_shape_selected_chem_apbs_full_signed,ResNet3D4L,apbs_shape_selected_chem,apbs_full_signed,ResNet3D4L_best_model_in_terms_of_validation_paper_f1.pth,raw,0.05,top3,3,0.6666666666666666,0.5046728971962616,0.9818181818181818,54,53,1,0.5,0.7777777777777778,8.532811328556104,6.207951381726876,0.38124110554144175,0.3801287720858739,0.4804844233012621,169.16666666666666,1.4166666666666667,1,108
,scpdb_apbs_cutoff_fold1_apbs_shape_selected_chem_apbs_full_signed,ResNet3D4L,apbs_shape_selected_chem,apbs_full_signed,ResNet3D4L_best_model_in_terms_of_validation_paper_f1.pth,raw,0.05,top_n_plus_2,3,0.6666666666666666,0.5046728971962616,0.9818181818181818,54,53,1,0.5,0.7777777777777778,8.532811328556104,6.207951381726876,0.38124110554144175,0.3801287720858739,0.4804844233012621,169.16666666666666,1.4166666666666667,1,108
,scpdb_apbs_cutoff_fold1_apbs_shape_selected_chem_apbs_full_signed,ResNet3D4L,apbs_shape_selected_chem,apbs_full_signed,ResNet3D4L_best_model_in_terms_of_validation_paper_f1.pth,raw,0.1,top1,1,0.6242038216560509,0.46226415094339623,0.9607843137254902,49,57,2,0.4537037037037037,0.6851851851851852,12.814241941202031,10.272700047339063,0.35807795126573727,0.35807795126573727,0.510960890420032,156.53703703703704,0.9814814814814815,2,108
,scpdb_apbs_cutoff_fold1_apbs_shape_selected_chem_apbs_full_signed,ResNet3D4L,apbs_shape_selected_chem,apbs_full_signed,ResNet3D4L_best_model_in_terms_of_validation_paper_f1.pth,raw,0.1,top2,2,0.65,0.49056603773584906,0.9629629629629629,52,54,2,0.48148148148148145,0.7592592592592593,10.17738545470756,7.785186133758454,0.3798228669754408,0.3798228669754408,0.49696938962090564,156.53703703703704,1.3240740740740742,2,108
,scpdb_apbs_cutoff_fold1_apbs_shape_selected_chem_apbs_full_signed,ResNet3D4L,apbs_shape_selected_chem,apbs_full_signed,ResNet3D4L_best_model_in_terms_of_validation_paper_f1.pth,raw,0.1,top3,3,0.6666666666666666,0.5094339622641509,0.9642857142857143,54,52,2,0.5,0.7777777777777778,9.87702982666197,7.529063291106014,0.3867702206969881,0.3867702206969881,0.492457823374337,156.53703703703704,1.3796296296296295,2,108
,scpdb_apbs_cutoff_fold1_apbs_shape_selected_chem_apbs_full_signed,ResNet3D4L,apbs_shape_selected_chem,apbs_full_signed,ResNet3D4L_best_model_in_terms_of_validation_paper_f1.pth,raw,0.1,top_n_plus_2,3,0.6666666666666666,0.5094339622641509,0.9642857142857143,54,52,2,0.5,0.7777777777777778,9.87702982666197,7.529063291106014,0.3867702206969881,0.3867702206969881,0.492457823374337,156.53703703703704,1.3796296296296295,2,108
,scpdb_apbs_cutoff_fold1_apbs_shape_selected_chem_apbs_full_signed,ResNet3D4L,apbs_shape_selected_chem,apbs_full_signed,ResNet3D4L_best_model_in_terms_of_validation_paper_f1.pth,raw,0.2,top1,1,0.6153846153846154,0.4528301886792453,0.96,48,58,2,0.4444444444444444,0.6851851851851852,12.796879494762603,10.247497851391856,0.36173544993215134,0.36173544993215134,0.5190373659109889,144.49074074074073,0.9814814814814815,2,108
,scpdb_apbs_cutoff_fold1_apbs_shape_selected_chem_apbs_full_signed,ResNet3D4L,apbs_shape_selected_chem,apbs_full_signed,ResNet3D4L_best_model_in_terms_of_validation_paper_f1.pth,raw,0.2,top2,2,0.6329113924050632,0.4716981132075472,0.9615384615384616,50,56,2,0.46296296296296297,0.75,10.424710087032656,7.973527360223504,0.381331836564469,0.381331836564469,0.5101192971694974,144.49074074074073,1.3240740740740742,2,108
,scpdb_apbs_cutoff_fold1_apbs_shape_selected_chem_apbs_full_signed,ResNet3D4L,apbs_shape_selected_chem,apbs_full_signed,ResNet3D4L_best_model_in_terms_of_validation_paper_f1.pth,raw,0.2,top3,3,0.65,0.49056603773584906,0.9629629629629629,52,54,2,0.48148148148148145,0.7685185185185185,10.122854150088106,7.715680498331693,0.386642046956349,0.386642046956349,0.5015282227076523,144.49074074074073,1.3703703703703705,2,108
,scpdb_apbs_cutoff_fold1_apbs_shape_selected_chem_apbs_full_signed,ResNet3D4L,apbs_shape_selected_chem,apbs_full_signed,ResNet3D4L_best_model_in_terms_of_validation_paper_f1.pth,raw,0.2,top_n_plus_2,3,0.65,0.49056603773584906,0.9629629629629629,52,54,2,0.48148148148148145,0.7685185185185185,10.122854150088106,7.715680498331693,0.386642046956349,0.386642046956349,0.5015282227076523,144.49074074074073,1.3703703703703705,2,108
,scpdb_apbs_cutoff_fold1_apbs_shape_selected_chem_apbs_full_signed,ResNet3D4L,apbs_shape_selected_chem,apbs_full_signed,ResNet3D4L_best_model_in_terms_of_validation_paper_f1.pth,raw,0.3,top1,1,0.6242038216560509,0.46226415094339623,0.9607843137254902,49,57,2,0.4537037037037037,0.6851851851851852,12.781050675878548,10.25128153537813,0.3634806669427696,0.3634806669427696,0.5179021853232321,137.13888888888889,0.9814814814814815,2,108
,scpdb_apbs_cutoff_fold1_apbs_shape_selected_chem_apbs_full_signed,ResNet3D4L,apbs_shape_selected_chem,apbs_full_signed,ResNet3D4L_best_model_in_terms_of_validation_paper_f1.pth,raw,0.3,top2,2,0.6415094339622641,0.4811320754716981,0.9622641509433962,51,55,2,0.4722222222222222,0.75,10.411329022429937,7.983205833041181,0.3826592431766064,0.3826592431766064,0.5088301241674322,137.13888888888889,1.3148148148148149,2,108
,scpdb_apbs_cutoff_fold1_apbs_shape_selected_chem_apbs_full_signed,ResNet3D4L,apbs_shape_selected_chem,apbs_full_signed,ResNet3D4L_best_model_in_terms_of_validation_paper_f1.pth,raw,0.3,top3,3,0.6583850931677019,0.5,0.9636363636363636,53,53,2,0.49074074074074076,0.7685185185185185,10.087921338034262,7.715923275140346,0.38749779968182957,0.38749779968182957,0.4994886874547764,137.13888888888889,1.3611111111111112,2,108
,scpdb_apbs_cutoff_fold1_apbs_shape_selected_chem_apbs_full_signed,ResNet3D4L,apbs_shape_selected_chem,apbs_full_signed,ResNet3D4L_best_model_in_terms_of_validation_paper_f1.pth,raw,0.3,top_n_plus_2,3,0.6583850931677019,0.5,0.9636363636363636,53,53,2,0.49074074074074076,0.7685185185185185,10.087921338034262,7.715923275140346,0.38749779968182957,0.38749779968182957,0.4994886874547764,137.13888888888889,1.3611111111111112,2,108
,scpdb_apbs_cutoff_fold1_apbs_shape_selected_chem_apbs_full_signed,ResNet3D4L,apbs_shape_selected_chem,apbs_full_signed,ResNet3D4L_best_model_in_terms_of_validation_paper_f1.pth,raw,0.35,top1,1,0.6329113924050632,0.4716981132075472,0.9615384615384616,50,56,2,0.46296296296296297,0.6851851851851852,12.778222177393863,10.248387931286299,0.3645258168109721,0.3645258168109721,0.5209201093835955,134.0462962962963,0.9814814814814815,2,108
,scpdb_apbs_cutoff_fold1_apbs_shape_selected_chem_apbs_full_signed,ResNet3D4L,apbs_shape_selected_chem,apbs_full_signed,ResNet3D4L_best_model_in_terms_of_validation_paper_f1.pth,raw,0.35,top2,2,0.65,0.49056603773584906,0.9629629629629629,52,54,2,0.48148148148148145,0.75,10.404543805631624,7.974741566717476,0.3832292176920543,0.3832292176920543,0.511193459441317,134.0462962962963,1.3148148148148149,2,108
,scpdb_apbs_cutoff_fold1_apbs_shape_selected_chem_apbs_full_signed,ResNet3D4L,apbs_shape_selected_chem,apbs_full_signed,ResNet3D4L_best_model_in_terms_of_validation_paper_f1.pth,raw,0.35,top3,3,0.6666666666666666,0.5094339622641509,0.9642857142857143,54,52,2,0.5,0.7685185185185185,10.084351023936016,7.709615835617541,0.38723206669490334,0.38723206669490334,0.5002660663565959,134.0462962962963,1.3611111111111112,2,108
,scpdb_apbs_cutoff_fold1_apbs_shape_selected_chem_apbs_full_signed,ResNet3D4L,apbs_shape_selected_chem,apbs_full_signed,ResNet3D4L_best_model_in_terms_of_validation_paper_f1.pth,raw,0.35,top_n_plus_2,3,0.6666666666666666,0.5094339622641509,0.9642857142857143,54,52,2,0.5,0.7685185185185185,10.084351023936016,7.709615835617541,0.38723206669490334,0.38723206669490334,0.5002660663565959,134.0462962962963,1.3611111111111112,2,108
,scpdb_apbs_cutoff_fold1_apbs_shape_selected_chem_apbs_full_signed,ResNet3D4L,apbs_shape_selected_chem,apbs_full_signed,ResNet3D4L_best_model_in_terms_of_validation_paper_f1.pth,raw,0.4,top1,1,0.6242038216560509,0.46226415094339623,0.9607843137254902,49,57,2,0.4537037037037037,0.6851851851851852,12.77607399145318,10.244624271412114,0.36489431425080227,0.36489431425080227,0.5238974703179037,131.4351851851852,0.9814814814814815,2,108
,scpdb_apbs_cutoff_fold1_apbs_shape_selected_chem_apbs_full_signed,ResNet3D4L,apbs_shape_selected_chem,apbs_full_signed,ResNet3D4L_best_model_in_terms_of_validation_paper_f1.pth,raw,0.4,top2,2,0.6329113924050632,0.4716981132075472,0.9615384615384616,50,56,2,0.46296296296296297,0.7407407407407407,10.744822243281087,8.285974737563631,0.38290476119185035,0.38290476119185035,0.5226712215918178,131.4351851851852,1.3055555555555556,2,108
,scpdb_apbs_cutoff_fold1_apbs_shape_selected_chem_apbs_full_signed,ResNet3D4L,apbs_shape_selected_chem,apbs_full_signed,ResNet3D4L_best_model_in_terms_of_validation_paper_f1.pth,raw,0.4,top3,3,0.65,0.49056603773584906,0.9629629629629629,52,54,2,0.48148148148148145,0.7592592592592593,10.424351505408053,8.02035768560198,0.3869076101946994,0.3869076101946994,0.5108820917672804,131.4351851851852,1.3333333333333333,2,108
,scpdb_apbs_cutoff_fold1_apbs_shape_selected_chem_apbs_full_signed,ResNet3D4L,apbs_shape_selected_chem,apbs_full_signed,ResNet3D4L_best_model_in_terms_of_validation_paper_f1.pth,raw,0.4,top_n_plus_2,3,0.65,0.49056603773584906,0.9629629629629629,52,54,2,0.48148148148148145,0.7592592592592593,10.424351505408053,8.02035768560198,0.3869076101946994,0.3869076101946994,0.5108820917672804,131.4351851851852,1.3333333333333333,2,108
,scpdb_apbs_cutoff_fold1_apbs_shape_selected_chem_apbs_full_signed,ResNet3D4L,apbs_shape_selected_chem,apbs_full_signed,ResNet3D4L_best_model_in_terms_of_validation_paper_f1.pth,raw,0.45,top1,1,0.6329113924050632,0.4716981132075472,0.9615384615384616,50,56,2,0.46296296296296297,0.6944444444444444,12.737804625378642,10.179246274776185,0.3673007514443128,0.3673007514443128,0.5243494896756521,129.28703703703704,0.9814814814814815,2,108
,scpdb_apbs_cutoff_fold1_apbs_shape_selected_chem_apbs_full_signed,ResNet3D4L,apbs_shape_selected_chem,apbs_full_signed,ResNet3D4L_best_model_in_terms_of_validation_paper_f1.pth,raw,0.45,top2,2,0.6415094339622641,0.4811320754716981,0.9622641509433962,51,55,2,0.4722222222222222,0.75,10.70834789217381,8.219045619359754,0.3852465223875869,0.3852465223875869,0.5231912208149094,129.28703703703704,1.3148148148148149,2,108
,scpdb_apbs_cutoff_fold1_apbs_shape_selected_chem_apbs_full_signed,ResNet3D4L,apbs_shape_selected_chem,apbs_full_signed,ResNet3D4L_best_model_in_terms_of_validation_paper_f1.pth,raw,0.45,top3,3,0.6583850931677019,0.5,0.9636363636363636,53,53,2,0.49074074074074076,0.7685185185185185,10.386192798365547,7.950228496360706,0.38932059646166095,0.38932059646166095,0.5117500426709506,129.28703703703704,1.3425925925925926,2,108
,scpdb_apbs_cutoff_fold1_apbs_shape_selected_chem_apbs_full_signed,ResNet3D4L,apbs_shape_selected_chem,apbs_full_signed,ResNet3D4L_best_model_in_terms_of_validation_paper_f1.pth,raw,0.45,top_n_plus_2,3,0.6583850931677019,0.5,0.9636363636363636,53,53,2,0.49074074074074076,0.7685185185185185,10.386192798365547,7.950228496360706,0.38932059646166095,0.38932059646166095,0.5117500426709506,129.28703703703704,1.3425925925925926,2,108
,scpdb_apbs_cutoff_fold1_apbs_shape_selected_chem_apbs_full_signed,ResNet3D4L,apbs_shape_selected_chem,apbs_full_signed,ResNet3D4L_best_model_in_terms_of_validation_paper_f1.pth,raw,0.5,top1,1,0.6415094339622641,0.4811320754716981,0.9622641509433962,51,55,2,0.4722222222222222,0.6944444444444444,12.73295397728629,10.175361066223521,0.3683021934426524,0.3683021934426524,0.5254063359831305,126.83333333333333,0.9814814814814815,2,108
,scpdb_apbs_cutoff_fold1_apbs_shape_selected_chem_apbs_full_signed,ResNet3D4L,apbs_shape_selected_chem,apbs_full_signed,ResNet3D4L_best_model_in_terms_of_validation_paper_f1.pth,raw,0.5,top2,2,0.65,0.49056603773584906,0.9629629629629629,52,54,2,0.48148148148148145,0.75,10.705839504185903,8.218181719459608,0.38616730097716,0.38616730097716,0.5242500175561045,126.83333333333333,1.3055555555555556,2,108
,scpdb_apbs_cutoff_fold1_apbs_shape_selected_chem_apbs_full_signed,ResNet3D4L,apbs_shape_selected_chem,apbs_full_signed,ResNet3D4L_best_model_in_terms_of_validation_paper_f1.pth,raw,0.5,top3,3,0.6583850931677019,0.5,0.9636363636363636,53,53,2,0.49074074074074076,0.7592592592592593,10.55744228617657,8.103876501510962,0.38838952319938225,0.38838952319938225,0.5188868096776873,126.83333333333333,1.3240740740740742,2,108
,scpdb_apbs_cutoff_fold1_apbs_shape_selected_chem_apbs_full_signed,ResNet3D4L,apbs_shape_selected_chem,apbs_full_signed,ResNet3D4L_best_model_in_terms_of_validation_paper_f1.pth,raw,0.5,top_n_plus_2,3,0.6583850931677019,0.5,0.9636363636363636,53,53,2,0.49074074074074076,0.7592592592592593,10.55744228617657,8.103876501510962,0.38838952319938225,0.38838952319938225,0.5188868096776873,126.83333333333333,1.3240740740740742,2,108
,scpdb_apbs_cutoff_fold1_apbs_shape_selected_chem_apbs_full_signed,ResNet3D4L,apbs_shape_selected_chem,apbs_full_signed,ResNet3D4L_best_model_in_terms_of_validation_paper_f1.pth,raw,0.55,top1,1,0.6415094339622641,0.4811320754716981,0.9622641509433962,51,55,2,0.4722222222222222,0.7129629629629629,12.08215434927054,9.527042909134401,0.3768201691002429,0.3768201691002429,0.5233381148744307,124.25,0.9814814814814815,2,108
,scpdb_apbs_cutoff_fold1_apbs_shape_selected_chem_apbs_full_signed,ResNet3D4L,apbs_shape_selected_chem,apbs_full_signed,ResNet3D4L_best_model_in_terms_of_validation_paper_f1.pth,raw,0.55,top2,2,0.65,0.49056603773584906,0.9629629629629629,52,54,2,0.48148148148148145,0.75,10.706056977126323,8.218189813317446,0.3845636843160359,0.3845636843160359,0.5217462172914502,124.25,1.3055555555555556,2,108
,scpdb_apbs_cutoff_fold1_apbs_shape_selected_chem_apbs_full_signed,ResNet3D4L,apbs_shape_selected_chem,apbs_full_signed,ResNet3D4L_best_model_in_terms_of_validation_paper_f1.pth,raw,0.55,top3,3,0.6583850931677019,0.5,0.9636363636363636,53,53,2,0.49074074074074076,0.7592592592592593,10.558514192384473,8.104605454509313,0.3866624497481347,0.3866624497481347,0.5161786786004164,124.25,1.3240740740740742,2,108
,scpdb_apbs_cutoff_fold1_apbs_shape_selected_chem_apbs_full_signed,ResNet3D4L,apbs_shape_selected_chem,apbs_full_signed,ResNet3D4L_best_model_in_terms_of_validation_paper_f1.pth,raw,0.55,top_n_plus_2,3,0.6583850931677019,0.5,0.9636363636363636,53,53,2,0.49074074074074076,0.7592592592592593,10.558514192384473,8.104605454509313,0.3866624497481347,0.3866624497481347,0.5161786786004164,124.25,1.3240740740740742,2,108
,scpdb_apbs_cutoff_fold1_apbs_shape_selected_chem_apbs_full_signed,ResNet3D4L,apbs_shape_selected_chem,apbs_full_signed,ResNet3D4L_best_model_in_terms_of_validation_paper_f1.pth,raw,0.6,top1,1,0.6415094339622641,0.4811320754716981,0.9622641509433962,51,55,2,0.4722222222222222,0.7129629629629629,12.079873999559723,9.51693104636313,0.3762095322072326,0.3762095322072326,0.5231823213847102,121.66666666666667,0.9814814814814815,2,108
,scpdb_apbs_cutoff_fold1_apbs_shape_selected_chem_apbs_full_signed,ResNet3D4L,apbs_shape_selected_chem,apbs_full_signed,ResNet3D4L_best_model_in_terms_of_validation_paper_f1.pth,raw,0.6,top2,2,0.65,0.49056603773584906,0.9629629629629629,52,54,2,0.48148148148148145,0.75,10.704157076146773,8.204886424292496,0.3837981576251643,0.3837981576251643,0.5213822279886338,121.66666666666667,1.2962962962962963,2,108
,scpdb_apbs_cutoff_fold1_apbs_shape_selected_chem_apbs_full_signed,ResNet3D4L,apbs_shape_selected_chem,apbs_full_signed,ResNet3D4L_best_model_in_terms_of_validation_paper_f1.pth,raw,0.6,top3,3,0.6583850931677019,0.5,0.9636363636363636,53,53,2,0.49074074074074076,0.7592592592592593,10.556439196942508,8.090828703156285,0.3858969230572631,0.3858969230572631,0.5158215570202948,121.66666666666667,1.3148148148148149,2,108
,scpdb_apbs_cutoff_fold1_apbs_shape_selected_chem_apbs_full_signed,ResNet3D4L,apbs_shape_selected_chem,apbs_full_signed,ResNet3D4L_best_model_in_terms_of_validation_paper_f1.pth,raw,0.6,top_n_plus_2,3,0.6583850931677019,0.5,0.9636363636363636,53,53,2,0.49074074074074076,0.7592592592592593,10.556439196942508,8.090828703156285,0.3858969230572631,0.3858969230572631,0.5158215570202948,121.66666666666667,1.3148148148148149,2,108
,scpdb_apbs_cutoff_fold1_apbs_shape_selected_chem_apbs_full_signed,ResNet3D4L,apbs_shape_selected_chem,apbs_full_signed,ResNet3D4L_best_model_in_terms_of_validation_paper_f1.pth,raw,0.7,top1,1,0.65,0.49056603773584906,0.9629629629629629,52,54,2,0.48148148148148145,0.7222222222222222,12.026502966812894,9.460670099976241,0.37786467895281645,0.37786467895281645,0.5229748568560108,116.29629629629629,0.9814814814814815,2,108
,scpdb_apbs_cutoff_fold1_apbs_shape_selected_chem_apbs_full_signed,ResNet3D4L,apbs_shape_selected_chem,apbs_full_signed,ResNet3D4L_best_model_in_terms_of_validation_paper_f1.pth,raw,0.7,top2,2,0.6583850931677019,0.5,0.9636363636363636,53,53,2,0.49074074074074076,0.7592592592592593,10.658408017810324,8.1603376309005,0.38515407067483226,0.38515407067483226,0.5210588892064364,116.29629629629629,1.2962962962962963,2,108
,scpdb_apbs_cutoff_fold1_apbs_shape_selected_chem_apbs_full_signed,ResNet3D4L,apbs_shape_selected_chem,apbs_full_signed,ResNet3D4L_best_model_in_terms_of_validation_paper_f1.pth,raw,0.7,top3,3,0.6666666666666666,0.5094339622641509,0.9642857142857143,54,52,2,0.5,0.7685185185185185,10.513436240576043,8.043181127119354,0.386905822426584,0.386905822426584,0.5149131540209319,116.29629629629629,1.3055555555555556,2,108
,scpdb_apbs_cutoff_fold1_apbs_shape_selected_chem_apbs_full_signed,ResNet3D4L,apbs_shape_selected_chem,apbs_full_signed,ResNet3D4L_best_model_in_terms_of_validation_paper_f1.pth,raw,0.7,top_n_plus_2,3,0.6666666666666666,0.5094339622641509,0.9642857142857143,54,52,2,0.5,0.7685185185185185,10.513436240576043,8.043181127119354,0.386905822426584,0.386905822426584,0.5149131540209319,116.29629629629629,1.3055555555555556,2,108
,scpdb_apbs_cutoff_fold1_apbs_shape_selected_chem_apbs_full_signed,ResNet3D4L,apbs_shape_selected_chem,apbs_full_signed,ResNet3D4L_best_model_in_terms_of_validation_paper_f1.pth,raw,0.8,top1,1,0.6415094339622641,0.4857142857142857,0.9444444444444444,51,54,3,0.4722222222222222,0.7129629629629629,13.058881942981479,10.552484885789784,0.37583688108251606,0.37583688108251606,0.521562390698562,109.87962962962963,0.9722222222222222,3,108
,scpdb_apbs_cutoff_fold1_apbs_shape_selected_chem_apbs_full_signed,ResNet3D4L,apbs_shape_selected_chem,apbs_full_signed,ResNet3D4L_best_model_in_terms_of_validation_paper_f1.pth,raw,0.8,top2,2,0.65,0.49523809523809526,0.9454545454545454,52,53,3,0.48148148148148145,0.75,11.696689620942706,9.25912644948791,0.3822871472261903,0.3822871472261903,0.5190032910434568,109.87962962962963,1.287037037037037,3,108
,scpdb_apbs_cutoff_fold1_apbs_shape_selected_chem_apbs_full_signed,ResNet3D4L,apbs_shape_selected_chem,apbs_full_signed,ResNet3D4L_best_model_in_terms_of_validation_paper_f1.pth,raw,0.8,top3,3,0.6583850931677019,0.5047619047619047,0.9464285714285714,53,52,3,0.49074074074074076,0.7592592592592593,11.555250752337226,9.144504385112171,0.38366352360256667,0.38366352360256667,0.5120154676020453,109.87962962962963,1.3055555555555556,3,108
,scpdb_apbs_cutoff_fold1_apbs_shape_selected_chem_apbs_full_signed,ResNet3D4L,apbs_shape_selected_chem,apbs_full_signed,ResNet3D4L_best_model_in_terms_of_validation_paper_f1.pth,raw,0.8,top_n_plus_2,3,0.6583850931677019,0.5047619047619047,0.9464285714285714,53,52,3,0.49074074074074076,0.7592592592592593,11.555250752337226,9.144504385112171,0.38366352360256667,0.38366352360256667,0.5120154676020453,109.87962962962963,1.3055555555555556,3,108
,scpdb_apbs_cutoff_fold1_apbs_shape_selected_chem_apbs_full_signed,ResNet3D4L,apbs_shape_selected_chem,apbs_full_signed,ResNet3D4L_best_model_in_terms_of_validation_paper_f1.pth,raw,0.9,top1,1,0.6415094339622641,0.49514563106796117,0.9107142857142857,51,52,5,0.4722222222222222,0.7129629629629629,15.017923584525898,12.598550729041763,0.3654003915701975,0.3654003915701975,0.5229088262693106,99.66666666666667,0.9537037037037037,5,108
,scpdb_apbs_cutoff_fold1_apbs_shape_selected_chem_apbs_full_signed,ResNet3D4L,apbs_shape_selected_chem,apbs_full_signed,ResNet3D4L_best_model_in_terms_of_validation_paper_f1.pth,raw,0.9,top2,2,0.6666666666666666,0.5242718446601942,0.9152542372881356,54,49,5,0.5,0.7685185185185185,13.410485168269961,11.117127255782107,0.3739034661877658,0.3739034661877658,0.5064213156527416,99.66666666666667,1.2222222222222223,5,108
,scpdb_apbs_cutoff_fold1_apbs_shape_selected_chem_apbs_full_signed,ResNet3D4L,apbs_shape_selected_chem,apbs_full_signed,ResNet3D4L_best_model_in_terms_of_validation_paper_f1.pth,raw,0.9,top3,3,0.6748466257668712,0.5339805825242718,0.9166666666666666,55,48,5,0.5092592592592593,0.7777777777777778,13.269167160742896,11.004595708842736,0.3752986970350514,0.3752986970350514,0.49995338139554363,99.66666666666667,1.2407407407407407,5,108
,scpdb_apbs_cutoff_fold1_apbs_shape_selected_chem_apbs_full_signed,ResNet3D4L,apbs_shape_selected_chem,apbs_full_signed,ResNet3D4L_best_model_in_terms_of_validation_paper_f1.pth,raw,0.9,top_n_plus_2,3,0.6748466257668712,0.5339805825242718,0.9166666666666666,55,48,5,0.5092592592592593,0.7777777777777778,13.269167160742896,11.004595708842736,0.3752986970350514,0.3752986970350514,0.49995338139554363,99.66666666666667,1.2407407407407407,5,108
,scpdb_apbs_cutoff_fold1_apbs_shape_selected_chem_apbs_full_signed,UNet3D4LA,apbs_shape_selected_chem,apbs_full_signed,UNet3D4LA_best_model_in_terms_of_validation_paper_f1.pth,raw,0.05,top1,1,0.6064516129032258,0.4392523364485981,0.9791666666666666,47,60,1,0.4351851851851852,0.6944444444444444,9.43685079556315,7.01050834742109,0.26962747621850003,0.26962747621850003,0.3649356534097193,360.962962962963,0.9907407407407407,1,108
,scpdb_apbs_cutoff_fold1_apbs_shape_selected_chem_apbs_full_signed,UNet3D4LA,apbs_shape_selected_chem,apbs_full_signed,UNet3D4LA_best_model_in_terms_of_validation_paper_f1.pth,raw,0.05,top2,2,0.6499999999999999,0.48598130841121495,0.9811320754716981,52,55,1,0.48148148148148145,0.75,7.121310908712943,4.857705202286029,0.29863872743251274,0.29863872743251274,0.3735254839688137,360.962962962963,1.5277777777777777,1,108
,scpdb_apbs_cutoff_fold1_apbs_shape_selected_chem_apbs_full_signed,UNet3D4LA,apbs_shape_selected_chem,apbs_full_signed,UNet3D4LA_best_model_in_terms_of_validation_paper_f1.pth,raw,0.05,top3,3,0.6666666666666666,0.5046728971962616,0.9818181818181818,54,53,1,0.5,0.7777777777777778,6.167194560125479,3.9929968765603174,0.3071486180144508,0.3071486180144508,0.3671545705160117,360.962962962963,1.787037037037037,1,108
,scpdb_apbs_cutoff_fold1_apbs_shape_selected_chem_apbs_full_signed,UNet3D4LA,apbs_shape_selected_chem,apbs_full_signed,UNet3D4LA_best_model_in_terms_of_validation_paper_f1.pth,raw,0.05,top_n_plus_2,3,0.6666666666666666,0.5046728971962616,0.9818181818181818,54,53,1,0.5,0.7777777777777778,6.167194560125479,3.9929968765603174,0.3071486180144508,0.3071486180144508,0.3671545705160117,360.962962962963,1.787037037037037,1,108
,scpdb_apbs_cutoff_fold1_apbs_shape_selected_chem_apbs_full_signed,UNet3D4LA,apbs_shape_selected_chem,apbs_full_signed,UNet3D4LA_best_model_in_terms_of_validation_paper_f1.pth,raw,0.1,top1,1,0.6153846153846154,0.4485981308411215,0.9795918367346939,48,59,1,0.4444444444444444,0.6944444444444444,9.287697874255484,6.922249959921806,0.30371978837412167,0.30371978837412167,0.41707202948353733,297.18518518518516,0.9907407407407407,1,108
,scpdb_apbs_cutoff_fold1_apbs_shape_selected_chem_apbs_full_signed,UNet3D4LA,apbs_shape_selected_chem,apbs_full_signed,UNet3D4LA_best_model_in_terms_of_validation_paper_f1.pth,raw,0.1,top2,2,0.6583850931677019,0.4953271028037383,0.9814814814814815,53,54,1,0.49074074074074076,0.75,6.966585594972179,4.75888765912122,0.33413205376026567,0.33413205376026567,0.4248774278306846,297.18518518518516,1.462962962962963,1,108
,scpdb_apbs_cutoff_fold1_apbs_shape_selected_chem_apbs_full_signed,UNet3D4LA,apbs_shape_selected_chem,apbs_full_signed,UNet3D4LA_best_model_in_terms_of_validation_paper_f1.pth,raw,0.1,top3,3,0.6583850931677019,0.4953271028037383,0.9814814814814815,53,54,1,0.49074074074074076,0.7592592592592593,6.68422084431614,4.51230312656517,0.33723667834855636,0.33723667834855636,0.4248774278306846,297.18518518518516,1.7037037037037037,1,108
,scpdb_apbs_cutoff_fold1_apbs_shape_selected_chem_apbs_full_signed,UNet3D4LA,apbs_shape_selected_chem,apbs_full_signed,UNet3D4LA_best_model_in_terms_of_validation_paper_f1.pth,raw,0.1,top_n_plus_2,3,0.6583850931677019,0.4953271028037383,0.9814814814814815,53,54,1,0.49074074074074076,0.7592592592592593,6.68422084431614,4.51230312656517,0.33723667834855636,0.33723667834855636,0.4248774278306846,297.18518518518516,1.7037037037037037,1,108
,scpdb_apbs_cutoff_fold1_apbs_shape_selected_chem_apbs_full_signed,UNet3D4LA,apbs_shape_selected_chem,apbs_full_signed,UNet3D4LA_best_model_in_terms_of_validation_paper_f1.pth,raw,0.2,top1,1,0.6583850931677019,0.5,0.9636363636363636,53,53,2,0.49074074074074076,0.7129629629629629,10.20675577900697,7.861686310807026,0.33237925413033753,0.33237925413033753,0.4524178952053603,249.49074074074073,0.9814814814814815,2,108
,scpdb_apbs_cutoff_fold1_apbs_shape_selected_chem_apbs_full_signed,UNet3D4LA,apbs_shape_selected_chem,apbs_full_signed,UNet3D4LA_best_model_in_terms_of_validation_paper_f1.pth,raw,0.2,top2,2,0.6987951807228916,0.5471698113207547,0.9666666666666667,58,48,2,0.5370370370370371,0.7685185185185185,7.889425449650291,5.690380631447677,0.3622169832416253,0.3622169832416253,0.45606578593724384,249.49074074074073,1.4259259259259258,2,108
,scpdb_apbs_cutoff_fold1_apbs_shape_selected_chem_apbs_full_signed,UNet3D4LA,apbs_shape_selected_chem,apbs_full_signed,UNet3D4LA_best_model_in_terms_of_validation_paper_f1.pth,raw,0.2,top3,3,0.6987951807228916,0.5471698113207547,0.9666666666666667,58,48,2,0.5370370370370371,0.7777777777777778,7.669203672398155,5.474413345361067,0.3643290953537374,0.3643290953537374,0.45606578593724384,249.49074074074073,1.6388888888888888,2,108
,scpdb_apbs_cutoff_fold1_apbs_shape_selected_chem_apbs_full_signed,UNet3D4LA,apbs_shape_selected_chem,apbs_full_signed,UNet3D4LA_best_model_in_terms_of_validation_paper_f1.pth,raw,0.2,top_n_plus_2,3,0.6987951807228916,0.5471698113207547,0.9666666666666667,58,48,2,0.5370370370370371,0.7777777777777778,7.669203672398155,5.474413345361067,0.3643290953537374,0.3643290953537374,0.45606578593724384,249.49074074074073,1.6388888888888888,2,108
,scpdb_apbs_cutoff_fold1_apbs_shape_selected_chem_apbs_full_signed,UNet3D4LA,apbs_shape_selected_chem,apbs_full_signed,UNet3D4LA_best_model_in_terms_of_validation_paper_f1.pth,raw,0.3,top1,1,0.674846625766871,0.5188679245283019,0.9649122807017544,55,51,2,0.5092592592592593,0.7222222222222222,9.910679945278515,7.633403207814761,0.35252097697508417,0.35252097697508417,0.4736333254475382,224.46296296296296,0.9814814814814815,2,108
,scpdb_apbs_cutoff_fold1_apbs_shape_selected_chem_apbs_full_signed,UNet3D4LA,apbs_shape_selected_chem,apbs_full_signed,UNet3D4LA_best_model_in_terms_of_validation_paper_f1.pth,raw,0.3,top2,2,0.7065868263473054,0.5566037735849056,0.9672131147540983,59,47,2,0.5462962962962963,0.7685185185185185,7.87253551799736,5.668935666407068,0.37587813770243,0.37587813770243,0.4723776095676502,224.46296296296296,1.4351851851851851,2,108
,scpdb_apbs_cutoff_fold1_apbs_shape_selected_chem_apbs_full_signed,UNet3D4LA,apbs_shape_selected_chem,apbs_full_signed,UNet3D4LA_best_model_in_terms_of_validation_paper_f1.pth,raw,0.3,top3,3,0.7065868263473054,0.5566037735849056,0.9672131147540983,59,47,2,0.5462962962962963,0.7777777777777778,7.648460997591433,5.454059014954134,0.37766797929440243,0.37766797929440243,0.4723776095676502,224.46296296296296,1.6481481481481481,2,108
,scpdb_apbs_cutoff_fold1_apbs_shape_selected_chem_apbs_full_signed,UNet3D4LA,apbs_shape_selected_chem,apbs_full_signed,UNet3D4LA_best_model_in_terms_of_validation_paper_f1.pth,raw,0.3,top_n_plus_2,3,0.7065868263473054,0.5566037735849056,0.9672131147540983,59,47,2,0.5462962962962963,0.7777777777777778,7.648460997591433,5.454059014954134,0.37766797929440243,0.37766797929440243,0.4723776095676502,224.46296296296296,1.6481481481481481,2,108
,scpdb_apbs_cutoff_fold1_apbs_shape_selected_chem_apbs_full_signed,UNet3D4LA,apbs_shape_selected_chem,apbs_full_signed,UNet3D4LA_best_model_in_terms_of_validation_paper_f1.pth,raw,0.35,top1,1,0.674846625766871,0.5188679245283019,0.9649122807017544,55,51,2,0.5092592592592593,0.7314814814814815,9.897813862758145,7.640848767196132,0.3580370998557423,0.3580370998557423,0.48038927617737637,214.36111111111111,0.9814814814814815,2,108
,scpdb_apbs_cutoff_fold1_apbs_shape_selected_chem_apbs_full_signed,UNet3D4LA,apbs_shape_selected_chem,apbs_full_signed,UNet3D4LA_best_model_in_terms_of_validation_paper_f1.pth,raw,0.35,top2,2,0.7065868263473054,0.5566037735849056,0.9672131147540983,59,47,2,0.5462962962962963,0.7777777777777778,7.861694952031239,5.680241943911032,0.3805093961964508,0.3805093961964508,0.4781346815297351,214.36111111111111,1.4259259259259258,2,108
,scpdb_apbs_cutoff_fold1_apbs_shape_selected_chem_apbs_full_signed,UNet3D4LA,apbs_shape_selected_chem,apbs_full_signed,UNet3D4LA_best_model_in_terms_of_validation_paper_f1.pth,raw,0.35,top3,3,0.7065868263473054,0.5566037735849056,0.9672131147540983,59,47,2,0.5462962962962963,0.7777777777777778,7.7655197709014665,5.565579453423254,0.3815829335018722,0.3815829335018722,0.4781346815297351,214.36111111111111,1.6203703703703705,2,108
,scpdb_apbs_cutoff_fold1_apbs_shape_selected_chem_apbs_full_signed,UNet3D4LA,apbs_shape_selected_chem,apbs_full_signed,UNet3D4LA_best_model_in_terms_of_validation_paper_f1.pth,raw,0.35,top_n_plus_2,3,0.7065868263473054,0.5566037735849056,0.9672131147540983,59,47,2,0.5462962962962963,0.7777777777777778,7.7655197709014665,5.565579453423254,0.3815829335018722,0.3815829335018722,0.4781346815297351,214.36111111111111,1.6203703703703705,2,108
,scpdb_apbs_cutoff_fold1_apbs_shape_selected_chem_apbs_full_signed,UNet3D4LA,apbs_shape_selected_chem,apbs_full_signed,UNet3D4LA_best_model_in_terms_of_validation_paper_f1.pth,raw,0.4,top1,1,0.674846625766871,0.5188679245283019,0.9649122807017544,55,51,2,0.5092592592592593,0.7407407407407407,9.839805654716683,7.588797406129131,0.36321981024789457,0.36321981024789457,0.4859994661790095,206.16666666666666,0.9814814814814815,2,108
,scpdb_apbs_cutoff_fold1_apbs_shape_selected_chem_apbs_full_signed,UNet3D4LA,apbs_shape_selected_chem,apbs_full_signed,UNet3D4LA_best_model_in_terms_of_validation_paper_f1.pth,raw,0.4,top2,2,0.7065868263473054,0.5566037735849056,0.9672131147540983,59,47,2,0.5462962962962963,0.7870370370370371,7.802473854653377,5.630737493600893,0.3855309311822636,0.3855309311822636,0.48355597980691034,206.16666666666666,1.4259259259259258,2,108
,scpdb_apbs_cutoff_fold1_apbs_shape_selected_chem_apbs_full_signed,UNet3D4LA,apbs_shape_selected_chem,apbs_full_signed,UNet3D4LA_best_model_in_terms_of_validation_paper_f1.pth,raw,0.4,top3,3,0.7065868263473054,0.5566037735849056,0.9672131147540983,59,47,2,0.5462962962962963,0.7870370370370371,7.708992964846123,5.519166559387538,0.38633608416132964,0.38633608416132964,0.48355597980691034,206.16666666666666,1.6018518518518519,2,108
,scpdb_apbs_cutoff_fold1_apbs_shape_selected_chem_apbs_full_signed,UNet3D4LA,apbs_shape_selected_chem,apbs_full_signed,UNet3D4LA_best_model_in_terms_of_validation_paper_f1.pth,raw,0.4,top_n_plus_2,3,0.7065868263473054,0.5566037735849056,0.9672131147540983,59,47,2,0.5462962962962963,0.7870370370370371,7.708992964846123,5.519166559387538,0.38633608416132964,0.38633608416132964,0.48355597980691034,206.16666666666666,1.6018518518518519,2,108
,scpdb_apbs_cutoff_fold1_apbs_shape_selected_chem_apbs_full_signed,UNet3D4LA,apbs_shape_selected_chem,apbs_full_signed,UNet3D4LA_best_model_in_terms_of_validation_paper_f1.pth,raw,0.45,top1,1,0.6829268292682926,0.5283018867924528,0.9655172413793104,56,50,2,0.5185185185185185,0.75,9.497572037751032,7.2522124604197185,0.3694656292161337,0.3694656292161337,0.4872394196462822,197.89814814814815,0.9814814814814815,2,108
,scpdb_apbs_cutoff_fold1_apbs_shape_selected_chem_apbs_full_signed,UNet3D4LA,apbs_shape_selected_chem,apbs_full_signed,UNet3D4LA_best_model_in_terms_of_validation_paper_f1.pth,raw,0.45,top2,2,0.7065868263473054,0.5566037735849056,0.9672131147540983,59,47,2,0.5462962962962963,0.7870370370370371,7.807208252485942,5.618940535946162,0.3886027582025335,0.3886027582025335,0.4873971146923763,197.89814814814815,1.4166666666666667,2,108
,scpdb_apbs_cutoff_fold1_apbs_shape_selected_chem_apbs_full_signed,UNet3D4LA,apbs_shape_selected_chem,apbs_full_signed,UNet3D4LA_best_model_in_terms_of_validation_paper_f1.pth,raw,0.45,top3,3,0.7065868263473054,0.5566037735849056,0.9672131147540983,59,47,2,0.5462962962962963,0.7870370370370371,7.715226968000837,5.50868540049828,0.3892737190184218,0.3892737190184218,0.4873971146923763,197.89814814814815,1.5740740740740742,2,108
,scpdb_apbs_cutoff_fold1_apbs_shape_selected_chem_apbs_full_signed,UNet3D4LA,apbs_shape_selected_chem,apbs_full_signed,UNet3D4LA_best_model_in_terms_of_validation_paper_f1.pth,raw,0.45,top_n_plus_2,3,0.7065868263473054,0.5566037735849056,0.9672131147540983,59,47,2,0.5462962962962963,0.7870370370370371,7.715226968000837,5.50868540049828,0.3892737190184218,0.3892737190184218,0.4873971146923763,197.89814814814815,1.5740740740740742,2,108
,scpdb_apbs_cutoff_fold1_apbs_shape_selected_chem_apbs_full_signed,UNet3D4LA,apbs_shape_selected_chem,apbs_full_signed,UNet3D4LA_best_model_in_terms_of_validation_paper_f1.pth,raw,0.5,top1,1,0.674846625766871,0.5188679245283019,0.9649122807017544,55,51,2,0.5092592592592593,0.7314814814814815,9.834108645504013,7.559028882360972,0.3694078035669848,0.3694078035669848,0.49397548584547285,190.15740740740742,0.9814814814814815,2,108
,scpdb_apbs_cutoff_fold1_apbs_shape_selected_chem_apbs_full_signed,UNet3D4LA,apbs_shape_selected_chem,apbs_full_signed,UNet3D4LA_best_model_in_terms_of_validation_paper_f1.pth,raw,0.5,top2,2,0.7065868263473054,0.5566037735849056,0.9672131147540983,59,47,2,0.5462962962962963,0.7777777777777778,7.792488843579374,5.600608561501951,0.3916205999394699,0.3916205999394699,0.49113588566112787,190.15740740740742,1.4166666666666667,2,108
,scpdb_apbs_cutoff_fold1_apbs_shape_selected_chem_apbs_full_signed,UNet3D4LA,apbs_shape_selected_chem,apbs_full_signed,UNet3D4LA_best_model_in_terms_of_validation_paper_f1.pth,raw,0.5,top3,3,0.7065868263473054,0.5566037735849056,0.9672131147540983,59,47,2,0.5462962962962963,0.7777777777777778,7.701081046811509,5.49059069546298,0.3923220589742623,0.3923220589742623,0.49113588566112787,190.15740740740742,1.5648148148148149,2,108
,scpdb_apbs_cutoff_fold1_apbs_shape_selected_chem_apbs_full_signed,UNet3D4LA,apbs_shape_selected_chem,apbs_full_signed,UNet3D4LA_best_model_in_terms_of_validation_paper_f1.pth,raw,0.5,top_n_plus_2,3,0.7065868263473054,0.5566037735849056,0.9672131147540983,59,47,2,0.5462962962962963,0.7777777777777778,7.701081046811509,5.49059069546298,0.3923220589742623,0.3923220589742623,0.49113588566112787,190.15740740740742,1.5648148148148149,2,108
,scpdb_apbs_cutoff_fold1_apbs_shape_selected_chem_apbs_full_signed,UNet3D4LA,apbs_shape_selected_chem,apbs_full_signed,UNet3D4LA_best_model_in_terms_of_validation_paper_f1.pth,raw,0.55,top1,1,0.674846625766871,0.5188679245283019,0.9649122807017544,55,51,2,0.5092592592592593,0.7407407407407407,9.927473664604433,7.684742626993762,0.3712590235326739,0.3712590235326739,0.4971243990835292,183.40740740740742,0.9814814814814815,2,108
,scpdb_apbs_cutoff_fold1_apbs_shape_selected_chem_apbs_full_signed,UNet3D4LA,apbs_shape_selected_chem,apbs_full_signed,UNet3D4LA_best_model_in_terms_of_validation_paper_f1.pth,raw,0.55,top2,2,0.7065868263473054,0.5566037735849056,0.9672131147540983,59,47,2,0.5462962962962963,0.7870370370370371,7.78867737809175,5.613558804391879,0.39456530805105045,0.39456530805105045,0.4931886323022875,183.40740740740742,1.4351851851851851,2,108
,scpdb_apbs_cutoff_fold1_apbs_shape_selected_chem_apbs_full_signed,UNet3D4LA,apbs_shape_selected_chem,apbs_full_signed,UNet3D4LA_best_model_in_terms_of_validation_paper_f1.pth,raw,0.55,top3,3,0.7065868263473054,0.5566037735849056,0.9672131147540983,59,47,2,0.5462962962962963,0.7870370370370371,7.696983248062531,5.503662882878479,0.3952775587633011,0.3952775587633011,0.4931886323022875,183.40740740740742,1.5740740740740742,2,108
,scpdb_apbs_cutoff_fold1_apbs_shape_selected_chem_apbs_full_signed,UNet3D4LA,apbs_shape_selected_chem,apbs_full_signed,UNet3D4LA_best_model_in_terms_of_validation_paper_f1.pth,raw,0.55,top_n_plus_2,3,0.7065868263473054,0.5566037735849056,0.9672131147540983,59,47,2,0.5462962962962963,0.7870370370370371,7.696983248062531,5.503662882878479,0.3952775587633011,0.3952775587633011,0.4931886323022875,183.40740740740742,1.5740740740740742,2,108
,scpdb_apbs_cutoff_fold1_apbs_shape_selected_chem_apbs_full_signed,UNet3D4LA,apbs_shape_selected_chem,apbs_full_signed,UNet3D4LA_best_model_in_terms_of_validation_paper_f1.pth,raw,0.6,top1,1,0.6666666666666666,0.5094339622641509,0.9642857142857143,54,52,2,0.5,0.7222222222222222,10.275032612263885,8.00079348169542,0.36812554765988165,0.36812554765988165,0.4993367157669751,176.22222222222223,0.9814814814814815,2,108
,scpdb_apbs_cutoff_fold1_apbs_shape_selected_chem_apbs_full_signed,UNet3D4LA,apbs_shape_selected_chem,apbs_full_signed,UNet3D4LA_best_model_in_terms_of_validation_paper_f1.pth,raw,0.6,top2,2,0.7065868263473054,0.5566037735849056,0.9672131147540983,59,47,2,0.5462962962962963,0.7777777777777778,7.782378766832815,5.636233711252779,0.39543451413657005,0.39543451413657005,0.49439693008665614,176.22222222222223,1.3981481481481481,2,108
,scpdb_apbs_cutoff_fold1_apbs_shape_selected_chem_apbs_full_signed,UNet3D4LA,apbs_shape_selected_chem,apbs_full_signed,UNet3D4LA_best_model_in_terms_of_validation_paper_f1.pth,raw,0.6,top3,3,0.7065868263473054,0.5566037735849056,0.9672131147540983,59,47,2,0.5462962962962963,0.7777777777777778,7.688888646651651,5.523889767047943,0.3961578937661997,0.3961578937661997,0.49439693008665614,176.22222222222223,1.5462962962962963,2,108
,scpdb_apbs_cutoff_fold1_apbs_shape_selected_chem_apbs_full_signed,UNet3D4LA,apbs_shape_selected_chem,apbs_full_signed,UNet3D4LA_best_model_in_terms_of_validation_paper_f1.pth,raw,0.6,top_n_plus_2,3,0.7065868263473054,0.5566037735849056,0.9672131147540983,59,47,2,0.5462962962962963,0.7777777777777778,7.688888646651651,5.523889767047943,0.3961578937661997,0.3961578937661997,0.49439693008665614,176.22222222222223,1.5462962962962963,2,108
,scpdb_apbs_cutoff_fold1_apbs_shape_selected_chem_apbs_full_signed,UNet3D4LA,apbs_shape_selected_chem,apbs_full_signed,UNet3D4LA_best_model_in_terms_of_validation_paper_f1.pth,raw,0.7,top1,1,0.6666666666666666,0.5094339622641509,0.9642857142857143,54,52,2,0.5,0.7407407407407407,10.286895135498476,7.924625576001979,0.37146872485626303,0.37146872485626303,0.5001615256140095,161.22222222222223,0.9814814814814815,2,108
,scpdb_apbs_cutoff_fold1_apbs_shape_selected_chem_apbs_full_signed,UNet3D4LA,apbs_shape_selected_chem,apbs_full_signed,UNet3D4LA_best_model_in_terms_of_validation_paper_f1.pth,raw,0.7,top2,2,0.6987951807228916,0.5471698113207547,0.9666666666666667,58,48,2,0.5370370370370371,0.7962962962962963,7.798457237959546,5.562513953385678,0.3967066445750838,0.3967066445750838,0.4948384178080843,161.22222222222223,1.4074074074074074,2,108
,scpdb_apbs_cutoff_fold1_apbs_shape_selected_chem_apbs_full_signed,UNet3D4LA,apbs_shape_selected_chem,apbs_full_signed,UNet3D4LA_best_model_in_terms_of_validation_paper_f1.pth,raw,0.7,top3,3,0.6987951807228916,0.5471698113207547,0.9666666666666667,58,48,2,0.5370370370370371,0.7962962962962963,7.701144510063329,5.4418394081029176,0.3973452141791707,0.3973452141791707,0.4948384178080843,161.22222222222223,1.5185185185185186,2,108
,scpdb_apbs_cutoff_fold1_apbs_shape_selected_chem_apbs_full_signed,UNet3D4LA,apbs_shape_selected_chem,apbs_full_signed,UNet3D4LA_best_model_in_terms_of_validation_paper_f1.pth,raw,0.7,top_n_plus_2,3,0.6987951807228916,0.5471698113207547,0.9666666666666667,58,48,2,0.5370370370370371,0.7962962962962963,7.701144510063329,5.4418394081029176,0.3973452141791707,0.3973452141791707,0.4948384178080843,161.22222222222223,1.5185185185185186,2,108
,scpdb_apbs_cutoff_fold1_apbs_shape_selected_chem_apbs_full_signed,UNet3D4LA,apbs_shape_selected_chem,apbs_full_signed,UNet3D4LA_best_model_in_terms_of_validation_paper_f1.pth,raw,0.8,top1,1,0.6666666666666666,0.5094339622641509,0.9642857142857143,54,52,2,0.5,0.7407407407407407,9.826449884704125,7.48843636539208,0.3724137781487792,0.3724137781487792,0.49244487803149695,141.9814814814815,0.9814814814814815,2,108
,scpdb_apbs_cutoff_fold1_apbs_shape_selected_chem_apbs_full_signed,UNet3D4LA,apbs_shape_selected_chem,apbs_full_signed,UNet3D4LA_best_model_in_terms_of_validation_paper_f1.pth,raw,0.8,top2,2,0.6987951807228916,0.5471698113207547,0.9666666666666667,58,48,2,0.5370370370370371,0.7962962962962963,7.733045776958425,5.561181907757454,0.3951986437442364,0.3951986437442364,0.4891643848745358,141.9814814814815,1.3796296296296295,2,108
,scpdb_apbs_cutoff_fold1_apbs_shape_selected_chem_apbs_full_signed,UNet3D4LA,apbs_shape_selected_chem,apbs_full_signed,UNet3D4LA_best_model_in_terms_of_validation_paper_f1.pth,raw,0.8,top3,3,0.6987951807228916,0.5471698113207547,0.9666666666666667,58,48,2,0.5370370370370371,0.7962962962962963,7.640872188606562,5.446122513252498,0.3956775709473015,0.3956775709473015,0.4891643848745358,141.9814814814815,1.4907407407407407,2,108
,scpdb_apbs_cutoff_fold1_apbs_shape_selected_chem_apbs_full_signed,UNet3D4LA,apbs_shape_selected_chem,apbs_full_signed,UNet3D4LA_best_model_in_terms_of_validation_paper_f1.pth,raw,0.8,top_n_plus_2,3,0.6987951807228916,0.5471698113207547,0.9666666666666667,58,48,2,0.5370370370370371,0.7962962962962963,7.640872188606562,5.446122513252498,0.3956775709473015,0.3956775709473015,0.4891643848745358,141.9814814814815,1.4907407407407407,2,108
,scpdb_apbs_cutoff_fold1_apbs_shape_selected_chem_apbs_full_signed,UNet3D4LA,apbs_shape_selected_chem,apbs_full_signed,UNet3D4LA_best_model_in_terms_of_validation_paper_f1.pth,raw,0.9,top1,1,0.6909090909090908,0.5377358490566038,0.9661016949152542,57,49,2,0.5277777777777778,0.7592592592592593,9.703814005043023,7.350920876848043,0.36753144511097463,0.36753144511097463,0.48228395144535835,110.07407407407408,0.9814814814814815,2,108
,scpdb_apbs_cutoff_fold1_apbs_shape_selected_chem_apbs_full_signed,UNet3D4LA,apbs_shape_selected_chem,apbs_full_signed,UNet3D4LA_best_model_in_terms_of_validation_paper_f1.pth,raw,0.9,top2,2,0.7218934911242603,0.5754716981132075,0.9682539682539683,61,45,2,0.5648148148148148,0.8240740740740741,7.728359126738747,5.521712904040568,0.38748948467908334,0.38748948467908334,0.47567002928309343,110.07407407407408,1.3796296296296295,2,108
,scpdb_apbs_cutoff_fold1_apbs_shape_selected_chem_apbs_full_signed,UNet3D4LA,apbs_shape_selected_chem,apbs_full_signed,UNet3D4LA_best_model_in_terms_of_validation_paper_f1.pth,raw,0.9,top3,3,0.7218934911242603,0.5754716981132075,0.9682539682539683,61,45,2,0.5648148148148148,0.8240740740740741,7.728359126738747,5.520636489384577,0.38748948467908334,0.38748948467908334,0.47567002928309343,110.07407407407408,1.4722222222222223,2,108
,scpdb_apbs_cutoff_fold1_apbs_shape_selected_chem_apbs_full_signed,UNet3D4LA,apbs_shape_selected_chem,apbs_full_signed,UNet3D4LA_best_model_in_terms_of_validation_paper_f1.pth,raw,0.9,top_n_plus_2,3,0.7218934911242603,0.5754716981132075,0.9682539682539683,61,45,2,0.5648148148148148,0.8240740740740741,7.728359126738747,5.520636489384577,0.38748948467908334,0.38748948467908334,0.47567002928309343,110.07407407407408,1.4722222222222223,2,108
,scpdb_apbs_cutoff_fold1_apbs_shape_selected_chem_apbs_full_signed,UNetPlusPlus3D,apbs_shape_selected_chem,apbs_full_signed,UNetPlusPlus3D_best_model_in_terms_of_validation_paper_f1.pth,raw,0.05,top1,1,0.6748466257668712,0.5238095238095238,0.9482758620689655,55,50,3,0.5092592592592593,0.7407407407407407,11.604475061920494,9.260636272442415,0.3927025040184147,0.3927025040184147,0.5378715660288581,149.60185185185185,0.9722222222222222,3,108
,scpdb_apbs_cutoff_fold1_apbs_shape_selected_chem_apbs_full_signed,UNetPlusPlus3D,apbs_shape_selected_chem,apbs_full_signed,UNetPlusPlus3D_best_model_in_terms_of_validation_paper_f1.pth,raw,0.05,top2,2,0.6829268292682926,0.5333333333333333,0.9491525423728814,56,49,3,0.5185185185185185,0.7777777777777778,9.815638946973536,7.513036799295924,0.40816631869639114,0.40816631869639114,0.5382667166354856,149.60185185185185,1.3148148148148149,3,108
,scpdb_apbs_cutoff_fold1_apbs_shape_selected_chem_apbs_full_signed,UNetPlusPlus3D,apbs_shape_selected_chem,apbs_full_signed,UNetPlusPlus3D_best_model_in_terms_of_validation_paper_f1.pth,raw,0.05,top3,3,0.6829268292682926,0.5333333333333333,0.9491525423728814,56,49,3,0.5185185185185185,0.7777777777777778,9.521752747054903,7.210183828708754,0.40816631869639114,0.40816631869639114,0.5382667166354856,149.60185185185185,1.3981481481481481,3,108
,scpdb_apbs_cutoff_fold1_apbs_shape_selected_chem_apbs_full_signed,UNetPlusPlus3D,apbs_shape_selected_chem,apbs_full_signed,UNetPlusPlus3D_best_model_in_terms_of_validation_paper_f1.pth,raw,0.05,top_n_plus_2,3,0.6829268292682926,0.5333333333333333,0.9491525423728814,56,49,3,0.5185185185185185,0.7777777777777778,9.521752747054903,7.210183828708754,0.40816631869639114,0.40816631869639114,0.5382667166354856,149.60185185185185,1.3981481481481481,3,108
,scpdb_apbs_cutoff_fold1_apbs_shape_selected_chem_apbs_full_signed,UNetPlusPlus3D,apbs_shape_selected_chem,apbs_full_signed,UNetPlusPlus3D_best_model_in_terms_of_validation_paper_f1.pth,raw,0.1,top1,1,0.6829268292682926,0.5333333333333333,0.9491525423728814,56,49,3,0.5185185185185185,0.7407407407407407,11.596089919856013,9.266375275001836,0.3957966909780859,0.3957966909780859,0.5428874251658657,137.9814814814815,0.9722222222222222,3,108
,scpdb_apbs_cutoff_fold1_apbs_shape_selected_chem_apbs_full_signed,UNetPlusPlus3D,apbs_shape_selected_chem,apbs_full_signed,UNetPlusPlus3D_best_model_in_terms_of_validation_paper_f1.pth,raw,0.1,top2,2,0.6909090909090908,0.5428571428571428,0.95,57,48,3,0.5277777777777778,0.7777777777777778,9.82926427222587,7.537263956094144,0.41037324415221715,0.41037324415221715,0.5436387735965398,137.9814814814815,1.3055555555555556,3,108
,scpdb_apbs_cutoff_fold1_apbs_shape_selected_chem_apbs_full_signed,UNetPlusPlus3D,apbs_shape_selected_chem,apbs_full_signed,UNetPlusPlus3D_best_model_in_terms_of_validation_paper_f1.pth,raw,0.1,top3,3,0.6909090909090908,0.5428571428571428,0.95,57,48,3,0.5277777777777778,0.7777777777777778,9.743786354213867,7.456507341558042,0.41037324415221715,0.41004255632152936,0.5436387735965398,137.9814814814815,1.3611111111111112,3,108
,scpdb_apbs_cutoff_fold1_apbs_shape_selected_chem_apbs_full_signed,UNetPlusPlus3D,apbs_shape_selected_chem,apbs_full_signed,UNetPlusPlus3D_best_model_in_terms_of_validation_paper_f1.pth,raw,0.1,top_n_plus_2,3,0.6909090909090908,0.5428571428571428,0.95,57,48,3,0.5277777777777778,0.7777777777777778,9.743786354213867,7.456507341558042,0.41037324415221715,0.41004255632152936,0.5436387735965398,137.9814814814815,1.3611111111111112,3,108
,scpdb_apbs_cutoff_fold1_apbs_shape_selected_chem_apbs_full_signed,UNetPlusPlus3D,apbs_shape_selected_chem,apbs_full_signed,UNetPlusPlus3D_best_model_in_terms_of_validation_paper_f1.pth,raw,0.2,top1,1,0.6829268292682926,0.5384615384615384,0.9333333333333333,56,48,4,0.5185185185185185,0.75,12.570397672849927,10.300372725947012,0.3977636557301088,0.3977636557301088,0.5486341398880927,126.42592592592592,0.9629629629629629,4,108
,scpdb_apbs_cutoff_fold1_apbs_shape_selected_chem_apbs_full_signed,UNetPlusPlus3D,apbs_shape_selected_chem,apbs_full_signed,UNetPlusPlus3D_best_model_in_terms_of_validation_paper_f1.pth,raw,0.2,top2,2,0.6909090909090909,0.5480769230769231,0.9344262295081968,57,47,4,0.5277777777777778,0.7777777777777778,11.157688743346798,8.926825152172311,0.4110008742316442,0.4110008742316442,0.5486708152879711,126.42592592592592,1.2685185185185186,4,108
,scpdb_apbs_cutoff_fold1_apbs_shape_selected_chem_apbs_full_signed,UNetPlusPlus3D,apbs_shape_selected_chem,apbs_full_signed,UNetPlusPlus3D_best_model_in_terms_of_validation_paper_f1.pth,raw,0.2,top3,3,0.6909090909090909,0.5480769230769231,0.9344262295081968,57,47,4,0.5277777777777778,0.7777777777777778,11.14330287231977,8.901967932356323,0.4110008742316442,0.4110008742316442,0.5486708152879711,126.42592592592592,1.2962962962962963,4,108
,scpdb_apbs_cutoff_fold1_apbs_shape_selected_chem_apbs_full_signed,UNetPlusPlus3D,apbs_shape_selected_chem,apbs_full_signed,UNetPlusPlus3D_best_model_in_terms_of_validation_paper_f1.pth,raw,0.2,top_n_plus_2,3,0.6909090909090909,0.5480769230769231,0.9344262295081968,57,47,4,0.5277777777777778,0.7777777777777778,11.14330287231977,8.901967932356323,0.4110008742316442,0.4110008742316442,0.5486708152879711,126.42592592592592,1.2962962962962963,4,108
,scpdb_apbs_cutoff_fold1_apbs_shape_selected_chem_apbs_full_signed,UNetPlusPlus3D,apbs_shape_selected_chem,apbs_full_signed,UNetPlusPlus3D_best_model_in_terms_of_validation_paper_f1.pth,raw,0.3,top1,1,0.6909090909090909,0.5480769230769231,0.9344262295081968,57,47,4,0.5277777777777778,0.75,12.568443552404624,10.29242186181037,0.39883028143507765,0.39883028143507765,0.5503573647709592,119.77777777777777,0.9629629629629629,4,108
,scpdb_apbs_cutoff_fold1_apbs_shape_selected_chem_apbs_full_signed,UNetPlusPlus3D,apbs_shape_selected_chem,apbs_full_signed,UNetPlusPlus3D_best_model_in_terms_of_validation_paper_f1.pth,raw,0.3,top2,2,0.6987951807228916,0.5576923076923077,0.9354838709677419,58,46,4,0.5370370370370371,0.7870370370370371,11.346180311914285,9.096462445070431,0.4116133084465673,0.4116133084465673,0.5503898034123245,119.77777777777777,1.25,4,108
,scpdb_apbs_cutoff_fold1_apbs_shape_selected_chem_apbs_full_signed,UNetPlusPlus3D,apbs_shape_selected_chem,apbs_full_signed,UNetPlusPlus3D_best_model_in_terms_of_validation_paper_f1.pth,raw,0.3,top3,3,0.6987951807228916,0.5576923076923077,0.9354838709677419,58,46,4,0.5370370370370371,0.7870370370370371,11.33357104730931,9.073584779072183,0.4116133084465673,0.4116133084465673,0.5503898034123245,119.77777777777777,1.2777777777777777,4,108
,scpdb_apbs_cutoff_fold1_apbs_shape_selected_chem_apbs_full_signed,UNetPlusPlus3D,apbs_shape_selected_chem,apbs_full_signed,UNetPlusPlus3D_best_model_in_terms_of_validation_paper_f1.pth,raw,0.3,top_n_plus_2,3,0.6987951807228916,0.5576923076923077,0.9354838709677419,58,46,4,0.5370370370370371,0.7870370370370371,11.33357104730931,9.073584779072183,0.4116133084465673,0.4116133084465673,0.5503898034123245,119.77777777777777,1.2777777777777777,4,108
,scpdb_apbs_cutoff_fold1_apbs_shape_selected_chem_apbs_full_signed,UNetPlusPlus3D,apbs_shape_selected_chem,apbs_full_signed,UNetPlusPlus3D_best_model_in_terms_of_validation_paper_f1.pth,raw,0.35,top1,1,0.6909090909090909,0.5480769230769231,0.9344262295081968,57,47,4,0.5277777777777778,0.75,12.566992088766803,10.2886356633451,0.39882158277488505,0.39882158277488505,0.5504075572483849,117.03703703703704,0.9629629629629629,4,108
,scpdb_apbs_cutoff_fold1_apbs_shape_selected_chem_apbs_full_signed,UNetPlusPlus3D,apbs_shape_selected_chem,apbs_full_signed,UNetPlusPlus3D_best_model_in_terms_of_validation_paper_f1.pth,raw,0.35,top2,2,0.6987951807228916,0.5576923076923077,0.9354838709677419,58,46,4,0.5370370370370371,0.7870370370370371,11.333977645016933,9.084400486686564,0.4111905406379436,0.4111905406379436,0.5504391305022084,117.03703703703704,1.25,4,108
,scpdb_apbs_cutoff_fold1_apbs_shape_selected_chem_apbs_full_signed,UNetPlusPlus3D,apbs_shape_selected_chem,apbs_full_signed,UNetPlusPlus3D_best_model_in_terms_of_validation_paper_f1.pth,raw,0.35,top3,3,0.6987951807228916,0.5576923076923077,0.9354838709677419,58,46,4,0.5370370370370371,0.7870370370370371,11.322240778556253,9.062272251661964,0.4111905406379436,0.4111905406379436,0.5504391305022084,117.03703703703704,1.2777777777777777,4,108
,scpdb_apbs_cutoff_fold1_apbs_shape_selected_chem_apbs_full_signed,UNetPlusPlus3D,apbs_shape_selected_chem,apbs_full_signed,UNetPlusPlus3D_best_model_in_terms_of_validation_paper_f1.pth,raw,0.35,top_n_plus_2,3,0.6987951807228916,0.5576923076923077,0.9354838709677419,58,46,4,0.5370370370370371,0.7870370370370371,11.322240778556253,9.062272251661964,0.4111905406379436,0.4111905406379436,0.5504391305022084,117.03703703703704,1.2777777777777777,4,108
,scpdb_apbs_cutoff_fold1_apbs_shape_selected_chem_apbs_full_signed,UNetPlusPlus3D,apbs_shape_selected_chem,apbs_full_signed,UNetPlusPlus3D_best_model_in_terms_of_validation_paper_f1.pth,raw,0.4,top1,1,0.6987951807228916,0.5576923076923077,0.9354838709677419,58,46,4,0.5370370370370371,0.7592592592592593,12.575384184215677,10.289094584019837,0.39893230266805507,0.39893230266805507,0.551272697820969,114.58333333333333,0.9629629629629629,4,108
,scpdb_apbs_cutoff_fold1_apbs_shape_selected_chem_apbs_full_signed,UNetPlusPlus3D,apbs_shape_selected_chem,apbs_full_signed,UNetPlusPlus3D_best_model_in_terms_of_validation_paper_f1.pth,raw,0.4,top2,2,0.7065868263473054,0.5673076923076923,0.9365079365079365,59,45,4,0.5462962962962963,0.7962962962962963,11.337957842394175,9.07694877763618,0.41124790095228586,0.41124790095228586,0.5512890725353619,114.58333333333333,1.2314814814814814,4,108
,scpdb_apbs_cutoff_fold1_apbs_shape_selected_chem_apbs_full_signed,UNetPlusPlus3D,apbs_shape_selected_chem,apbs_full_signed,UNetPlusPlus3D_best_model_in_terms_of_validation_paper_f1.pth,raw,0.4,top3,3,0.7065868263473054,0.5673076923076923,0.9365079365079365,59,45,4,0.5462962962962963,0.7962962962962963,11.325348968144304,9.05391572053724,0.41124790095228586,0.41124790095228586,0.5512890725353619,114.58333333333333,1.2592592592592593,4,108
,scpdb_apbs_cutoff_fold1_apbs_shape_selected_chem_apbs_full_signed,UNetPlusPlus3D,apbs_shape_selected_chem,apbs_full_signed,UNetPlusPlus3D_best_model_in_terms_of_validation_paper_f1.pth,raw,0.4,top_n_plus_2,3,0.7065868263473054,0.5673076923076923,0.9365079365079365,59,45,4,0.5462962962962963,0.7962962962962963,11.325348968144304,9.05391572053724,0.41124790095228586,0.41124790095228586,0.5512890725353619,114.58333333333333,1.2592592592592593,4,108
,scpdb_apbs_cutoff_fold1_apbs_shape_selected_chem_apbs_full_signed,UNetPlusPlus3D,apbs_shape_selected_chem,apbs_full_signed,UNetPlusPlus3D_best_model_in_terms_of_validation_paper_f1.pth,raw,0.45,top1,1,0.6909090909090909,0.5480769230769231,0.9344262295081968,57,47,4,0.5277777777777778,0.7592592592592593,12.588234037105511,10.290231159144193,0.39739374204094496,0.39739374204094496,0.5516404506346841,112.24074074074075,0.9629629629629629,4,108
,scpdb_apbs_cutoff_fold1_apbs_shape_selected_chem_apbs_full_signed,UNetPlusPlus3D,apbs_shape_selected_chem,apbs_full_signed,UNetPlusPlus3D_best_model_in_terms_of_validation_paper_f1.pth,raw,0.45,top2,2,0.6987951807228916,0.5576923076923077,0.9354838709677419,58,46,4,0.5370370370370371,0.7962962962962963,11.360179825086435,9.092946922589407,0.40953599088613013,0.40953599088613013,0.5517950301169492,112.24074074074075,1.212962962962963,4,108
,scpdb_apbs_cutoff_fold1_apbs_shape_selected_chem_apbs_full_signed,UNetPlusPlus3D,apbs_shape_selected_chem,apbs_full_signed,UNetPlusPlus3D_best_model_in_terms_of_validation_paper_f1.pth,raw,0.45,top3,3,0.6987951807228916,0.5576923076923077,0.9354838709677419,58,46,4,0.5370370370370371,0.7962962962962963,11.360179825086435,9.092946922589407,0.40953599088613013,0.40953599088613013,0.5517950301169492,112.24074074074075,1.2407407407407407,4,108
,scpdb_apbs_cutoff_fold1_apbs_shape_selected_chem_apbs_full_signed,UNetPlusPlus3D,apbs_shape_selected_chem,apbs_full_signed,UNetPlusPlus3D_best_model_in_terms_of_validation_paper_f1.pth,raw,0.45,top_n_plus_2,3,0.6987951807228916,0.5576923076923077,0.9354838709677419,58,46,4,0.5370370370370371,0.7962962962962963,11.360179825086435,9.092946922589407,0.40953599088613013,0.40953599088613013,0.5517950301169492,112.24074074074075,1.2407407407407407,4,108
,scpdb_apbs_cutoff_fold1_apbs_shape_selected_chem_apbs_full_signed,UNetPlusPlus3D,apbs_shape_selected_chem,apbs_full_signed,UNetPlusPlus3D_best_model_in_terms_of_validation_paper_f1.pth,raw,0.5,top1,1,0.6829268292682927,0.5436893203883495,0.9180327868852459,56,47,5,0.5185185185185185,0.7592592592592593,13.330384292330374,11.052895865159316,0.39560092884817144,0.39560092884817144,0.550097798654112,109.9074074074074,0.9537037037037037,5,108
,scpdb_apbs_cutoff_fold1_apbs_shape_selected_chem_apbs_full_signed,UNetPlusPlus3D,apbs_shape_selected_chem,apbs_full_signed,UNetPlusPlus3D_best_model_in_terms_of_validation_paper_f1.pth,raw,0.5,top2,2,0.6909090909090909,0.5533980582524272,0.9193548387096774,57,46,5,0.5277777777777778,0.7962962962962963,12.100787029505785,9.85136535041114,0.4077565786629552,0.4077565786629552,0.5502821541269532,109.9074074074074,1.1851851851851851,5,108
,scpdb_apbs_cutoff_fold1_apbs_shape_selected_chem_apbs_full_signed,UNetPlusPlus3D,apbs_shape_selected_chem,apbs_full_signed,UNetPlusPlus3D_best_model_in_terms_of_validation_paper_f1.pth,raw,0.5,top3,3,0.6909090909090909,0.5533980582524272,0.9193548387096774,57,46,5,0.5277777777777778,0.7962962962962963,12.100787029505785,9.85136535041114,0.4077565786629552,0.4077565786629552,0.5502821541269532,109.9074074074074,1.212962962962963,5,108
,scpdb_apbs_cutoff_fold1_apbs_shape_selected_chem_apbs_full_signed,UNetPlusPlus3D,apbs_shape_selected_chem,apbs_full_signed,UNetPlusPlus3D_best_model_in_terms_of_validation_paper_f1.pth,raw,0.5,top_n_plus_2,3,0.6909090909090909,0.5533980582524272,0.9193548387096774,57,46,5,0.5277777777777778,0.7962962962962963,12.100787029505785,9.85136535041114,0.4077565786629552,0.4077565786629552,0.5502821541269532,109.9074074074074,1.212962962962963,5,108
,scpdb_apbs_cutoff_fold1_apbs_shape_selected_chem_apbs_full_signed,UNetPlusPlus3D,apbs_shape_selected_chem,apbs_full_signed,UNetPlusPlus3D_best_model_in_terms_of_validation_paper_f1.pth,raw,0.55,top1,1,0.6748466257668712,0.5339805825242718,0.9166666666666666,55,48,5,0.5092592592592593,0.75,13.618734622237177,11.31068792700412,0.3904623895620872,0.3904623895620872,0.5465843216310156,107.79629629629629,0.9537037037037037,5,108
,scpdb_apbs_cutoff_fold1_apbs_shape_selected_chem_apbs_full_signed,UNetPlusPlus3D,apbs_shape_selected_chem,apbs_full_signed,UNetPlusPlus3D_best_model_in_terms_of_validation_paper_f1.pth,raw,0.55,top2,2,0.6909090909090909,0.5533980582524272,0.9193548387096774,57,46,5,0.5277777777777778,0.7962962962962963,12.097242433456707,9.851504258811257,0.4066613350030759,0.4066613350030759,0.5449992381797485,107.79629629629629,1.1851851851851851,5,108
,scpdb_apbs_cutoff_fold1_apbs_shape_selected_chem_apbs_full_signed,UNetPlusPlus3D,apbs_shape_selected_chem,apbs_full_signed,UNetPlusPlus3D_best_model_in_terms_of_validation_paper_f1.pth,raw,0.55,top3,3,0.6909090909090909,0.5533980582524272,0.9193548387096774,57,46,5,0.5277777777777778,0.7962962962962963,12.097242433456707,9.851504258811257,0.4066613350030759,0.4066613350030759,0.5449992381797485,107.79629629629629,1.212962962962963,5,108
,scpdb_apbs_cutoff_fold1_apbs_shape_selected_chem_apbs_full_signed,UNetPlusPlus3D,apbs_shape_selected_chem,apbs_full_signed,UNetPlusPlus3D_best_model_in_terms_of_validation_paper_f1.pth,raw,0.55,top_n_plus_2,3,0.6909090909090909,0.5533980582524272,0.9193548387096774,57,46,5,0.5277777777777778,0.7962962962962963,12.097242433456707,9.851504258811257,0.4066613350030759,0.4066613350030759,0.5449992381797485,107.79629629629629,1.212962962962963,5,108
,scpdb_apbs_cutoff_fold1_apbs_shape_selected_chem_apbs_full_signed,UNetPlusPlus3D,apbs_shape_selected_chem,apbs_full_signed,UNetPlusPlus3D_best_model_in_terms_of_validation_paper_f1.pth,raw,0.6,top1,1,0.6829268292682927,0.5436893203883495,0.9180327868852459,56,47,5,0.5185185185185185,0.75,13.614870690451873,11.308727496434027,0.3903965314371621,0.3903965314371621,0.543830076919367,105.25,0.9537037037037037,5,108
,scpdb_apbs_cutoff_fold1_apbs_shape_selected_chem_apbs_full_signed,UNetPlusPlus3D,apbs_shape_selected_chem,apbs_full_signed,UNetPlusPlus3D_best_model_in_terms_of_validation_paper_f1.pth,raw,0.6,top2,2,0.6987951807228914,0.5631067961165048,0.9206349206349206,58,45,5,0.5370370370370371,0.7962962962962963,12.090655456221464,9.848712839913723,0.40644226851256876,0.40644226851256876,0.5422942043610189,105.25,1.1851851851851851,5,108
,scpdb_apbs_cutoff_fold1_apbs_shape_selected_chem_apbs_full_signed,UNetPlusPlus3D,apbs_shape_selected_chem,apbs_full_signed,UNetPlusPlus3D_best_model_in_terms_of_validation_paper_f1.pth,raw,0.6,top3,3,0.6987951807228914,0.5631067961165048,0.9206349206349206,58,45,5,0.5370370370370371,0.7962962962962963,12.090655456221464,9.848712839913723,0.40644226851256876,0.40644226851256876,0.5422942043610189,105.25,1.212962962962963,5,108
,scpdb_apbs_cutoff_fold1_apbs_shape_selected_chem_apbs_full_signed,UNetPlusPlus3D,apbs_shape_selected_chem,apbs_full_signed,UNetPlusPlus3D_best_model_in_terms_of_validation_paper_f1.pth,raw,0.6,top_n_plus_2,3,0.6987951807228914,0.5631067961165048,0.9206349206349206,58,45,5,0.5370370370370371,0.7962962962962963,12.090655456221464,9.848712839913723,0.40644226851256876,0.40644226851256876,0.5422942043610189,105.25,1.212962962962963,5,108
,scpdb_apbs_cutoff_fold1_apbs_shape_selected_chem_apbs_full_signed,UNetPlusPlus3D,apbs_shape_selected_chem,apbs_full_signed,UNetPlusPlus3D_best_model_in_terms_of_validation_paper_f1.pth,raw,0.7,top1,1,0.6583850931677019,0.5145631067961165,0.9137931034482759,53,50,5,0.49074074074074076,0.75,13.619474408589122,11.304144574801736,0.3861975939901334,0.3861975939901334,0.5394574915177567,99.91666666666667,0.9537037037037037,5,108
,scpdb_apbs_cutoff_fold1_apbs_shape_selected_chem_apbs_full_signed,UNetPlusPlus3D,apbs_shape_selected_chem,apbs_full_signed,UNetPlusPlus3D_best_model_in_terms_of_validation_paper_f1.pth,raw,0.7,top2,2,0.6748466257668712,0.5339805825242718,0.9166666666666666,55,48,5,0.5092592592592593,0.7870370370370371,12.253886245461167,10.021826340735059,0.40107128457705654,0.40107128457705654,0.5373237198204299,99.91666666666667,1.1666666666666667,5,108
,scpdb_apbs_cutoff_fold1_apbs_shape_selected_chem_apbs_full_signed,UNetPlusPlus3D,apbs_shape_selected_chem,apbs_full_signed,UNetPlusPlus3D_best_model_in_terms_of_validation_paper_f1.pth,raw,0.7,top3,3,0.6748466257668712,0.5339805825242718,0.9166666666666666,55,48,5,0.5092592592592593,0.7870370370370371,12.253886245461167,10.021826340735059,0.40107128457705654,0.40107128457705654,0.5373237198204299,99.91666666666667,1.1944444444444444,5,108
,scpdb_apbs_cutoff_fold1_apbs_shape_selected_chem_apbs_full_signed,UNetPlusPlus3D,apbs_shape_selected_chem,apbs_full_signed,UNetPlusPlus3D_best_model_in_terms_of_validation_paper_f1.pth,raw,0.7,top_n_plus_2,3,0.6748466257668712,0.5339805825242718,0.9166666666666666,55,48,5,0.5092592592592593,0.7870370370370371,12.253886245461167,10.021826340735059,0.40107128457705654,0.40107128457705654,0.5373237198204299,99.91666666666667,1.1944444444444444,5,108
,scpdb_apbs_cutoff_fold1_apbs_shape_selected_chem_apbs_full_signed,UNetPlusPlus3D,apbs_shape_selected_chem,apbs_full_signed,UNetPlusPlus3D_best_model_in_terms_of_validation_paper_f1.pth,raw,0.8,top1,1,0.6583850931677019,0.5145631067961165,0.9137931034482759,53,50,5,0.49074074074074076,0.75,13.632023015542995,11.3204717906434,0.3843591369356498,0.3843591369356498,0.5363914071755682,93.56481481481481,0.9537037037037037,5,108
,scpdb_apbs_cutoff_fold1_apbs_shape_selected_chem_apbs_full_signed,UNetPlusPlus3D,apbs_shape_selected_chem,apbs_full_signed,UNetPlusPlus3D_best_model_in_terms_of_validation_paper_f1.pth,raw,0.8,top2,2,0.6748466257668712,0.5339805825242718,0.9166666666666666,55,48,5,0.5092592592592593,0.7870370370370371,12.257890630630413,10.041669878329015,0.3982646872453768,0.3982646872453768,0.5342647114451898,93.56481481481481,1.1574074074074074,5,108
,scpdb_apbs_cutoff_fold1_apbs_shape_selected_chem_apbs_full_signed,UNetPlusPlus3D,apbs_shape_selected_chem,apbs_full_signed,UNetPlusPlus3D_best_model_in_terms_of_validation_paper_f1.pth,raw,0.8,top3,3,0.6748466257668712,0.5339805825242718,0.9166666666666666,55,48,5,0.5092592592592593,0.7870370370370371,12.257890630630413,10.041669878329015,0.3982646872453768,0.3982646872453768,0.5342647114451898,93.56481481481481,1.1759259259259258,5,108
,scpdb_apbs_cutoff_fold1_apbs_shape_selected_chem_apbs_full_signed,UNetPlusPlus3D,apbs_shape_selected_chem,apbs_full_signed,UNetPlusPlus3D_best_model_in_terms_of_validation_paper_f1.pth,raw,0.8,top_n_plus_2,3,0.6748466257668712,0.5339805825242718,0.9166666666666666,55,48,5,0.5092592592592593,0.7870370370370371,12.257890630630413,10.041669878329015,0.3982646872453768,0.3982646872453768,0.5342647114451898,93.56481481481481,1.1759259259259258,5,108
,scpdb_apbs_cutoff_fold1_apbs_shape_selected_chem_apbs_full_signed,UNetPlusPlus3D,apbs_shape_selected_chem,apbs_full_signed,UNetPlusPlus3D_best_model_in_terms_of_validation_paper_f1.pth,raw,0.9,top1,1,0.6748466257668712,0.55,0.873015873015873,55,45,8,0.5092592592592593,0.7592592592592593,16.088879333613438,13.819416131478874,0.3778122046342485,0.3778122046342485,0.5237735888392269,84.71296296296296,0.9259259259259259,8,108
,scpdb_apbs_cutoff_fold1_apbs_shape_selected_chem_apbs_full_signed,UNetPlusPlus3D,apbs_shape_selected_chem,apbs_full_signed,UNetPlusPlus3D_best_model_in_terms_of_validation_paper_f1.pth,raw,0.9,top2,2,0.6909090909090909,0.57,0.8769230769230769,57,43,8,0.5277777777777778,0.7870370370370371,15.113970089820203,12.890502135130793,0.3900491703596876,0.3900491703596876,0.5205535753006385,84.71296296296296,1.0925925925925926,8,108
,scpdb_apbs_cutoff_fold1_apbs_shape_selected_chem_apbs_full_signed,UNetPlusPlus3D,apbs_shape_selected_chem,apbs_full_signed,UNetPlusPlus3D_best_model_in_terms_of_validation_paper_f1.pth,raw,0.9,top3,3,0.6909090909090909,0.57,0.8769230769230769,57,43,8,0.5277777777777778,0.7870370370370371,15.113970089820203,12.890502135130793,0.3900491703596876,0.3900491703596876,0.5205535753006385,84.71296296296296,1.1111111111111112,8,108
,scpdb_apbs_cutoff_fold1_apbs_shape_selected_chem_apbs_full_signed,UNetPlusPlus3D,apbs_shape_selected_chem,apbs_full_signed,UNetPlusPlus3D_best_model_in_terms_of_validation_paper_f1.pth,raw,0.9,top_n_plus_2,3,0.6909090909090909,0.57,0.8769230769230769,57,43,8,0.5277777777777778,0.7870370370370371,15.113970089820203,12.890502135130793,0.3900491703596876,0.3900491703596876,0.5205535753006385,84.71296296296296,1.1111111111111112,8,108
,scpdb_apbs_cutoff_fold1_apbs_shape_selected_chem_apbs_posneg_clip20,CBAMUNet3D,apbs_shape_selected_chem,apbs_posneg_clip20,CBAMUNet3D_best_model_in_terms_of_validation_paper_f1.pth,raw,0.05,top1,1,0.6583850931677018,0.5096153846153846,0.9298245614035088,53,51,4,0.49074074074074076,0.6574074074074074,13.844612837721035,11.564285280197543,0.3563900063089131,0.3563900063089131,0.5027415627054393,158.9814814814815,0.9629629629629629,4,108
,scpdb_apbs_cutoff_fold1_apbs_shape_selected_chem_apbs_posneg_clip20,CBAMUNet3D,apbs_shape_selected_chem,apbs_posneg_clip20,CBAMUNet3D_best_model_in_terms_of_validation_paper_f1.pth,raw,0.05,top2,2,0.6987951807228916,0.5576923076923077,0.9354838709677419,58,46,4,0.5370370370370371,0.7407407407407407,10.231265883968671,8.049932185768366,0.3828887203238168,0.3828887203238168,0.48716011416233723,158.9814814814815,1.2777777777777777,4,108
,scpdb_apbs_cutoff_fold1_apbs_shape_selected_chem_apbs_posneg_clip20,CBAMUNet3D,apbs_shape_selected_chem,apbs_posneg_clip20,CBAMUNet3D_best_model_in_terms_of_validation_paper_f1.pth,raw,0.05,top3,3,0.6987951807228916,0.5576923076923077,0.9354838709677419,58,46,4,0.5370370370370371,0.7407407407407407,10.231265883968671,8.049932185768366,0.3828887203238168,0.3828887203238168,0.48716011416233723,158.9814814814815,1.3518518518518519,4,108
,scpdb_apbs_cutoff_fold1_apbs_shape_selected_chem_apbs_posneg_clip20,CBAMUNet3D,apbs_shape_selected_chem,apbs_posneg_clip20,CBAMUNet3D_best_model_in_terms_of_validation_paper_f1.pth,raw,0.05,top_n_plus_2,3,0.6987951807228916,0.5576923076923077,0.9354838709677419,58,46,4,0.5370370370370371,0.7407407407407407,10.231265883968671,8.049932185768366,0.3828887203238168,0.3828887203238168,0.48716011416233723,158.9814814814815,1.3518518518518519,4,108
,scpdb_apbs_cutoff_fold1_apbs_shape_selected_chem_apbs_posneg_clip20,CBAMUNet3D,apbs_shape_selected_chem,apbs_posneg_clip20,CBAMUNet3D_best_model_in_terms_of_validation_paper_f1.pth,raw,0.1,top1,1,0.6583850931677018,0.5096153846153846,0.9298245614035088,53,51,4,0.49074074074074076,0.6666666666666666,14.007644584126771,11.749205646581864,0.35663734246919643,0.35663734246919643,0.5106266869428272,145.61111111111111,0.9629629629629629,4,108
,scpdb_apbs_cutoff_fold1_apbs_shape_selected_chem_apbs_posneg_clip20,CBAMUNet3D,apbs_shape_selected_chem,apbs_posneg_clip20,CBAMUNet3D_best_model_in_terms_of_validation_paper_f1.pth,raw,0.1,top2,2,0.6987951807228916,0.5576923076923077,0.9354838709677419,58,46,4,0.5370370370370371,0.7592592592592593,10.420524075844682,8.257092354923767,0.38859146010284074,0.38859146010284074,0.4906567039283493,145.61111111111111,1.2592592592592593,4,108
,scpdb_apbs_cutoff_fold1_apbs_shape_selected_chem_apbs_posneg_clip20,CBAMUNet3D,apbs_shape_selected_chem,apbs_posneg_clip20,CBAMUNet3D_best_model_in_terms_of_validation_paper_f1.pth,raw,0.1,top3,3,0.6987951807228916,0.5576923076923077,0.9354838709677419,58,46,4,0.5370370370370371,0.7592592592592593,10.420524075844682,8.257092354923767,0.38859146010284074,0.38859146010284074,0.4906567039283493,145.61111111111111,1.3333333333333333,4,108
,scpdb_apbs_cutoff_fold1_apbs_shape_selected_chem_apbs_posneg_clip20,CBAMUNet3D,apbs_shape_selected_chem,apbs_posneg_clip20,CBAMUNet3D_best_model_in_terms_of_validation_paper_f1.pth,raw,0.1,top_n_plus_2,3,0.6987951807228916,0.5576923076923077,0.9354838709677419,58,46,4,0.5370370370370371,0.7592592592592593,10.420524075844682,8.257092354923767,0.38859146010284074,0.38859146010284074,0.4906567039283493,145.61111111111111,1.3333333333333333,4,108
,scpdb_apbs_cutoff_fold1_apbs_shape_selected_chem_apbs_posneg_clip20,CBAMUNet3D,apbs_shape_selected_chem,apbs_posneg_clip20,CBAMUNet3D_best_model_in_terms_of_validation_paper_f1.pth,raw,0.2,top1,1,0.6583850931677018,0.5096153846153846,0.9298245614035088,53,51,4,0.49074074074074076,0.6666666666666666,14.022734508222825,11.777029790943308,0.3577353823034477,0.3577353823034477,0.5135915670691794,133.13888888888889,0.9629629629629629,4,108
,scpdb_apbs_cutoff_fold1_apbs_shape_selected_chem_apbs_posneg_clip20,CBAMUNet3D,apbs_shape_selected_chem,apbs_posneg_clip20,CBAMUNet3D_best_model_in_terms_of_validation_paper_f1.pth,raw,0.2,top2,2,0.674846625766871,0.5288461538461539,0.9322033898305084,55,49,4,0.5092592592592593,0.7407407407407407,11.12467247667329,8.924375565975119,0.38683996131142273,0.38683996131142273,0.5088082465918564,133.13888888888889,1.2592592592592593,4,108
,scpdb_apbs_cutoff_fold1_apbs_shape_selected_chem_apbs_posneg_clip20,CBAMUNet3D,apbs_shape_selected_chem,apbs_posneg_clip20,CBAMUNet3D_best_model_in_terms_of_validation_paper_f1.pth,raw,0.2,top3,3,0.674846625766871,0.5288461538461539,0.9322033898305084,55,49,4,0.5092592592592593,0.7407407407407407,11.12467247667329,8.924375565975119,0.38683996131142273,0.38683996131142273,0.5088082465918564,133.13888888888889,1.3333333333333333,4,108
,scpdb_apbs_cutoff_fold1_apbs_shape_selected_chem_apbs_posneg_clip20,CBAMUNet3D,apbs_shape_selected_chem,apbs_posneg_clip20,CBAMUNet3D_best_model_in_terms_of_validation_paper_f1.pth,raw,0.2,top_n_plus_2,3,0.674846625766871,0.5288461538461539,0.9322033898305084,55,49,4,0.5092592592592593,0.7407407407407407,11.12467247667329,8.924375565975119,0.38683996131142273,0.38683996131142273,0.5088082465918564,133.13888888888889,1.3333333333333333,4,108
,scpdb_apbs_cutoff_fold1_apbs_shape_selected_chem_apbs_posneg_clip20,CBAMUNet3D,apbs_shape_selected_chem,apbs_posneg_clip20,CBAMUNet3D_best_model_in_terms_of_validation_paper_f1.pth,raw,0.3,top1,1,0.6666666666666666,0.5192307692307693,0.9310344827586207,54,50,4,0.5,0.6851851851851852,13.961788153515235,11.6843159781629,0.35889616326391904,0.35889616326391904,0.5126639140047662,125.37962962962963,0.9629629629629629,4,108
,scpdb_apbs_cutoff_fold1_apbs_shape_selected_chem_apbs_posneg_clip20,CBAMUNet3D,apbs_shape_selected_chem,apbs_posneg_clip20,CBAMUNet3D_best_model_in_terms_of_validation_paper_f1.pth,raw,0.3,top2,2,0.6909090909090909,0.5480769230769231,0.9344262295081968,57,47,4,0.5277777777777778,0.75,11.07883991835533,8.8528778933293,0.38658274943361753,0.38658274943361753,0.5059203627714062,125.37962962962963,1.2592592592592593,4,108
,scpdb_apbs_cutoff_fold1_apbs_shape_selected_chem_apbs_posneg_clip20,CBAMUNet3D,apbs_shape_selected_chem,apbs_posneg_clip20,CBAMUNet3D_best_model_in_terms_of_validation_paper_f1.pth,raw,0.3,top3,3,0.6909090909090909,0.5480769230769231,0.9344262295081968,57,47,4,0.5277777777777778,0.75,11.07883991835533,8.8528778933293,0.38658274943361753,0.38658274943361753,0.5059203627714062,125.37962962962963,1.3240740740740742,4,108
,scpdb_apbs_cutoff_fold1_apbs_shape_selected_chem_apbs_posneg_clip20,CBAMUNet3D,apbs_shape_selected_chem,apbs_posneg_clip20,CBAMUNet3D_best_model_in_terms_of_validation_paper_f1.pth,raw,0.3,top_n_plus_2,3,0.6909090909090909,0.5480769230769231,0.9344262295081968,57,47,4,0.5277777777777778,0.75,11.07883991835533,8.8528778933293,0.38658274943361753,0.38658274943361753,0.5059203627714062,125.37962962962963,1.3240740740740742,4,108
,scpdb_apbs_cutoff_fold1_apbs_shape_selected_chem_apbs_posneg_clip20,CBAMUNet3D,apbs_shape_selected_chem,apbs_posneg_clip20,CBAMUNet3D_best_model_in_terms_of_validation_paper_f1.pth,raw,0.35,top1,1,0.6666666666666666,0.5192307692307693,0.9310344827586207,54,50,4,0.5,0.6944444444444444,13.946247468313986,11.65031130182738,0.360405106585468,0.360405106585468,0.5155092471365217,122.55555555555556,0.9629629629629629,4,108
,scpdb_apbs_cutoff_fold1_apbs_shape_selected_chem_apbs_posneg_clip20,CBAMUNet3D,apbs_shape_selected_chem,apbs_posneg_clip20,CBAMUNet3D_best_model_in_terms_of_validation_paper_f1.pth,raw,0.35,top2,2,0.6909090909090909,0.5480769230769231,0.9344262295081968,57,47,4,0.5277777777777778,0.7685185185185185,10.988155015237625,8.739892485439038,0.39062628611361405,0.39062628611361405,0.5078278860664294,122.55555555555556,1.2685185185185186,4,108
,scpdb_apbs_cutoff_fold1_apbs_shape_selected_chem_apbs_posneg_clip20,CBAMUNet3D,apbs_shape_selected_chem,apbs_posneg_clip20,CBAMUNet3D_best_model_in_terms_of_validation_paper_f1.pth,raw,0.35,top3,3,0.6909090909090909,0.5480769230769231,0.9344262295081968,57,47,4,0.5277777777777778,0.7685185185185185,10.988155015237625,8.739892485439038,0.39062628611361405,0.39062628611361405,0.5078278860664294,122.55555555555556,1.3240740740740742,4,108
,scpdb_apbs_cutoff_fold1_apbs_shape_selected_chem_apbs_posneg_clip20,CBAMUNet3D,apbs_shape_selected_chem,apbs_posneg_clip20,CBAMUNet3D_best_model_in_terms_of_validation_paper_f1.pth,raw,0.35,top_n_plus_2,3,0.6909090909090909,0.5480769230769231,0.9344262295081968,57,47,4,0.5277777777777778,0.7685185185185185,10.988155015237625,8.739892485439038,0.39062628611361405,0.39062628611361405,0.5078278860664294,122.55555555555556,1.3240740740740742,4,108
,scpdb_apbs_cutoff_fold1_apbs_shape_selected_chem_apbs_posneg_clip20,CBAMUNet3D,apbs_shape_selected_chem,apbs_posneg_clip20,CBAMUNet3D_best_model_in_terms_of_validation_paper_f1.pth,raw,0.4,top1,1,0.65,0.5048543689320388,0.9122807017543859,52,51,5,0.48148148148148145,0.6851851851851852,15.072641110092578,12.766945754041664,0.35837832419528376,0.35837832419528376,0.5221665688722873,119.68518518518519,0.9537037037037037,5,108
,scpdb_apbs_cutoff_fold1_apbs_shape_selected_chem_apbs_posneg_clip20,CBAMUNet3D,apbs_shape_selected_chem,apbs_posneg_clip20,CBAMUNet3D_best_model_in_terms_of_validation_paper_f1.pth,raw,0.4,top2,2,0.6748466257668712,0.5339805825242718,0.9166666666666666,55,48,5,0.5092592592592593,0.7685185185185185,12.107272761179715,9.850066322853285,0.3883167977851549,0.3883167977851549,0.5136679337665064,119.68518518518519,1.2592592592592593,5,108
,scpdb_apbs_cutoff_fold1_apbs_shape_selected_chem_apbs_posneg_clip20,CBAMUNet3D,apbs_shape_selected_chem,apbs_posneg_clip20,CBAMUNet3D_best_model_in_terms_of_validation_paper_f1.pth,raw,0.4,top3,3,0.6748466257668712,0.5339805825242718,0.9166666666666666,55,48,5,0.5092592592592593,0.7685185185185185,12.107272761179715,9.850066322853285,0.3883167977851549,0.3883167977851549,0.5136679337665064,119.68518518518519,1.3148148148148149,5,108
,scpdb_apbs_cutoff_fold1_apbs_shape_selected_chem_apbs_posneg_clip20,CBAMUNet3D,apbs_shape_selected_chem,apbs_posneg_clip20,CBAMUNet3D_best_model_in_terms_of_validation_paper_f1.pth,raw,0.4,top_n_plus_2,3,0.6748466257668712,0.5339805825242718,0.9166666666666666,55,48,5,0.5092592592592593,0.7685185185185185,12.107272761179715,9.850066322853285,0.3883167977851549,0.3883167977851549,0.5136679337665064,119.68518518518519,1.3148148148148149,5,108
,scpdb_apbs_cutoff_fold1_apbs_shape_selected_chem_apbs_posneg_clip20,CBAMUNet3D,apbs_shape_selected_chem,apbs_posneg_clip20,CBAMUNet3D_best_model_in_terms_of_validation_paper_f1.pth,raw,0.45,top1,1,0.6583850931677019,0.5145631067961165,0.9137931034482759,53,50,5,0.49074074074074076,0.6851851851851852,15.075302813656029,12.77950238401754,0.35811353911362304,0.35811353911362304,0.521884512825033,117.04629629629629,0.9537037037037037,5,108
,scpdb_apbs_cutoff_fold1_apbs_shape_selected_chem_apbs_posneg_clip20,CBAMUNet3D,apbs_shape_selected_chem,apbs_posneg_clip20,CBAMUNet3D_best_model_in_terms_of_validation_paper_f1.pth,raw,0.45,top2,2,0.6987951807228914,0.5631067961165048,0.9206349206349206,58,45,5,0.5370370370370371,0.7685185185185185,12.103101124933904,9.849569475097756,0.3871281354190237,0.3871281354190237,0.5035870222387928,117.04629629629629,1.2407407407407407,5,108
,scpdb_apbs_cutoff_fold1_apbs_shape_selected_chem_apbs_posneg_clip20,CBAMUNet3D,apbs_shape_selected_chem,apbs_posneg_clip20,CBAMUNet3D_best_model_in_terms_of_validation_paper_f1.pth,raw,0.45,top3,3,0.6987951807228914,0.5631067961165048,0.9206349206349206,58,45,5,0.5370370370370371,0.7685185185185185,12.103101124933904,9.849569475097756,0.3871281354190237,0.3871281354190237,0.5035870222387928,117.04629629629629,1.2962962962962963,5,108
,scpdb_apbs_cutoff_fold1_apbs_shape_selected_chem_apbs_posneg_clip20,CBAMUNet3D,apbs_shape_selected_chem,apbs_posneg_clip20,CBAMUNet3D_best_model_in_terms_of_validation_paper_f1.pth,raw,0.45,top_n_plus_2,3,0.6987951807228914,0.5631067961165048,0.9206349206349206,58,45,5,0.5370370370370371,0.7685185185185185,12.103101124933904,9.849569475097756,0.3871281354190237,0.3871281354190237,0.5035870222387928,117.04629629629629,1.2962962962962963,5,108
,scpdb_apbs_cutoff_fold1_apbs_shape_selected_chem_apbs_posneg_clip20,CBAMUNet3D,apbs_shape_selected_chem,apbs_posneg_clip20,CBAMUNet3D_best_model_in_terms_of_validation_paper_f1.pth,raw,0.5,top1,1,0.65,0.5048543689320388,0.9122807017543859,52,51,5,0.48148148148148145,0.6944444444444444,14.877816930953834,12.590092685275692,0.3595847992476685,0.3595847992476685,0.5219978235083661,114.5925925925926,0.9537037037037037,5,108
,scpdb_apbs_cutoff_fold1_apbs_shape_selected_chem_apbs_posneg_clip20,CBAMUNet3D,apbs_shape_selected_chem,apbs_posneg_clip20,CBAMUNet3D_best_model_in_terms_of_validation_paper_f1.pth,raw,0.5,top2,2,0.6829268292682927,0.5436893203883495,0.9180327868852459,56,47,5,0.5185185185185185,0.7685185185185185,12.086434180118726,9.845210062948196,0.38659640535450185,0.38659640535450185,0.5078874841012715,114.5925925925926,1.2407407407407407,5,108
,scpdb_apbs_cutoff_fold1_apbs_shape_selected_chem_apbs_posneg_clip20,CBAMUNet3D,apbs_shape_selected_chem,apbs_posneg_clip20,CBAMUNet3D_best_model_in_terms_of_validation_paper_f1.pth,raw,0.5,top3,3,0.6829268292682927,0.5436893203883495,0.9180327868852459,56,47,5,0.5185185185185185,0.7685185185185185,12.086434180118726,9.845210062948196,0.38659640535450185,0.38659640535450185,0.5078874841012715,114.5925925925926,1.287037037037037,5,108
,scpdb_apbs_cutoff_fold1_apbs_shape_selected_chem_apbs_posneg_clip20,CBAMUNet3D,apbs_shape_selected_chem,apbs_posneg_clip20,CBAMUNet3D_best_model_in_terms_of_validation_paper_f1.pth,raw,0.5,top_n_plus_2,3,0.6829268292682927,0.5436893203883495,0.9180327868852459,56,47,5,0.5185185185185185,0.7685185185185185,12.086434180118726,9.845210062948196,0.38659640535450185,0.38659640535450185,0.5078874841012715,114.5925925925926,1.287037037037037,5,108
,scpdb_apbs_cutoff_fold1_apbs_shape_selected_chem_apbs_posneg_clip20,CBAMUNet3D,apbs_shape_selected_chem,apbs_posneg_clip20,CBAMUNet3D_best_model_in_terms_of_validation_paper_f1.pth,raw,0.55,top1,1,0.6415094339622641,0.49514563106796117,0.9107142857142857,51,52,5,0.4722222222222222,0.6944444444444444,14.959979153999756,12.660678026978369,0.3559429897823233,0.3559429897823233,0.5195426681775657,112.08333333333333,0.9537037037037037,5,108
,scpdb_apbs_cutoff_fold1_apbs_shape_selected_chem_apbs_posneg_clip20,CBAMUNet3D,apbs_shape_selected_chem,apbs_posneg_clip20,CBAMUNet3D_best_model_in_terms_of_validation_paper_f1.pth,raw,0.55,top2,2,0.6829268292682927,0.5436893203883495,0.9180327868852459,56,47,5,0.5185185185185185,0.7777777777777778,12.04544702163281,9.786197632039693,0.38663567595894155,0.38663567595894155,0.49913064120300926,112.08333333333333,1.2407407407407407,5,108
,scpdb_apbs_cutoff_fold1_apbs_shape_selected_chem_apbs_posneg_clip20,CBAMUNet3D,apbs_shape_selected_chem,apbs_posneg_clip20,CBAMUNet3D_best_model_in_terms_of_validation_paper_f1.pth,raw,0.55,top3,3,0.6829268292682927,0.5436893203883495,0.9180327868852459,56,47,5,0.5185185185185185,0.7777777777777778,12.04544702163281,9.786197632039693,0.38663567595894155,0.38663567595894155,0.49913064120300926,112.08333333333333,1.287037037037037,5,108
,scpdb_apbs_cutoff_fold1_apbs_shape_selected_chem_apbs_posneg_clip20,CBAMUNet3D,apbs_shape_selected_chem,apbs_posneg_clip20,CBAMUNet3D_best_model_in_terms_of_validation_paper_f1.pth,raw,0.55,top_n_plus_2,3,0.6829268292682927,0.5436893203883495,0.9180327868852459,56,47,5,0.5185185185185185,0.7777777777777778,12.04544702163281,9.786197632039693,0.38663567595894155,0.38663567595894155,0.49913064120300926,112.08333333333333,1.287037037037037,5,108
,scpdb_apbs_cutoff_fold1_apbs_shape_selected_chem_apbs_posneg_clip20,CBAMUNet3D,apbs_shape_selected_chem,apbs_posneg_clip20,CBAMUNet3D_best_model_in_terms_of_validation_paper_f1.pth,raw,0.6,top1,1,0.6583850931677019,0.5145631067961165,0.9137931034482759,53,50,5,0.49074074074074076,0.6944444444444444,14.955453969294284,12.668228931176055,0.35512698661166,0.35512698661166,0.518386297549518,109.49074074074075,0.9537037037037037,5,108
,scpdb_apbs_cutoff_fold1_apbs_shape_selected_chem_apbs_posneg_clip20,CBAMUNet3D,apbs_shape_selected_chem,apbs_posneg_clip20,CBAMUNet3D_best_model_in_terms_of_validation_paper_f1.pth,raw,0.6,top2,2,0.6987951807228914,0.5631067961165048,0.9206349206349206,58,45,5,0.5370370370370371,0.7777777777777778,12.041592364056802,9.794483038943149,0.38490743128986177,0.38490743128986177,0.4979278304664809,109.49074074074075,1.2407407407407407,5,108
,scpdb_apbs_cutoff_fold1_apbs_shape_selected_chem_apbs_posneg_clip20,CBAMUNet3D,apbs_shape_selected_chem,apbs_posneg_clip20,CBAMUNet3D_best_model_in_terms_of_validation_paper_f1.pth,raw,0.6,top3,3,0.6987951807228914,0.5631067961165048,0.9206349206349206,58,45,5,0.5370370370370371,0.7777777777777778,12.041592364056802,9.794483038943149,0.38490743128986177,0.38490743128986177,0.4979278304664809,109.49074074074075,1.2685185185185186,5,108
,scpdb_apbs_cutoff_fold1_apbs_shape_selected_chem_apbs_posneg_clip20,CBAMUNet3D,apbs_shape_selected_chem,apbs_posneg_clip20,CBAMUNet3D_best_model_in_terms_of_validation_paper_f1.pth,raw,0.6,top_n_plus_2,3,0.6987951807228914,0.5631067961165048,0.9206349206349206,58,45,5,0.5370370370370371,0.7777777777777778,12.041592364056802,9.794483038943149,0.38490743128986177,0.38490743128986177,0.4979278304664809,109.49074074074075,1.2685185185185186,5,108
,scpdb_apbs_cutoff_fold1_apbs_shape_selected_chem_apbs_posneg_clip20,CBAMUNet3D,apbs_shape_selected_chem,apbs_posneg_clip20,CBAMUNet3D_best_model_in_terms_of_validation_paper_f1.pth,raw,0.7,top1,1,0.65,0.5048543689320388,0.9122807017543859,52,51,5,0.48148148148148145,0.6944444444444444,14.700044810111255,12.38239263038886,0.3529824866163257,0.3529824866163257,0.5152808731775218,104.51851851851852,0.9537037037037037,5,108
,scpdb_apbs_cutoff_fold1_apbs_shape_selected_chem_apbs_posneg_clip20,CBAMUNet3D,apbs_shape_selected_chem,apbs_posneg_clip20,CBAMUNet3D_best_model_in_terms_of_validation_paper_f1.pth,raw,0.7,top2,2,0.6748466257668712,0.5339805825242718,0.9166666666666666,55,48,5,0.5092592592592593,0.7777777777777778,12.017263526532126,9.764609046238759,0.380653993114701,0.380653993114701,0.5037297395790238,104.51851851851852,1.2407407407407407,5,108
,scpdb_apbs_cutoff_fold1_apbs_shape_selected_chem_apbs_posneg_clip20,CBAMUNet3D,apbs_shape_selected_chem,apbs_posneg_clip20,CBAMUNet3D_best_model_in_terms_of_validation_paper_f1.pth,raw,0.7,top3,3,0.6748466257668712,0.5339805825242718,0.9166666666666666,55,48,5,0.5092592592592593,0.7777777777777778,12.017263526532126,9.764609046238759,0.380653993114701,0.380653993114701,0.5037297395790238,104.51851851851852,1.2962962962962963,5,108
,scpdb_apbs_cutoff_fold1_apbs_shape_selected_chem_apbs_posneg_clip20,CBAMUNet3D,apbs_shape_selected_chem,apbs_posneg_clip20,CBAMUNet3D_best_model_in_terms_of_validation_paper_f1.pth,raw,0.7,top_n_plus_2,3,0.6748466257668712,0.5339805825242718,0.9166666666666666,55,48,5,0.5092592592592593,0.7777777777777778,12.017263526532126,9.764609046238759,0.380653993114701,0.380653993114701,0.5037297395790238,104.51851851851852,1.2962962962962963,5,108
,scpdb_apbs_cutoff_fold1_apbs_shape_selected_chem_apbs_posneg_clip20,CBAMUNet3D,apbs_shape_selected_chem,apbs_posneg_clip20,CBAMUNet3D_best_model_in_terms_of_validation_paper_f1.pth,raw,0.8,top1,1,0.65,0.5048543689320388,0.9122807017543859,52,51,5,0.48148148148148145,0.6851851851851852,14.830913112136297,12.49358425635796,0.34584329671587755,0.34584329671587755,0.5101343676119898,98.16666666666667,0.9537037037037037,5,108
,scpdb_apbs_cutoff_fold1_apbs_shape_selected_chem_apbs_posneg_clip20,CBAMUNet3D,apbs_shape_selected_chem,apbs_posneg_clip20,CBAMUNet3D_best_model_in_terms_of_validation_paper_f1.pth,raw,0.8,top2,2,0.6829268292682927,0.5436893203883495,0.9180327868852459,56,47,5,0.5185185185185185,0.7777777777777778,12.009885131278107,9.755468832810333,0.3759698980883133,0.3759698980883133,0.4912757723369578,98.16666666666667,1.2314814814814814,5,108
,scpdb_apbs_cutoff_fold1_apbs_shape_selected_chem_apbs_posneg_clip20,CBAMUNet3D,apbs_shape_selected_chem,apbs_posneg_clip20,CBAMUNet3D_best_model_in_terms_of_validation_paper_f1.pth,raw,0.8,top3,3,0.6829268292682927,0.5436893203883495,0.9180327868852459,56,47,5,0.5185185185185185,0.7777777777777778,12.009885131278107,9.755468832810333,0.3759698980883133,0.3759698980883133,0.4912757723369578,98.16666666666667,1.2777777777777777,5,108
,scpdb_apbs_cutoff_fold1_apbs_shape_selected_chem_apbs_posneg_clip20,CBAMUNet3D,apbs_shape_selected_chem,apbs_posneg_clip20,CBAMUNet3D_best_model_in_terms_of_validation_paper_f1.pth,raw,0.8,top_n_plus_2,3,0.6829268292682927,0.5436893203883495,0.9180327868852459,56,47,5,0.5185185185185185,0.7777777777777778,12.009885131278107,9.755468832810333,0.3759698980883133,0.3759698980883133,0.4912757723369578,98.16666666666667,1.2777777777777777,5,108
,scpdb_apbs_cutoff_fold1_apbs_shape_selected_chem_apbs_posneg_clip20,CBAMUNet3D,apbs_shape_selected_chem,apbs_posneg_clip20,CBAMUNet3D_best_model_in_terms_of_validation_paper_f1.pth,raw,0.9,top1,1,0.6666666666666667,0.5294117647058824,0.9,54,48,6,0.5,0.6851851851851852,15.694477939058787,13.415834152031357,0.34046261473870537,0.34046261473870537,0.49886152151469537,88.75,0.9444444444444444,6,108
,scpdb_apbs_cutoff_fold1_apbs_shape_selected_chem_apbs_posneg_clip20,CBAMUNet3D,apbs_shape_selected_chem,apbs_posneg_clip20,CBAMUNet3D_best_model_in_terms_of_validation_paper_f1.pth,raw,0.9,top2,2,0.6909090909090908,0.5588235294117647,0.9047619047619048,57,45,6,0.5277777777777778,0.7685185185185185,13.049747974608318,10.836830631329732,0.36461151294069055,0.36461151294069055,0.483184608888511,88.75,1.212962962962963,6,108
,scpdb_apbs_cutoff_fold1_apbs_shape_selected_chem_apbs_posneg_clip20,CBAMUNet3D,apbs_shape_selected_chem,apbs_posneg_clip20,CBAMUNet3D_best_model_in_terms_of_validation_paper_f1.pth,raw,0.9,top3,3,0.6909090909090908,0.5588235294117647,0.9047619047619048,57,45,6,0.5277777777777778,0.7685185185185185,13.049747974608318,10.836830631329732,0.36461151294069055,0.36461151294069055,0.483184608888511,88.75,1.25,6,108
,scpdb_apbs_cutoff_fold1_apbs_shape_selected_chem_apbs_posneg_clip20,CBAMUNet3D,apbs_shape_selected_chem,apbs_posneg_clip20,CBAMUNet3D_best_model_in_terms_of_validation_paper_f1.pth,raw,0.9,top_n_plus_2,3,0.6909090909090908,0.5588235294117647,0.9047619047619048,57,45,6,0.5277777777777778,0.7685185185185185,13.049747974608318,10.836830631329732,0.36461151294069055,0.36461151294069055,0.483184608888511,88.75,1.25,6,108
,scpdb_apbs_cutoff_fold1_apbs_shape_selected_chem_apbs_posneg_clip20,ResNet3D4LGN,apbs_shape_selected_chem,apbs_posneg_clip20,ResNet3D4LGN_best_model_in_terms_of_validation_paper_f1.pth,raw,0.05,top1,1,0.6153846153846154,0.4485981308411215,0.9795918367346939,48,59,1,0.4444444444444444,0.7037037037037037,10.2315077216486,7.5775856885897594,0.33936648364286864,0.33936648364286864,0.47384694398801264,160.25,0.9907407407407407,1,108
,scpdb_apbs_cutoff_fold1_apbs_shape_selected_chem_apbs_posneg_clip20,ResNet3D4LGN,apbs_shape_selected_chem,apbs_posneg_clip20,ResNet3D4LGN_best_model_in_terms_of_validation_paper_f1.pth,raw,0.05,top2,2,0.6415094339622641,0.4766355140186916,0.9807692307692307,51,56,1,0.4722222222222222,0.7962962962962963,7.127940676752372,4.575974288043683,0.3751753050272576,0.3751753050272576,0.46306874582819074,160.25,1.537037037037037,1,108
,scpdb_apbs_cutoff_fold1_apbs_shape_selected_chem_apbs_posneg_clip20,ResNet3D4LGN,apbs_shape_selected_chem,apbs_posneg_clip20,ResNet3D4LGN_best_model_in_terms_of_validation_paper_f1.pth,raw,0.05,top3,3,0.6499999999999999,0.48598130841121495,0.9811320754716981,52,55,1,0.48148148148148145,0.8148148148148148,6.744557647539482,4.239613284923585,0.37925168686031135,0.37925168686031135,0.456547557295894,160.25,1.7777777777777777,1,108
,scpdb_apbs_cutoff_fold1_apbs_shape_selected_chem_apbs_posneg_clip20,ResNet3D4LGN,apbs_shape_selected_chem,apbs_posneg_clip20,ResNet3D4LGN_best_model_in_terms_of_validation_paper_f1.pth,raw,0.05,top_n_plus_2,3,0.6499999999999999,0.48598130841121495,0.9811320754716981,52,55,1,0.48148148148148145,0.8148148148148148,6.744557647539482,4.239613284923585,0.37925168686031135,0.37925168686031135,0.456547557295894,160.25,1.7777777777777777,1,108
,scpdb_apbs_cutoff_fold1_apbs_shape_selected_chem_apbs_posneg_clip20,ResNet3D4LGN,apbs_shape_selected_chem,apbs_posneg_clip20,ResNet3D4LGN_best_model_in_terms_of_validation_paper_f1.pth,raw,0.1,top1,1,0.5974025974025974,0.42990654205607476,0.9787234042553191,46,61,1,0.42592592592592593,0.7037037037037037,10.161271402504113,7.551464033994796,0.34044771669993873,0.34044771669993873,0.4784314560274831,144.75925925925927,0.9907407407407407,1,108
,scpdb_apbs_cutoff_fold1_apbs_shape_selected_chem_apbs_posneg_clip20,ResNet3D4LGN,apbs_shape_selected_chem,apbs_posneg_clip20,ResNet3D4LGN_best_model_in_terms_of_validation_paper_f1.pth,raw,0.1,top2,2,0.6329113924050633,0.4672897196261682,0.9803921568627451,50,57,1,0.46296296296296297,0.8055555555555556,6.956081523274782,4.482588974345126,0.37469644959858744,0.37469644959858744,0.4578027041217422,144.75925925925927,1.5185185185185186,1,108
,scpdb_apbs_cutoff_fold1_apbs_shape_selected_chem_apbs_posneg_clip20,ResNet3D4LGN,apbs_shape_selected_chem,apbs_posneg_clip20,ResNet3D4LGN_best_model_in_terms_of_validation_paper_f1.pth,raw,0.1,top3,3,0.6415094339622641,0.4766355140186916,0.9807692307692307,51,56,1,0.4722222222222222,0.8240740740740741,6.571049598704455,4.1545272873502395,0.37770757650344616,0.37770757650344616,0.4504466634154173,144.75925925925927,1.7314814814814814,1,108
,scpdb_apbs_cutoff_fold1_apbs_shape_selected_chem_apbs_posneg_clip20,ResNet3D4LGN,apbs_shape_selected_chem,apbs_posneg_clip20,ResNet3D4LGN_best_model_in_terms_of_validation_paper_f1.pth,raw,0.1,top_n_plus_2,3,0.6415094339622641,0.4766355140186916,0.9807692307692307,51,56,1,0.4722222222222222,0.8240740740740741,6.571049598704455,4.1545272873502395,0.37770757650344616,0.37770757650344616,0.4504466634154173,144.75925925925927,1.7314814814814814,1,108
,scpdb_apbs_cutoff_fold1_apbs_shape_selected_chem_apbs_posneg_clip20,ResNet3D4LGN,apbs_shape_selected_chem,apbs_posneg_clip20,ResNet3D4LGN_best_model_in_terms_of_validation_paper_f1.pth,raw,0.2,top1,1,0.6415094339622641,0.4811320754716981,0.9622641509433962,51,55,2,0.4722222222222222,0.7222222222222222,10.823839326286942,8.295124357941608,0.34678425746659547,0.34678425746659547,0.46354838729349895,129.9351851851852,0.9814814814814815,2,108
,scpdb_apbs_cutoff_fold1_apbs_shape_selected_chem_apbs_posneg_clip20,ResNet3D4LGN,apbs_shape_selected_chem,apbs_posneg_clip20,ResNet3D4LGN_best_model_in_terms_of_validation_paper_f1.pth,raw,0.2,top2,2,0.6583850931677019,0.5,0.9636363636363636,53,53,2,0.49074074074074076,0.8055555555555556,7.925258669521959,5.5269327406899995,0.37177007181672017,0.37177007181672017,0.4507828831032773,129.9351851851852,1.4444444444444444,2,108
,scpdb_apbs_cutoff_fold1_apbs_shape_selected_chem_apbs_posneg_clip20,ResNet3D4LGN,apbs_shape_selected_chem,apbs_posneg_clip20,ResNet3D4LGN_best_model_in_terms_of_validation_paper_f1.pth,raw,0.2,top3,3,0.6583850931677019,0.5,0.9636363636363636,53,53,2,0.49074074074074076,0.8148148148148148,7.708957834675617,5.306850377087373,0.37367265933574606,0.37367265933574606,0.4507828831032773,129.9351851851852,1.6203703703703705,2,108
,scpdb_apbs_cutoff_fold1_apbs_shape_selected_chem_apbs_posneg_clip20,ResNet3D4LGN,apbs_shape_selected_chem,apbs_posneg_clip20,ResNet3D4LGN_best_model_in_terms_of_validation_paper_f1.pth,raw,0.2,top_n_plus_2,3,0.6583850931677019,0.5,0.9636363636363636,53,53,2,0.49074074074074076,0.8148148148148148,7.708957834675617,5.306850377087373,0.37367265933574606,0.37367265933574606,0.4507828831032773,129.9351851851852,1.6203703703703705,2,108
,scpdb_apbs_cutoff_fold1_apbs_shape_selected_chem_apbs_posneg_clip20,ResNet3D4LGN,apbs_shape_selected_chem,apbs_posneg_clip20,ResNet3D4LGN_best_model_in_terms_of_validation_paper_f1.pth,raw,0.3,top1,1,0.6242038216560509,0.46226415094339623,0.9607843137254902,49,57,2,0.4537037037037037,0.7129629629629629,10.901282340136063,8.364965634023829,0.34336026557541693,0.34336026557541693,0.47132249420759176,121.37962962962963,0.9814814814814815,2,108
,scpdb_apbs_cutoff_fold1_apbs_shape_selected_chem_apbs_posneg_clip20,ResNet3D4LGN,apbs_shape_selected_chem,apbs_posneg_clip20,ResNet3D4LGN_best_model_in_terms_of_validation_paper_f1.pth,raw,0.3,top2,2,0.65,0.49056603773584906,0.9629629629629629,52,54,2,0.48148148148148145,0.8055555555555556,7.9468661342595395,5.552343932255767,0.36850210687531754,0.36850210687531754,0.4517532646135214,121.37962962962963,1.4259259259259258,2,108
,scpdb_apbs_cutoff_fold1_apbs_shape_selected_chem_apbs_posneg_clip20,ResNet3D4LGN,apbs_shape_selected_chem,apbs_posneg_clip20,ResNet3D4LGN_best_model_in_terms_of_validation_paper_f1.pth,raw,0.3,top3,3,0.65,0.49056603773584906,0.9629629629629629,52,54,2,0.48148148148148145,0.8148148148148148,7.732938532419865,5.335695789782089,0.37003650847630964,0.37003650847630964,0.4517532646135214,121.37962962962963,1.5740740740740742,2,108
,scpdb_apbs_cutoff_fold1_apbs_shape_selected_chem_apbs_posneg_clip20,ResNet3D4LGN,apbs_shape_selected_chem,apbs_posneg_clip20,ResNet3D4LGN_best_model_in_terms_of_validation_paper_f1.pth,raw,0.3,top_n_plus_2,3,0.65,0.49056603773584906,0.9629629629629629,52,54,2,0.48148148148148145,0.8148148148148148,7.732938532419865,5.335695789782089,0.37003650847630964,0.37003650847630964,0.4517532646135214,121.37962962962963,1.5740740740740742,2,108
,scpdb_apbs_cutoff_fold1_apbs_shape_selected_chem_apbs_posneg_clip20,ResNet3D4LGN,apbs_shape_selected_chem,apbs_posneg_clip20,ResNet3D4LGN_best_model_in_terms_of_validation_paper_f1.pth,raw,0.35,top1,1,0.6153846153846154,0.4528301886792453,0.96,48,58,2,0.4444444444444444,0.7129629629629629,10.68451784230708,8.16223809763608,0.3432171488434744,0.3432171488434744,0.4724898097235279,118.14814814814815,0.9814814814814815,2,108
,scpdb_apbs_cutoff_fold1_apbs_shape_selected_chem_apbs_posneg_clip20,ResNet3D4LGN,apbs_shape_selected_chem,apbs_posneg_clip20,ResNet3D4LGN_best_model_in_terms_of_validation_paper_f1.pth,raw,0.35,top2,2,0.6415094339622641,0.4811320754716981,0.9622641509433962,51,55,2,0.4722222222222222,0.8055555555555556,7.939848491736643,5.555587405232181,0.36755212872669923,0.36755212872669923,0.4520122077746464,118.14814814814815,1.4259259259259258,2,108
,scpdb_apbs_cutoff_fold1_apbs_shape_selected_chem_apbs_posneg_clip20,ResNet3D4LGN,apbs_shape_selected_chem,apbs_posneg_clip20,ResNet3D4LGN_best_model_in_terms_of_validation_paper_f1.pth,raw,0.35,top3,3,0.6415094339622641,0.4811320754716981,0.9622641509433962,51,55,2,0.4722222222222222,0.8148148148148148,7.7268905547942195,5.340188951639708,0.3690992092820761,0.3690992092820761,0.4520122077746464,118.14814814814815,1.5740740740740742,2,108
,scpdb_apbs_cutoff_fold1_apbs_shape_selected_chem_apbs_posneg_clip20,ResNet3D4LGN,apbs_shape_selected_chem,apbs_posneg_clip20,ResNet3D4LGN_best_model_in_terms_of_validation_paper_f1.pth,raw,0.35,top_n_plus_2,3,0.6415094339622641,0.4811320754716981,0.9622641509433962,51,55,2,0.4722222222222222,0.8148148148148148,7.7268905547942195,5.340188951639708,0.3690992092820761,0.3690992092820761,0.4520122077746464,118.14814814814815,1.5740740740740742,2,108
,scpdb_apbs_cutoff_fold1_apbs_shape_selected_chem_apbs_posneg_clip20,ResNet3D4LGN,apbs_shape_selected_chem,apbs_posneg_clip20,ResNet3D4LGN_best_model_in_terms_of_validation_paper_f1.pth,raw,0.4,top1,1,0.6242038216560509,0.46226415094339623,0.9607843137254902,49,57,2,0.4537037037037037,0.7129629629629629,10.881130678491227,8.369532866172708,0.3432273578279275,0.3432273578279275,0.46858633068792194,115.12037037037037,0.9814814814814815,2,108
,scpdb_apbs_cutoff_fold1_apbs_shape_selected_chem_apbs_posneg_clip20,ResNet3D4LGN,apbs_shape_selected_chem,apbs_posneg_clip20,ResNet3D4LGN_best_model_in_terms_of_validation_paper_f1.pth,raw,0.4,top2,2,0.6583850931677019,0.5,0.9636363636363636,53,53,2,0.49074074074074076,0.8055555555555556,7.930139407542419,5.556118940853455,0.3660493282407203,0.3660493282407203,0.44147032068824815,115.12037037037037,1.4259259259259258,2,108
,scpdb_apbs_cutoff_fold1_apbs_shape_selected_chem_apbs_posneg_clip20,ResNet3D4LGN,apbs_shape_selected_chem,apbs_posneg_clip20,ResNet3D4LGN_best_model_in_terms_of_validation_paper_f1.pth,raw,0.4,top3,3,0.6583850931677019,0.5,0.9636363636363636,53,53,2,0.49074074074074076,0.8148148148148148,7.71640991573633,5.340310284504868,0.3675964087960972,0.3675964087960972,0.44147032068824815,115.12037037037037,1.5740740740740742,2,108
,scpdb_apbs_cutoff_fold1_apbs_shape_selected_chem_apbs_posneg_clip20,ResNet3D4LGN,apbs_shape_selected_chem,apbs_posneg_clip20,ResNet3D4LGN_best_model_in_terms_of_validation_paper_f1.pth,raw,0.4,top_n_plus_2,3,0.6583850931677019,0.5,0.9636363636363636,53,53,2,0.49074074074074076,0.8148148148148148,7.71640991573633,5.340310284504868,0.3675964087960972,0.3675964087960972,0.44147032068824815,115.12037037037037,1.5740740740740742,2,108
,scpdb_apbs_cutoff_fold1_apbs_shape_selected_chem_apbs_posneg_clip20,ResNet3D4LGN,apbs_shape_selected_chem,apbs_posneg_clip20,ResNet3D4LGN_best_model_in_terms_of_validation_paper_f1.pth,raw,0.45,top1,1,0.6329113924050632,0.4716981132075472,0.9615384615384616,50,56,2,0.46296296296296297,0.7222222222222222,10.787886535418066,8.299814278608672,0.3444059045430794,0.3444059045430794,0.4600272884324375,112.49074074074075,0.9814814814814815,2,108
,scpdb_apbs_cutoff_fold1_apbs_shape_selected_chem_apbs_posneg_clip20,ResNet3D4LGN,apbs_shape_selected_chem,apbs_posneg_clip20,ResNet3D4LGN_best_model_in_terms_of_validation_paper_f1.pth,raw,0.45,top2,2,0.6583850931677019,0.5,0.9636363636363636,53,53,2,0.49074074074074076,0.8055555555555556,7.928956571368894,5.570261634281854,0.36573034477963584,0.36568561405857664,0.4394136852937531,112.49074074074075,1.4259259259259258,2,108
,scpdb_apbs_cutoff_fold1_apbs_shape_selected_chem_apbs_posneg_clip20,ResNet3D4LGN,apbs_shape_selected_chem,apbs_posneg_clip20,ResNet3D4LGN_best_model_in_terms_of_validation_paper_f1.pth,raw,0.45,top3,3,0.6583850931677019,0.5,0.9636363636363636,53,53,2,0.49074074074074076,0.8148148148148148,7.714566671477168,5.353790906234523,0.36729046654523706,0.36724573582417785,0.4394136852937531,112.49074074074075,1.5740740740740742,2,108
,scpdb_apbs_cutoff_fold1_apbs_shape_selected_chem_apbs_posneg_clip20,ResNet3D4LGN,apbs_shape_selected_chem,apbs_posneg_clip20,ResNet3D4LGN_best_model_in_terms_of_validation_paper_f1.pth,raw,0.45,top_n_plus_2,3,0.6583850931677019,0.5,0.9636363636363636,53,53,2,0.49074074074074076,0.8148148148148148,7.714566671477168,5.353790906234523,0.36729046654523706,0.36724573582417785,0.4394136852937531,112.49074074074075,1.5740740740740742,2,108
,scpdb_apbs_cutoff_fold1_apbs_shape_selected_chem_apbs_posneg_clip20,ResNet3D4LGN,apbs_shape_selected_chem,apbs_posneg_clip20,ResNet3D4LGN_best_model_in_terms_of_validation_paper_f1.pth,raw,0.5,top1,1,0.6583850931677019,0.5,0.9636363636363636,53,53,2,0.49074074074074076,0.7222222222222222,10.776741594770506,8.270138458040037,0.34481224286112927,0.34481224286112927,0.46392890069918985,109.53703703703704,0.9814814814814815,2,108
,scpdb_apbs_cutoff_fold1_apbs_shape_selected_chem_apbs_posneg_clip20,ResNet3D4LGN,apbs_shape_selected_chem,apbs_posneg_clip20,ResNet3D4LGN_best_model_in_terms_of_validation_paper_f1.pth,raw,0.5,top2,2,0.6909090909090908,0.5377358490566038,0.9661016949152542,57,49,2,0.5277777777777778,0.8055555555555556,7.88934984279676,5.5183570656712675,0.3659399866200129,0.365785940714333,0.44013883944079485,109.53703703703704,1.4351851851851851,2,108
,scpdb_apbs_cutoff_fold1_apbs_shape_selected_chem_apbs_posneg_clip20,ResNet3D4LGN,apbs_shape_selected_chem,apbs_posneg_clip20,ResNet3D4LGN_best_model_in_terms_of_validation_paper_f1.pth,raw,0.5,top3,3,0.6909090909090908,0.5377358490566038,0.9661016949152542,57,49,2,0.5277777777777778,0.8055555555555556,7.798891937193754,5.409631307493803,0.36686591254593887,0.36671186664025895,0.44013883944079485,109.53703703703704,1.5740740740740742,2,108
,scpdb_apbs_cutoff_fold1_apbs_shape_selected_chem_apbs_posneg_clip20,ResNet3D4LGN,apbs_shape_selected_chem,apbs_posneg_clip20,ResNet3D4LGN_best_model_in_terms_of_validation_paper_f1.pth,raw,0.5,top_n_plus_2,3,0.6909090909090908,0.5377358490566038,0.9661016949152542,57,49,2,0.5277777777777778,0.8055555555555556,7.798891937193754,5.409631307493803,0.36686591254593887,0.36671186664025895,0.44013883944079485,109.53703703703704,1.5740740740740742,2,108
,scpdb_apbs_cutoff_fold1_apbs_shape_selected_chem_apbs_posneg_clip20,ResNet3D4LGN,apbs_shape_selected_chem,apbs_posneg_clip20,ResNet3D4LGN_best_model_in_terms_of_validation_paper_f1.pth,raw,0.55,top1,1,0.65,0.49523809523809526,0.9454545454545454,52,53,3,0.48148148148148145,0.7129629629629629,11.758828643145902,9.281314536781508,0.339848317751995,0.339848317751995,0.4623509448725142,106.85185185185185,0.9722222222222222,3,108
,scpdb_apbs_cutoff_fold1_apbs_shape_selected_chem_apbs_posneg_clip20,ResNet3D4LGN,apbs_shape_selected_chem,apbs_posneg_clip20,ResNet3D4LGN_best_model_in_terms_of_validation_paper_f1.pth,raw,0.55,top2,2,0.6829268292682926,0.5333333333333333,0.9491525423728814,56,49,3,0.5185185185185185,0.7870370370370371,9.055760330125905,6.705546702387817,0.3639898415905037,0.3637681431123373,0.4451839792267903,106.85185185185185,1.3888888888888888,3,108
,scpdb_apbs_cutoff_fold1_apbs_shape_selected_chem_apbs_posneg_clip20,ResNet3D4LGN,apbs_shape_selected_chem,apbs_posneg_clip20,ResNet3D4LGN_best_model_in_terms_of_validation_paper_f1.pth,raw,0.55,top3,3,0.6829268292682926,0.5333333333333333,0.9491525423728814,56,49,3,0.5185185185185185,0.7870370370370371,8.964061942408605,6.594993108793597,0.36492918673274743,0.364707488254581,0.4451839792267903,106.85185185185185,1.5185185185185186,3,108
,scpdb_apbs_cutoff_fold1_apbs_shape_selected_chem_apbs_posneg_clip20,ResNet3D4LGN,apbs_shape_selected_chem,apbs_posneg_clip20,ResNet3D4LGN_best_model_in_terms_of_validation_paper_f1.pth,raw,0.55,top_n_plus_2,3,0.6829268292682926,0.5333333333333333,0.9491525423728814,56,49,3,0.5185185185185185,0.7870370370370371,8.964061942408605,6.594993108793597,0.36492918673274743,0.364707488254581,0.4451839792267903,106.85185185185185,1.5185185185185186,3,108
,scpdb_apbs_cutoff_fold1_apbs_shape_selected_chem_apbs_posneg_clip20,ResNet3D4LGN,apbs_shape_selected_chem,apbs_posneg_clip20,ResNet3D4LGN_best_model_in_terms_of_validation_paper_f1.pth,raw,0.6,top1,1,0.624203821656051,0.4666666666666667,0.9423076923076923,49,56,3,0.4537037037037037,0.7129629629629629,11.749793851997246,9.27723366456261,0.33856866534722596,0.33856866534722596,0.4593064248524087,104.12037037037037,0.9722222222222222,3,108
,scpdb_apbs_cutoff_fold1_apbs_shape_selected_chem_apbs_posneg_clip20,ResNet3D4LGN,apbs_shape_selected_chem,apbs_posneg_clip20,ResNet3D4LGN_best_model_in_terms_of_validation_paper_f1.pth,raw,0.6,top2,2,0.65,0.49523809523809526,0.9454545454545454,52,53,3,0.48148148148148145,0.7777777777777778,9.503730072563759,7.1225010920532155,0.3616176934006852,0.36138673682052225,0.44872023960560353,104.12037037037037,1.3703703703703705,3,108
,scpdb_apbs_cutoff_fold1_apbs_shape_selected_chem_apbs_posneg_clip20,ResNet3D4LGN,apbs_shape_selected_chem,apbs_posneg_clip20,ResNet3D4LGN_best_model_in_terms_of_validation_paper_f1.pth,raw,0.6,top3,3,0.65,0.49523809523809526,0.9454545454545454,52,53,3,0.48148148148148145,0.7777777777777778,9.4141948482469,7.014162464446618,0.36243468686473745,0.3622037302845746,0.44872023960560353,104.12037037037037,1.5,3,108
,scpdb_apbs_cutoff_fold1_apbs_shape_selected_chem_apbs_posneg_clip20,ResNet3D4LGN,apbs_shape_selected_chem,apbs_posneg_clip20,ResNet3D4LGN_best_model_in_terms_of_validation_paper_f1.pth,raw,0.6,top_n_plus_2,3,0.65,0.49523809523809526,0.9454545454545454,52,53,3,0.48148148148148145,0.7777777777777778,9.4141948482469,7.014162464446618,0.36243468686473745,0.3622037302845746,0.44872023960560353,104.12037037037037,1.5,3,108
,scpdb_apbs_cutoff_fold1_apbs_shape_selected_chem_apbs_posneg_clip20,ResNet3D4LGN,apbs_shape_selected_chem,apbs_posneg_clip20,ResNet3D4LGN_best_model_in_terms_of_validation_paper_f1.pth,raw,0.7,top1,1,0.65,0.49523809523809526,0.9454545454545454,52,53,3,0.48148148148148145,0.7222222222222222,11.508091898480973,9.029107106250041,0.3382420757108708,0.3382420757108708,0.45314781103319834,98.60185185185185,0.9722222222222222,3,108
,scpdb_apbs_cutoff_fold1_apbs_shape_selected_chem_apbs_posneg_clip20,ResNet3D4LGN,apbs_shape_selected_chem,apbs_posneg_clip20,ResNet3D4LGN_best_model_in_terms_of_validation_paper_f1.pth,raw,0.7,top2,2,0.6666666666666666,0.5142857142857142,0.9473684210526315,54,51,3,0.5,0.7777777777777778,9.491207516430764,7.111582718109712,0.3560128353356446,0.35396762696497985,0.44197738809687903,98.60185185185185,1.3611111111111112,3,108
,scpdb_apbs_cutoff_fold1_apbs_shape_selected_chem_apbs_posneg_clip20,ResNet3D4LGN,apbs_shape_selected_chem,apbs_posneg_clip20,ResNet3D4LGN_best_model_in_terms_of_validation_paper_f1.pth,raw,0.7,top3,3,0.6666666666666666,0.5142857142857142,0.9473684210526315,54,51,3,0.5,0.7777777777777778,9.402536304344547,7.003226994284867,0.35684202273199617,0.3547968143613314,0.44197738809687903,98.60185185185185,1.4814814814814814,3,108
,scpdb_apbs_cutoff_fold1_apbs_shape_selected_chem_apbs_posneg_clip20,ResNet3D4LGN,apbs_shape_selected_chem,apbs_posneg_clip20,ResNet3D4LGN_best_model_in_terms_of_validation_paper_f1.pth,raw,0.7,top_n_plus_2,3,0.6666666666666666,0.5142857142857142,0.9473684210526315,54,51,3,0.5,0.7777777777777778,9.402536304344547,7.003226994284867,0.35684202273199617,0.3547968143613314,0.44197738809687903,98.60185185185185,1.4814814814814814,3,108
,scpdb_apbs_cutoff_fold1_apbs_shape_selected_chem_apbs_posneg_clip20,ResNet3D4LGN,apbs_shape_selected_chem,apbs_posneg_clip20,ResNet3D4LGN_best_model_in_terms_of_validation_paper_f1.pth,raw,0.8,top1,1,0.6415094339622641,0.49514563106796117,0.9107142857142857,51,52,5,0.4722222222222222,0.7129629629629629,13.425675210680497,11.008648255167051,0.328285778370282,0.328285778370282,0.4497250856174283,91.64814814814815,0.9537037037037037,5,108
,scpdb_apbs_cutoff_fold1_apbs_shape_selected_chem_apbs_posneg_clip20,ResNet3D4LGN,apbs_shape_selected_chem,apbs_posneg_clip20,ResNet3D4LGN_best_model_in_terms_of_validation_paper_f1.pth,raw,0.8,top2,2,0.6666666666666666,0.5242718446601942,0.9152542372881356,54,49,5,0.5,0.7870370370370371,11.175468067928247,8.8626916537305,0.349718143034746,0.347636243284662,0.4340689952734303,91.64814814814815,1.3240740740740742,5,108
,scpdb_apbs_cutoff_fold1_apbs_shape_selected_chem_apbs_posneg_clip20,ResNet3D4LGN,apbs_shape_selected_chem,apbs_posneg_clip20,ResNet3D4LGN_best_model_in_terms_of_validation_paper_f1.pth,raw,0.8,top3,3,0.6666666666666666,0.5242718446601942,0.9152542372881356,54,49,5,0.5,0.7870370370370371,11.13814824542009,8.834908010268625,0.349718143034746,0.347636243284662,0.4340689952734303,91.64814814814815,1.4074074074074074,5,108
,scpdb_apbs_cutoff_fold1_apbs_shape_selected_chem_apbs_posneg_clip20,ResNet3D4LGN,apbs_shape_selected_chem,apbs_posneg_clip20,ResNet3D4LGN_best_model_in_terms_of_validation_paper_f1.pth,raw,0.8,top_n_plus_2,3,0.6666666666666666,0.5242718446601942,0.9152542372881356,54,49,5,0.5,0.7870370370370371,11.13814824542009,8.834908010268625,0.349718143034746,0.347636243284662,0.4340689952734303,91.64814814814815,1.4074074074074074,5,108
,scpdb_apbs_cutoff_fold1_apbs_shape_selected_chem_apbs_posneg_clip20,ResNet3D4LGN,apbs_shape_selected_chem,apbs_posneg_clip20,ResNet3D4LGN_best_model_in_terms_of_validation_paper_f1.pth,raw,0.9,top1,1,0.6329113924050633,0.49019607843137253,0.8928571428571429,50,52,6,0.46296296296296297,0.7037037037037037,14.270002472942327,11.854167113250883,0.31750689752448846,0.31750689752448846,0.44598884000491446,82.41666666666667,0.9444444444444444,6,108
,scpdb_apbs_cutoff_fold1_apbs_shape_selected_chem_apbs_posneg_clip20,ResNet3D4LGN,apbs_shape_selected_chem,apbs_posneg_clip20,ResNet3D4LGN_best_model_in_terms_of_validation_paper_f1.pth,raw,0.9,top2,2,0.6583850931677019,0.5196078431372549,0.8983050847457628,53,49,6,0.49074074074074076,0.7870370370370371,12.24662104969789,9.972912515792475,0.33796524784932297,0.33584756166212415,0.4269973937554099,82.41666666666667,1.3240740740740742,6,108
,scpdb_apbs_cutoff_fold1_apbs_shape_selected_chem_apbs_posneg_clip20,ResNet3D4LGN,apbs_shape_selected_chem,apbs_posneg_clip20,ResNet3D4LGN_best_model_in_terms_of_validation_paper_f1.pth,raw,0.9,top3,3,0.6583850931677019,0.5196078431372549,0.8983050847457628,53,49,6,0.49074074074074076,0.7870370370370371,12.112575823031811,9.827616971559282,0.33870010969529596,0.3365824235080971,0.4269973937554099,82.41666666666667,1.4074074074074074,6,108
,scpdb_apbs_cutoff_fold1_apbs_shape_selected_chem_apbs_posneg_clip20,ResNet3D4LGN,apbs_shape_selected_chem,apbs_posneg_clip20,ResNet3D4LGN_best_model_in_terms_of_validation_paper_f1.pth,raw,0.9,top_n_plus_2,3,0.6583850931677019,0.5196078431372549,0.8983050847457628,53,49,6,0.49074074074074076,0.7870370370370371,12.112575823031811,9.827616971559282,0.33870010969529596,0.3365824235080971,0.4269973937554099,82.41666666666667,1.4074074074074074,6,108
,scpdb_apbs_cutoff_fold1_apbs_shape_selected_chem_apbs_posneg_clip20,ResNet3D4L,apbs_shape_selected_chem,apbs_posneg_clip20,ResNet3D4L_best_model_in_terms_of_validation_paper_f1.pth,raw,0.05,top1,1,0.5882352941176471,0.42452830188679247,0.9574468085106383,45,61,2,0.4166666666666667,0.6666666666666666,12.586630841462185,9.956729658654805,0.34539051835385287,0.34539051835385287,0.5245880835058153,182.96296296296296,0.9814814814814815,2,108
,scpdb_apbs_cutoff_fold1_apbs_shape_selected_chem_apbs_posneg_clip20,ResNet3D4L,apbs_shape_selected_chem,apbs_posneg_clip20,ResNet3D4L_best_model_in_terms_of_validation_paper_f1.pth,raw,0.05,top2,2,0.6329113924050632,0.4716981132075472,0.9615384615384616,50,56,2,0.46296296296296297,0.7685185185185185,8.522580964701723,6.04560422951101,0.39128197545866217,0.39128197545866217,0.5193302345933491,182.96296296296296,1.4907407407407407,2,108
,scpdb_apbs_cutoff_fold1_apbs_shape_selected_chem_apbs_posneg_clip20,ResNet3D4L,apbs_shape_selected_chem,apbs_posneg_clip20,ResNet3D4L_best_model_in_terms_of_validation_paper_f1.pth,raw,0.05,top3,3,0.6415094339622641,0.4811320754716981,0.9622641509433962,51,55,2,0.4722222222222222,0.7777777777777778,8.414870456891729,5.946779446780646,0.39436839521174855,0.39436839521174855,0.5156832365294274,182.96296296296296,1.7037037037037037,2,108
,scpdb_apbs_cutoff_fold1_apbs_shape_selected_chem_apbs_posneg_clip20,ResNet3D4L,apbs_shape_selected_chem,apbs_posneg_clip20,ResNet3D4L_best_model_in_terms_of_validation_paper_f1.pth,raw,0.05,top_n_plus_2,3,0.6415094339622641,0.4811320754716981,0.9622641509433962,51,55,2,0.4722222222222222,0.7777777777777778,8.414870456891729,5.946779446780646,0.39436839521174855,0.39436839521174855,0.5156832365294274,182.96296296296296,1.7037037037037037,2,108
,scpdb_apbs_cutoff_fold1_apbs_shape_selected_chem_apbs_posneg_clip20,ResNet3D4L,apbs_shape_selected_chem,apbs_posneg_clip20,ResNet3D4L_best_model_in_terms_of_validation_paper_f1.pth,raw,0.1,top1,1,0.5974025974025975,0.4380952380952381,0.9387755102040817,46,59,3,0.42592592592592593,0.6574074074074074,13.395682337452747,10.805178172781316,0.34958964732862935,0.34958964732862935,0.5244079410258169,162.85185185185185,0.9722222222222222,3,108
,scpdb_apbs_cutoff_fold1_apbs_shape_selected_chem_apbs_posneg_clip20,ResNet3D4L,apbs_shape_selected_chem,apbs_posneg_clip20,ResNet3D4L_best_model_in_terms_of_validation_paper_f1.pth,raw,0.1,top2,2,0.6415094339622641,0.4857142857142857,0.9444444444444444,51,54,3,0.4722222222222222,0.7592592592592593,9.32677290217742,6.892204870437844,0.3929312920538969,0.3929312920538969,0.5168074256158505,162.85185185185185,1.4166666666666667,3,108
,scpdb_apbs_cutoff_fold1_apbs_shape_selected_chem_apbs_posneg_clip20,ResNet3D4L,apbs_shape_selected_chem,apbs_posneg_clip20,ResNet3D4L_best_model_in_terms_of_validation_paper_f1.pth,raw,0.1,top3,3,0.65,0.49523809523809526,0.9454545454545454,52,53,3,0.48148148148148145,0.7685185185185185,9.209098897950597,6.787831405953989,0.39484700086615737,0.39484700086615737,0.510847601117933,162.85185185185185,1.5925925925925926,3,108
,scpdb_apbs_cutoff_fold1_apbs_shape_selected_chem_apbs_posneg_clip20,ResNet3D4L,apbs_shape_selected_chem,apbs_posneg_clip20,ResNet3D4L_best_model_in_terms_of_validation_paper_f1.pth,raw,0.1,top_n_plus_2,3,0.65,0.49523809523809526,0.9454545454545454,52,53,3,0.48148148148148145,0.7685185185185185,9.209098897950597,6.787831405953989,0.39484700086615737,0.39484700086615737,0.510847601117933,162.85185185185185,1.5925925925925926,3,108
,scpdb_apbs_cutoff_fold1_apbs_shape_selected_chem_apbs_posneg_clip20,ResNet3D4L,apbs_shape_selected_chem,apbs_posneg_clip20,ResNet3D4L_best_model_in_terms_of_validation_paper_f1.pth,raw,0.2,top1,1,0.6153846153846154,0.46601941747572817,0.9056603773584906,48,55,5,0.4444444444444444,0.6481481481481481,15.497385642215507,12.989782331688948,0.35021713615839745,0.35021713615839745,0.5265853780228316,144.12037037037038,0.9537037037037037,5,108
,scpdb_apbs_cutoff_fold1_apbs_shape_selected_chem_apbs_posneg_clip20,ResNet3D4L,apbs_shape_selected_chem,apbs_posneg_clip20,ResNet3D4L_best_model_in_terms_of_validation_paper_f1.pth,raw,0.2,top2,2,0.6583850931677019,0.5145631067961165,0.9137931034482759,53,50,5,0.49074074074074076,0.75,11.554496147403327,9.223507569588232,0.38878173604690397,0.38878173604690397,0.5134061956699632,144.12037037037038,1.3796296296296295,5,108
,scpdb_apbs_cutoff_fold1_apbs_shape_selected_chem_apbs_posneg_clip20,ResNet3D4L,apbs_shape_selected_chem,apbs_posneg_clip20,ResNet3D4L_best_model_in_terms_of_validation_paper_f1.pth,raw,0.2,top3,3,0.6748466257668712,0.5339805825242718,0.9166666666666666,55,48,5,0.5092592592592593,0.7685185185185185,11.191842051971664,8.884120347542622,0.394034585049753,0.394034585049753,0.505051564778468,144.12037037037038,1.5185185185185186,5,108
,scpdb_apbs_cutoff_fold1_apbs_shape_selected_chem_apbs_posneg_clip20,ResNet3D4L,apbs_shape_selected_chem,apbs_posneg_clip20,ResNet3D4L_best_model_in_terms_of_validation_paper_f1.pth,raw,0.2,top_n_plus_2,3,0.6748466257668712,0.5339805825242718,0.9166666666666666,55,48,5,0.5092592592592593,0.7685185185185185,11.191842051971664,8.884120347542622,0.394034585049753,0.394034585049753,0.505051564778468,144.12037037037038,1.5185185185185186,5,108
,scpdb_apbs_cutoff_fold1_apbs_shape_selected_chem_apbs_posneg_clip20,ResNet3D4L,apbs_shape_selected_chem,apbs_posneg_clip20,ResNet3D4L_best_model_in_terms_of_validation_paper_f1.pth,raw,0.3,top1,1,0.6153846153846154,0.46601941747572817,0.9056603773584906,48,55,5,0.4444444444444444,0.6481481481481481,15.470444001617482,12.953258738689728,0.3488112464508677,0.3488112464508677,0.5240419356752647,133.1851851851852,0.9537037037037037,5,108
,scpdb_apbs_cutoff_fold1_apbs_shape_selected_chem_apbs_posneg_clip20,ResNet3D4L,apbs_shape_selected_chem,apbs_posneg_clip20,ResNet3D4L_best_model_in_terms_of_validation_paper_f1.pth,raw,0.3,top2,2,0.6583850931677019,0.5145631067961165,0.9137931034482759,53,50,5,0.49074074074074076,0.75,11.53040006765584,9.180346054363882,0.385531376021689,0.385531376021689,0.5103115168954164,133.1851851851852,1.3518518518518519,5,108
,scpdb_apbs_cutoff_fold1_apbs_shape_selected_chem_apbs_posneg_clip20,ResNet3D4L,apbs_shape_selected_chem,apbs_posneg_clip20,ResNet3D4L_best_model_in_terms_of_validation_paper_f1.pth,raw,0.3,top3,3,0.6666666666666666,0.5242718446601942,0.9152542372881356,54,49,5,0.5,0.7592592592592593,11.407984270592216,9.076426735760617,0.3873120028023158,0.3873120028023158,0.5044225571808288,133.1851851851852,1.4814814814814814,5,108
,scpdb_apbs_cutoff_fold1_apbs_shape_selected_chem_apbs_posneg_clip20,ResNet3D4L,apbs_shape_selected_chem,apbs_posneg_clip20,ResNet3D4L_best_model_in_terms_of_validation_paper_f1.pth,raw,0.3,top_n_plus_2,3,0.6666666666666666,0.5242718446601942,0.9152542372881356,54,49,5,0.5,0.7592592592592593,11.407984270592216,9.076426735760617,0.3873120028023158,0.3873120028023158,0.5044225571808288,133.1851851851852,1.4814814814814814,5,108
,scpdb_apbs_cutoff_fold1_apbs_shape_selected_chem_apbs_posneg_clip20,ResNet3D4L,apbs_shape_selected_chem,apbs_posneg_clip20,ResNet3D4L_best_model_in_terms_of_validation_paper_f1.pth,raw,0.35,top1,1,0.6153846153846153,0.47058823529411764,0.8888888888888888,48,54,6,0.4444444444444444,0.6481481481481481,16.232796558240924,13.765541583417129,0.3476389038533015,0.3476389038533015,0.5205985477057886,128.7685185185185,0.9444444444444444,6,108
,scpdb_apbs_cutoff_fold1_apbs_shape_selected_chem_apbs_posneg_clip20,ResNet3D4L,apbs_shape_selected_chem,apbs_posneg_clip20,ResNet3D4L_best_model_in_terms_of_validation_paper_f1.pth,raw,0.35,top2,2,0.6583850931677019,0.5196078431372549,0.8983050847457628,53,49,6,0.49074074074074076,0.75,12.292628113990848,10.000003171802698,0.38353840786710286,0.38353840786710286,0.5070104805435715,128.7685185185185,1.3425925925925926,6,108
,scpdb_apbs_cutoff_fold1_apbs_shape_selected_chem_apbs_posneg_clip20,ResNet3D4L,apbs_shape_selected_chem,apbs_posneg_clip20,ResNet3D4L_best_model_in_terms_of_validation_paper_f1.pth,raw,0.35,top3,3,0.6748466257668712,0.5392156862745098,0.9016393442622951,55,47,6,0.5092592592592593,0.7685185185185185,11.935666806595746,9.667051436674697,0.38844134300259614,0.38844134300259614,0.49820131751713753,128.7685185185185,1.4722222222222223,6,108
,scpdb_apbs_cutoff_fold1_apbs_shape_selected_chem_apbs_posneg_clip20,ResNet3D4L,apbs_shape_selected_chem,apbs_posneg_clip20,ResNet3D4L_best_model_in_terms_of_validation_paper_f1.pth,raw,0.35,top_n_plus_2,3,0.6748466257668712,0.5392156862745098,0.9016393442622951,55,47,6,0.5092592592592593,0.7685185185185185,11.935666806595746,9.667051436674697,0.38844134300259614,0.38844134300259614,0.49820131751713753,128.7685185185185,1.4722222222222223,6,108
,scpdb_apbs_cutoff_fold1_apbs_shape_selected_chem_apbs_posneg_clip20,ResNet3D4L,apbs_shape_selected_chem,apbs_posneg_clip20,ResNet3D4L_best_model_in_terms_of_validation_paper_f1.pth,raw,0.4,top1,1,0.6064516129032258,0.46078431372549017,0.8867924528301887,47,55,6,0.4351851851851852,0.6574074074074074,16.161885260958222,13.690404090452013,0.3470095778734918,0.3470095778734918,0.5144693674938327,124.98148148148148,0.9444444444444444,6,108
,scpdb_apbs_cutoff_fold1_apbs_shape_selected_chem_apbs_posneg_clip20,ResNet3D4L,apbs_shape_selected_chem,apbs_posneg_clip20,ResNet3D4L_best_model_in_terms_of_validation_paper_f1.pth,raw,0.4,top2,2,0.65,0.5098039215686274,0.896551724137931,52,50,6,0.48148148148148145,0.7592592592592593,12.230083004588188,9.928728820322597,0.3826220290288802,0.3826220290288802,0.5013781023899683,124.98148148148148,1.3518518518518519,6,108
,scpdb_apbs_cutoff_fold1_apbs_shape_selected_chem_apbs_posneg_clip20,ResNet3D4L,apbs_shape_selected_chem,apbs_posneg_clip20,ResNet3D4L_best_model_in_terms_of_validation_paper_f1.pth,raw,0.4,top3,3,0.6583850931677019,0.5196078431372549,0.8983050847457628,53,49,6,0.49074074074074076,0.7685185185185185,11.993711163816004,9.69926002652865,0.3856366715784065,0.3856366715784065,0.49806118338919225,124.98148148148148,1.4814814814814814,6,108
,scpdb_apbs_cutoff_fold1_apbs_shape_selected_chem_apbs_posneg_clip20,ResNet3D4L,apbs_shape_selected_chem,apbs_posneg_clip20,ResNet3D4L_best_model_in_terms_of_validation_paper_f1.pth,raw,0.4,top_n_plus_2,3,0.6583850931677019,0.5196078431372549,0.8983050847457628,53,49,6,0.49074074074074076,0.7685185185185185,11.993711163816004,9.69926002652865,0.3856366715784065,0.3856366715784065,0.49806118338919225,124.98148148148148,1.4814814814814814,6,108
,scpdb_apbs_cutoff_fold1_apbs_shape_selected_chem_apbs_posneg_clip20,ResNet3D4L,apbs_shape_selected_chem,apbs_posneg_clip20,ResNet3D4L_best_model_in_terms_of_validation_paper_f1.pth,raw,0.45,top1,1,0.6242038216560509,0.4803921568627451,0.8909090909090909,49,53,6,0.4537037037037037,0.6666666666666666,16.12171074498318,13.650720700014745,0.347948995325704,0.347948995325704,0.5099805834158875,121.47222222222223,0.9444444444444444,6,108
,scpdb_apbs_cutoff_fold1_apbs_shape_selected_chem_apbs_posneg_clip20,ResNet3D4L,apbs_shape_selected_chem,apbs_posneg_clip20,ResNet3D4L_best_model_in_terms_of_validation_paper_f1.pth,raw,0.45,top2,2,0.6666666666666667,0.5294117647058824,0.9,54,48,6,0.5,0.7685185185185185,12.185940482293981,9.892748100487346,0.38282291201288543,0.38282291201288543,0.49748844176114443,121.47222222222223,1.3518518518518519,6,108
,scpdb_apbs_cutoff_fold1_apbs_shape_selected_chem_apbs_posneg_clip20,ResNet3D4L,apbs_shape_selected_chem,apbs_posneg_clip20,ResNet3D4L_best_model_in_terms_of_validation_paper_f1.pth,raw,0.45,top3,3,0.6748466257668712,0.5392156862745098,0.9016393442622951,55,47,6,0.5092592592592593,0.7777777777777778,11.950687677721431,9.662905608765985,0.3856222229517313,0.3856222229517313,0.49394002611812987,121.47222222222223,1.4814814814814814,6,108
,scpdb_apbs_cutoff_fold1_apbs_shape_selected_chem_apbs_posneg_clip20,ResNet3D4L,apbs_shape_selected_chem,apbs_posneg_clip20,ResNet3D4L_best_model_in_terms_of_validation_paper_f1.pth,raw,0.45,top_n_plus_2,3,0.6748466257668712,0.5392156862745098,0.9016393442622951,55,47,6,0.5092592592592593,0.7777777777777778,11.950687677721431,9.662905608765985,0.3856222229517313,0.3856222229517313,0.49394002611812987,121.47222222222223,1.4814814814814814,6,108
,scpdb_apbs_cutoff_fold1_apbs_shape_selected_chem_apbs_posneg_clip20,ResNet3D4L,apbs_shape_selected_chem,apbs_posneg_clip20,ResNet3D4L_best_model_in_terms_of_validation_paper_f1.pth,raw,0.5,top1,1,0.6415094339622641,0.5,0.8947368421052632,51,51,6,0.4722222222222222,0.6944444444444444,15.39169041671953,12.978305198988338,0.35608564617004307,0.35608564617004307,0.5052158285869439,118.31481481481481,0.9444444444444444,6,108
,scpdb_apbs_cutoff_fold1_apbs_shape_selected_chem_apbs_posneg_clip20,ResNet3D4L,apbs_shape_selected_chem,apbs_posneg_clip20,ResNet3D4L_best_model_in_terms_of_validation_paper_f1.pth,raw,0.5,top2,2,0.6666666666666667,0.5294117647058824,0.9,54,48,6,0.5,0.7685185185185185,12.174884975780557,9.890079433265505,0.3817774990319143,0.3817774990319143,0.49770478115961503,118.31481481481481,1.3518518518518519,6,108
,scpdb_apbs_cutoff_fold1_apbs_shape_selected_chem_apbs_posneg_clip20,ResNet3D4L,apbs_shape_selected_chem,apbs_posneg_clip20,ResNet3D4L_best_model_in_terms_of_validation_paper_f1.pth,raw,0.5,top3,3,0.6748466257668712,0.5392156862745098,0.9016393442622951,55,47,6,0.5092592592592593,0.7777777777777778,11.94171444322652,9.661692890927826,0.38446914416541994,0.38446914416541994,0.49394101558250564,118.31481481481481,1.4814814814814814,6,108
,scpdb_apbs_cutoff_fold1_apbs_shape_selected_chem_apbs_posneg_clip20,ResNet3D4L,apbs_shape_selected_chem,apbs_posneg_clip20,ResNet3D4L_best_model_in_terms_of_validation_paper_f1.pth,raw,0.5,top_n_plus_2,3,0.6748466257668712,0.5392156862745098,0.9016393442622951,55,47,6,0.5092592592592593,0.7777777777777778,11.94171444322652,9.661692890927826,0.38446914416541994,0.38446914416541994,0.49394101558250564,118.31481481481481,1.4814814814814814,6,108
,scpdb_apbs_cutoff_fold1_apbs_shape_selected_chem_apbs_posneg_clip20,ResNet3D4L,apbs_shape_selected_chem,apbs_posneg_clip20,ResNet3D4L_best_model_in_terms_of_validation_paper_f1.pth,raw,0.55,top1,1,0.6415094339622641,0.5,0.8947368421052632,51,51,6,0.4722222222222222,0.6944444444444444,15.378348804165908,12.981449075645756,0.3545000555940488,0.3545000555940488,0.5028807287603542,114.67592592592592,0.9444444444444444,6,108
,scpdb_apbs_cutoff_fold1_apbs_shape_selected_chem_apbs_posneg_clip20,ResNet3D4L,apbs_shape_selected_chem,apbs_posneg_clip20,ResNet3D4L_best_model_in_terms_of_validation_paper_f1.pth,raw,0.55,top2,2,0.6666666666666667,0.5294117647058824,0.9,54,48,6,0.5,0.7685185185185185,12.220075052026358,9.94441826799664,0.37961810167807736,0.37961810167807736,0.4953552493364131,114.67592592592592,1.3425925925925926,6,108
,scpdb_apbs_cutoff_fold1_apbs_shape_selected_chem_apbs_posneg_clip20,ResNet3D4L,apbs_shape_selected_chem,apbs_posneg_clip20,ResNet3D4L_best_model_in_terms_of_validation_paper_f1.pth,raw,0.55,top3,3,0.6748466257668712,0.5392156862745098,0.9016393442622951,55,47,6,0.5092592592592593,0.7777777777777778,11.987160584378799,9.716348380765144,0.382309746811583,0.382309746811583,0.4916342025197257,114.67592592592592,1.4444444444444444,6,108
,scpdb_apbs_cutoff_fold1_apbs_shape_selected_chem_apbs_posneg_clip20,ResNet3D4L,apbs_shape_selected_chem,apbs_posneg_clip20,ResNet3D4L_best_model_in_terms_of_validation_paper_f1.pth,raw,0.55,top_n_plus_2,3,0.6748466257668712,0.5392156862745098,0.9016393442622951,55,47,6,0.5092592592592593,0.7777777777777778,11.987160584378799,9.716348380765144,0.382309746811583,0.382309746811583,0.4916342025197257,114.67592592592592,1.4444444444444444,6,108
,scpdb_apbs_cutoff_fold1_apbs_shape_selected_chem_apbs_posneg_clip20,ResNet3D4L,apbs_shape_selected_chem,apbs_posneg_clip20,ResNet3D4L_best_model_in_terms_of_validation_paper_f1.pth,raw,0.6,top1,1,0.65,0.5098039215686274,0.896551724137931,52,50,6,0.48148148148148145,0.7129629629629629,15.121877109193395,12.786164042953365,0.35458583000748684,0.35458583000748684,0.5001463743328366,111.20370370370371,0.9444444444444444,6,108
,scpdb_apbs_cutoff_fold1_apbs_shape_selected_chem_apbs_posneg_clip20,ResNet3D4L,apbs_shape_selected_chem,apbs_posneg_clip20,ResNet3D4L_best_model_in_terms_of_validation_paper_f1.pth,raw,0.6,top2,2,0.6748466257668712,0.5392156862745098,0.9016393442622951,55,47,6,0.5092592592592593,0.7777777777777778,12.201539184410446,9.937619650487765,0.37748816260646234,0.37748816260646234,0.49258532758731066,111.20370370370371,1.3333333333333333,6,108
,scpdb_apbs_cutoff_fold1_apbs_shape_selected_chem_apbs_posneg_clip20,ResNet3D4L,apbs_shape_selected_chem,apbs_posneg_clip20,ResNet3D4L_best_model_in_terms_of_validation_paper_f1.pth,raw,0.6,top3,3,0.6829268292682927,0.5490196078431373,0.9032258064516129,56,46,6,0.5185185185185185,0.7870370370370371,11.967983915377063,9.707503727538782,0.3800721419346277,0.3800721419346277,0.4887725497275706,111.20370370370371,1.4259259259259258,6,108
,scpdb_apbs_cutoff_fold1_apbs_shape_selected_chem_apbs_posneg_clip20,ResNet3D4L,apbs_shape_selected_chem,apbs_posneg_clip20,ResNet3D4L_best_model_in_terms_of_validation_paper_f1.pth,raw,0.6,top_n_plus_2,3,0.6829268292682927,0.5490196078431373,0.9032258064516129,56,46,6,0.5185185185185185,0.7870370370370371,11.967983915377063,9.707503727538782,0.3800721419346277,0.3800721419346277,0.4887725497275706,111.20370370370371,1.4259259259259258,6,108
,scpdb_apbs_cutoff_fold1_apbs_shape_selected_chem_apbs_posneg_clip20,ResNet3D4L,apbs_shape_selected_chem,apbs_posneg_clip20,ResNet3D4L_best_model_in_terms_of_validation_paper_f1.pth,raw,0.7,top1,1,0.6583850931677019,0.5196078431372549,0.8983050847457628,53,49,6,0.49074074074074076,0.7222222222222222,14.676539419980445,12.366757049142482,0.3533268274874916,0.3533268274874916,0.4889760039185298,104.52777777777777,0.9444444444444444,6,108
,scpdb_apbs_cutoff_fold1_apbs_shape_selected_chem_apbs_posneg_clip20,ResNet3D4L,apbs_shape_selected_chem,apbs_posneg_clip20,ResNet3D4L_best_model_in_terms_of_validation_paper_f1.pth,raw,0.7,top2,2,0.6748466257668712,0.5392156862745098,0.9016393442622951,55,47,6,0.5092592592592593,0.7777777777777778,12.158232008590831,9.923426396240815,0.3717607800744502,0.36955150745248494,0.48632419148341244,104.52777777777777,1.3240740740740742,6,108
,scpdb_apbs_cutoff_fold1_apbs_shape_selected_chem_apbs_posneg_clip20,ResNet3D4L,apbs_shape_selected_chem,apbs_posneg_clip20,ResNet3D4L_best_model_in_terms_of_validation_paper_f1.pth,raw,0.7,top3,3,0.6829268292682927,0.5490196078431373,0.9032258064516129,56,46,6,0.5185185185185185,0.7870370370370371,11.923739494587908,9.694178807711,0.3741294277919351,0.37192015516996985,0.4822079372335009,104.52777777777777,1.4351851851851851,6,108
,scpdb_apbs_cutoff_fold1_apbs_shape_selected_chem_apbs_posneg_clip20,ResNet3D4L,apbs_shape_selected_chem,apbs_posneg_clip20,ResNet3D4L_best_model_in_terms_of_validation_paper_f1.pth,raw,0.7,top_n_plus_2,3,0.6829268292682927,0.5490196078431373,0.9032258064516129,56,46,6,0.5185185185185185,0.7870370370370371,11.923739494587908,9.694178807711,0.3741294277919351,0.37192015516996985,0.4822079372335009,104.52777777777777,1.4351851851851851,6,108
,scpdb_apbs_cutoff_fold1_apbs_shape_selected_chem_apbs_posneg_clip20,ResNet3D4L,apbs_shape_selected_chem,apbs_posneg_clip20,ResNet3D4L_best_model_in_terms_of_validation_paper_f1.pth,raw,0.8,top1,1,0.6500000000000001,0.5252525252525253,0.8524590163934426,52,47,9,0.48148148148148145,0.7129629629629629,17.319389461008537,15.11225230954013,0.3406620701258467,0.3406620701258467,0.48037744897577933,96.78703703703704,0.9166666666666666,9,108
,scpdb_apbs_cutoff_fold1_apbs_shape_selected_chem_apbs_posneg_clip20,ResNet3D4L,apbs_shape_selected_chem,apbs_posneg_clip20,ResNet3D4L_best_model_in_terms_of_validation_paper_f1.pth,raw,0.8,top2,2,0.6666666666666665,0.5454545454545454,0.8571428571428571,54,45,9,0.5,0.7685185185185185,14.71822632295052,12.562656988650375,0.3583558631152339,0.3583558631152339,0.4765234909721564,96.78703703703704,1.25,9,108
,scpdb_apbs_cutoff_fold1_apbs_shape_selected_chem_apbs_posneg_clip20,ResNet3D4L,apbs_shape_selected_chem,apbs_posneg_clip20,ResNet3D4L_best_model_in_terms_of_validation_paper_f1.pth,raw,0.8,top3,3,0.6748466257668712,0.5555555555555556,0.859375,55,44,9,0.5092592592592593,0.7777777777777778,14.484026918813756,12.3338155987619,0.36061684502737856,0.36061684502737856,0.47229917380014674,96.78703703703704,1.3240740740740742,9,108
,scpdb_apbs_cutoff_fold1_apbs_shape_selected_chem_apbs_posneg_clip20,ResNet3D4L,apbs_shape_selected_chem,apbs_posneg_clip20,ResNet3D4L_best_model_in_terms_of_validation_paper_f1.pth,raw,0.8,top_n_plus_2,3,0.6748466257668712,0.5555555555555556,0.859375,55,44,9,0.5092592592592593,0.7777777777777778,14.484026918813756,12.3338155987619,0.36061684502737856,0.36061684502737856,0.47229917380014674,96.78703703703704,1.3240740740740742,9,108
,scpdb_apbs_cutoff_fold1_apbs_shape_selected_chem_apbs_posneg_clip20,ResNet3D4L,apbs_shape_selected_chem,apbs_posneg_clip20,ResNet3D4L_best_model_in_terms_of_validation_paper_f1.pth,raw,0.9,top1,1,0.65,0.5306122448979592,0.8387096774193549,52,46,10,0.48148148148148145,0.7037037037037037,18.359410241241175,16.19704356286314,0.3284137491030904,0.3284137491030904,0.46628008716888714,85.25,0.9074074074074074,10,108
,scpdb_apbs_cutoff_fold1_apbs_shape_selected_chem_apbs_posneg_clip20,ResNet3D4L,apbs_shape_selected_chem,apbs_posneg_clip20,ResNet3D4L_best_model_in_terms_of_validation_paper_f1.pth,raw,0.9,top2,2,0.6666666666666666,0.5510204081632653,0.84375,54,44,10,0.5,0.75,16.087880910813006,13.955166922382487,0.34378556237230407,0.34378556237230407,0.46248782056592425,85.25,1.212962962962963,10,108
,scpdb_apbs_cutoff_fold1_apbs_shape_selected_chem_apbs_posneg_clip20,ResNet3D4L,apbs_shape_selected_chem,apbs_posneg_clip20,ResNet3D4L_best_model_in_terms_of_validation_paper_f1.pth,raw,0.9,top3,3,0.6748466257668712,0.5612244897959183,0.8461538461538461,55,43,10,0.5092592592592593,0.7592592592592593,15.847740969573511,13.724545432744705,0.34550821525774755,0.34550821525774755,0.4574616149488694,85.25,1.287037037037037,10,108
,scpdb_apbs_cutoff_fold1_apbs_shape_selected_chem_apbs_posneg_clip20,ResNet3D4L,apbs_shape_selected_chem,apbs_posneg_clip20,ResNet3D4L_best_model_in_terms_of_validation_paper_f1.pth,raw,0.9,top_n_plus_2,3,0.6748466257668712,0.5612244897959183,0.8461538461538461,55,43,10,0.5092592592592593,0.7592592592592593,15.847740969573511,13.724545432744705,0.34550821525774755,0.34550821525774755,0.4574616149488694,85.25,1.287037037037037,10,108
,scpdb_apbs_cutoff_fold1_apbs_shape_selected_chem_apbs_posneg_clip20,UNet3D4LA,apbs_shape_selected_chem,apbs_posneg_clip20,UNet3D4LA_best_model_in_terms_of_validation_paper_f1.pth,raw,0.05,top1,1,0.6242038216560509,0.4537037037037037,1.0,49,59,0,0.4537037037037037,0.7314814814814815,8.760716520004806,6.3500986763812755,0.3751790083180649,0.3751790083180649,0.5089887762493901,209.11111111111111,1.0,0,108
,scpdb_apbs_cutoff_fold1_apbs_shape_selected_chem_apbs_posneg_clip20,UNet3D4LA,apbs_shape_selected_chem,apbs_posneg_clip20,UNet3D4LA_best_model_in_terms_of_validation_paper_f1.pth,raw,0.05,top2,2,0.6748466257668712,0.5092592592592593,1.0,55,53,0,0.5092592592592593,0.7962962962962963,5.988146118699011,3.7213698528984023,0.4065576169398915,0.4065576169398915,0.5027073961565292,209.11111111111111,1.462962962962963,0,108
,scpdb_apbs_cutoff_fold1_apbs_shape_selected_chem_apbs_posneg_clip20,UNet3D4LA,apbs_shape_selected_chem,apbs_posneg_clip20,UNet3D4LA_best_model_in_terms_of_validation_paper_f1.pth,raw,0.05,top3,3,0.6748466257668712,0.5092592592592593,1.0,55,53,0,0.5092592592592593,0.7962962962962963,5.902753483702205,3.6105740161786084,0.4065576169398915,0.4065576169398915,0.5027073961565292,209.11111111111111,1.7222222222222223,0,108
,scpdb_apbs_cutoff_fold1_apbs_shape_selected_chem_apbs_posneg_clip20,UNet3D4LA,apbs_shape_selected_chem,apbs_posneg_clip20,UNet3D4LA_best_model_in_terms_of_validation_paper_f1.pth,raw,0.05,top_n_plus_2,3,0.6748466257668712,0.5092592592592593,1.0,55,53,0,0.5092592592592593,0.7962962962962963,5.902753483702205,3.6105740161786084,0.4065576169398915,0.4065576169398915,0.5027073961565292,209.11111111111111,1.7222222222222223,0,108
,scpdb_apbs_cutoff_fold1_apbs_shape_selected_chem_apbs_posneg_clip20,UNet3D4LA,apbs_shape_selected_chem,apbs_posneg_clip20,UNet3D4LA_best_model_in_terms_of_validation_paper_f1.pth,raw,0.1,top1,1,0.624203821656051,0.45794392523364486,0.98,49,58,1,0.4537037037037037,0.7314814814814815,9.633365215062915,7.292516637110792,0.3818965449556941,0.3818965449556941,0.5221999316253906,188.0648148148148,0.9907407407407407,1,108
,scpdb_apbs_cutoff_fold1_apbs_shape_selected_chem_apbs_posneg_clip20,UNet3D4LA,apbs_shape_selected_chem,apbs_posneg_clip20,UNet3D4LA_best_model_in_terms_of_validation_paper_f1.pth,raw,0.1,top2,2,0.674846625766871,0.514018691588785,0.9821428571428571,55,52,1,0.5092592592592593,0.7962962962962963,6.899172168792431,4.669342366334946,0.41347131535164716,0.41347131535164716,0.5141846129936765,188.0648148148148,1.4351851851851851,1,108
,scpdb_apbs_cutoff_fold1_apbs_shape_selected_chem_apbs_posneg_clip20,UNet3D4LA,apbs_shape_selected_chem,apbs_posneg_clip20,UNet3D4LA_best_model_in_terms_of_validation_paper_f1.pth,raw,0.1,top3,3,0.674846625766871,0.514018691588785,0.9821428571428571,55,52,1,0.5092592592592593,0.7962962962962963,6.832231610483109,4.610472252002736,0.41347131535164716,0.41347131535164716,0.5141846129936765,188.0648148148148,1.6574074074074074,1,108
,scpdb_apbs_cutoff_fold1_apbs_shape_selected_chem_apbs_posneg_clip20,UNet3D4LA,apbs_shape_selected_chem,apbs_posneg_clip20,UNet3D4LA_best_model_in_terms_of_validation_paper_f1.pth,raw,0.1,top_n_plus_2,3,0.674846625766871,0.514018691588785,0.9821428571428571,55,52,1,0.5092592592592593,0.7962962962962963,6.832231610483109,4.610472252002736,0.41347131535164716,0.41347131535164716,0.5141846129936765,188.0648148148148,1.6574074074074074,1,108
,scpdb_apbs_cutoff_fold1_apbs_shape_selected_chem_apbs_posneg_clip20,UNet3D4LA,apbs_shape_selected_chem,apbs_posneg_clip20,UNet3D4LA_best_model_in_terms_of_validation_paper_f1.pth,raw,0.2,top1,1,0.624203821656051,0.45794392523364486,0.98,49,58,1,0.4537037037037037,0.7314814814814815,9.440164038727495,7.157234006151635,0.3878747884515202,0.3878747884515202,0.5355253568487275,169.0462962962963,0.9907407407407407,1,108
,scpdb_apbs_cutoff_fold1_apbs_shape_selected_chem_apbs_posneg_clip20,UNet3D4LA,apbs_shape_selected_chem,apbs_posneg_clip20,UNet3D4LA_best_model_in_terms_of_validation_paper_f1.pth,raw,0.2,top2,2,0.6666666666666666,0.5046728971962616,0.9818181818181818,54,53,1,0.5,0.7777777777777778,6.831924488198715,4.664940913798164,0.4186419635284706,0.4186419635284706,0.5320460572091691,169.0462962962963,1.4074074074074074,1,108
,scpdb_apbs_cutoff_fold1_apbs_shape_selected_chem_apbs_posneg_clip20,UNet3D4LA,apbs_shape_selected_chem,apbs_posneg_clip20,UNet3D4LA_best_model_in_terms_of_validation_paper_f1.pth,raw,0.2,top3,3,0.6666666666666666,0.5046728971962616,0.9818181818181818,54,53,1,0.5,0.7777777777777778,6.765055443026449,4.605854961268374,0.4186419635284706,0.4186419635284706,0.5320460572091691,169.0462962962963,1.6296296296296295,1,108
,scpdb_apbs_cutoff_fold1_apbs_shape_selected_chem_apbs_posneg_clip20,UNet3D4LA,apbs_shape_selected_chem,apbs_posneg_clip20,UNet3D4LA_best_model_in_terms_of_validation_paper_f1.pth,raw,0.2,top_n_plus_2,3,0.6666666666666666,0.5046728971962616,0.9818181818181818,54,53,1,0.5,0.7777777777777778,6.765055443026449,4.605854961268374,0.4186419635284706,0.4186419635284706,0.5320460572091691,169.0462962962963,1.6296296296296295,1,108
,scpdb_apbs_cutoff_fold1_apbs_shape_selected_chem_apbs_posneg_clip20,UNet3D4LA,apbs_shape_selected_chem,apbs_posneg_clip20,UNet3D4LA_best_model_in_terms_of_validation_paper_f1.pth,raw,0.3,top1,1,0.6415094339622641,0.4766355140186916,0.9807692307692307,51,56,1,0.4722222222222222,0.7314814814814815,8.845255180948122,6.5547456407717,0.3936131865734565,0.3936131865734565,0.5366780213015285,157.62037037037038,0.9907407407407407,1,108
,scpdb_apbs_cutoff_fold1_apbs_shape_selected_chem_apbs_posneg_clip20,UNet3D4LA,apbs_shape_selected_chem,apbs_posneg_clip20,UNet3D4LA_best_model_in_terms_of_validation_paper_f1.pth,raw,0.3,top2,2,0.674846625766871,0.514018691588785,0.9821428571428571,55,52,1,0.5092592592592593,0.7962962962962963,6.882511888180477,4.699586587420865,0.41825992539749673,0.41825992539749673,0.5346967042167248,157.62037037037038,1.3981481481481481,1,108
,scpdb_apbs_cutoff_fold1_apbs_shape_selected_chem_apbs_posneg_clip20,UNet3D4LA,apbs_shape_selected_chem,apbs_posneg_clip20,UNet3D4LA_best_model_in_terms_of_validation_paper_f1.pth,raw,0.3,top3,3,0.6829268292682926,0.5233644859813084,0.9824561403508771,56,51,1,0.5185185185185185,0.8055555555555556,6.705261867874501,4.535718267403352,0.42105923633634257,0.42105923633634257,0.5305472198806288,157.62037037037038,1.6296296296296295,1,108
,scpdb_apbs_cutoff_fold1_apbs_shape_selected_chem_apbs_posneg_clip20,UNet3D4LA,apbs_shape_selected_chem,apbs_posneg_clip20,UNet3D4LA_best_model_in_terms_of_validation_paper_f1.pth,raw,0.3,top_n_plus_2,3,0.6829268292682926,0.5233644859813084,0.9824561403508771,56,51,1,0.5185185185185185,0.8055555555555556,6.705261867874501,4.535718267403352,0.42105923633634257,0.42105923633634257,0.5305472198806288,157.62037037037038,1.6296296296296295,1,108
,scpdb_apbs_cutoff_fold1_apbs_shape_selected_chem_apbs_posneg_clip20,UNet3D4LA,apbs_shape_selected_chem,apbs_posneg_clip20,UNet3D4LA_best_model_in_terms_of_validation_paper_f1.pth,raw,0.35,top1,1,0.6415094339622641,0.4766355140186916,0.9807692307692307,51,56,1,0.4722222222222222,0.7314814814814815,8.84875956837212,6.543560303280142,0.39393979779576227,0.39393979779576227,0.5377225423580074,153.32407407407408,0.9907407407407407,1,108
,scpdb_apbs_cutoff_fold1_apbs_shape_selected_chem_apbs_posneg_clip20,UNet3D4LA,apbs_shape_selected_chem,apbs_posneg_clip20,UNet3D4LA_best_model_in_terms_of_validation_paper_f1.pth,raw,0.35,top2,2,0.674846625766871,0.514018691588785,0.9821428571428571,55,52,1,0.5092592592592593,0.7962962962962963,6.893280646601643,4.695460232704992,0.4183866986651345,0.4183866986651345,0.5352457277700461,153.32407407407408,1.3981481481481481,1,108
,scpdb_apbs_cutoff_fold1_apbs_shape_selected_chem_apbs_posneg_clip20,UNet3D4LA,apbs_shape_selected_chem,apbs_posneg_clip20,UNet3D4LA_best_model_in_terms_of_validation_paper_f1.pth,raw,0.35,top3,3,0.6829268292682926,0.5233644859813084,0.9824561403508771,56,51,1,0.5185185185185185,0.8055555555555556,6.716022310776922,4.530851260025934,0.42097067799329985,0.42097067799329985,0.5306711570498999,153.32407407407408,1.6296296296296295,1,108
,scpdb_apbs_cutoff_fold1_apbs_shape_selected_chem_apbs_posneg_clip20,UNet3D4LA,apbs_shape_selected_chem,apbs_posneg_clip20,UNet3D4LA_best_model_in_terms_of_validation_paper_f1.pth,raw,0.35,top_n_plus_2,3,0.6829268292682926,0.5233644859813084,0.9824561403508771,56,51,1,0.5185185185185185,0.8055555555555556,6.716022310776922,4.530851260025934,0.42097067799329985,0.42097067799329985,0.5306711570498999,153.32407407407408,1.6296296296296295,1,108
,scpdb_apbs_cutoff_fold1_apbs_shape_selected_chem_apbs_posneg_clip20,UNet3D4LA,apbs_shape_selected_chem,apbs_posneg_clip20,UNet3D4LA_best_model_in_terms_of_validation_paper_f1.pth,raw,0.4,top1,1,0.6583850931677019,0.5,0.9636363636363636,53,53,2,0.49074074074074076,0.7407407407407407,9.549763985922892,7.359143386517588,0.3998221256321852,0.3998221256321852,0.5343550659571934,149.16666666666666,0.9814814814814815,2,108
,scpdb_apbs_cutoff_fold1_apbs_shape_selected_chem_apbs_posneg_clip20,UNet3D4LA,apbs_shape_selected_chem,apbs_posneg_clip20,UNet3D4LA_best_model_in_terms_of_validation_paper_f1.pth,raw,0.4,top2,2,0.6909090909090908,0.5377358490566038,0.9661016949152542,57,49,2,0.5277777777777778,0.7962962962962963,7.7811796432488265,5.651859344814436,0.4194069601741041,0.4194069601741041,0.5252145237656116,149.16666666666666,1.3981481481481481,2,108
,scpdb_apbs_cutoff_fold1_apbs_shape_selected_chem_apbs_posneg_clip20,UNet3D4LA,apbs_shape_selected_chem,apbs_posneg_clip20,UNet3D4LA_best_model_in_terms_of_validation_paper_f1.pth,raw,0.4,top3,3,0.6987951807228916,0.5471698113207547,0.9666666666666667,58,48,2,0.5370370370370371,0.8055555555555556,7.6725935696740395,5.550438555104012,0.421775607891589,0.421775607891589,0.5205696863470385,149.16666666666666,1.6111111111111112,2,108
,scpdb_apbs_cutoff_fold1_apbs_shape_selected_chem_apbs_posneg_clip20,UNet3D4LA,apbs_shape_selected_chem,apbs_posneg_clip20,UNet3D4LA_best_model_in_terms_of_validation_paper_f1.pth,raw,0.4,top_n_plus_2,3,0.6987951807228916,0.5471698113207547,0.9666666666666667,58,48,2,0.5370370370370371,0.8055555555555556,7.6725935696740395,5.550438555104012,0.421775607891589,0.421775607891589,0.5205696863470385,149.16666666666666,1.6111111111111112,2,108
,scpdb_apbs_cutoff_fold1_apbs_shape_selected_chem_apbs_posneg_clip20,UNet3D4LA,apbs_shape_selected_chem,apbs_posneg_clip20,UNet3D4LA_best_model_in_terms_of_validation_paper_f1.pth,raw,0.45,top1,1,0.6583850931677019,0.5,0.9636363636363636,53,53,2,0.49074074074074076,0.7314814814814815,9.822650340818923,7.524490748570967,0.3912570581718103,0.3912570581718103,0.5267925735098059,145.12962962962962,0.9814814814814815,2,108
,scpdb_apbs_cutoff_fold1_apbs_shape_selected_chem_apbs_posneg_clip20,UNet3D4LA,apbs_shape_selected_chem,apbs_posneg_clip20,UNet3D4LA_best_model_in_terms_of_validation_paper_f1.pth,raw,0.45,top2,2,0.7065868263473054,0.5566037735849056,0.9672131147540983,59,47,2,0.5462962962962963,0.7962962962962963,7.726772444868543,5.576221985192391,0.421247983778302,0.421247983778302,0.520290299681887,145.12962962962962,1.3888888888888888,2,108
,scpdb_apbs_cutoff_fold1_apbs_shape_selected_chem_apbs_posneg_clip20,UNet3D4LA,apbs_shape_selected_chem,apbs_posneg_clip20,UNet3D4LA_best_model_in_terms_of_validation_paper_f1.pth,raw,0.45,top3,3,0.7142857142857144,0.5660377358490566,0.967741935483871,60,46,2,0.5555555555555556,0.8055555555555556,7.618186371293755,5.474801195481968,0.42361663149578693,0.42361663149578693,0.5158823605786619,145.12962962962962,1.5925925925925926,2,108
,scpdb_apbs_cutoff_fold1_apbs_shape_selected_chem_apbs_posneg_clip20,UNet3D4LA,apbs_shape_selected_chem,apbs_posneg_clip20,UNet3D4LA_best_model_in_terms_of_validation_paper_f1.pth,raw,0.45,top_n_plus_2,3,0.7142857142857144,0.5660377358490566,0.967741935483871,60,46,2,0.5555555555555556,0.8055555555555556,7.618186371293755,5.474801195481968,0.42361663149578693,0.42361663149578693,0.5158823605786619,145.12962962962962,1.5925925925925926,2,108
,scpdb_apbs_cutoff_fold1_apbs_shape_selected_chem_apbs_posneg_clip20,UNet3D4LA,apbs_shape_selected_chem,apbs_posneg_clip20,UNet3D4LA_best_model_in_terms_of_validation_paper_f1.pth,raw,0.5,top1,1,0.6583850931677019,0.5,0.9636363636363636,53,53,2,0.49074074074074076,0.7407407407407407,9.850684252497926,7.579075788161981,0.3950343082717834,0.3950343082717834,0.5290953586417301,141.52777777777777,0.9814814814814815,2,108
,scpdb_apbs_cutoff_fold1_apbs_shape_selected_chem_apbs_posneg_clip20,UNet3D4LA,apbs_shape_selected_chem,apbs_posneg_clip20,UNet3D4LA_best_model_in_terms_of_validation_paper_f1.pth,raw,0.5,top2,2,0.6987951807228916,0.5471698113207547,0.9666666666666667,58,48,2,0.5370370370370371,0.8055555555555556,7.674527141483116,5.534256295318708,0.42294637515783623,0.42294637515783623,0.5218700773544803,141.52777777777777,1.3888888888888888,2,108
,scpdb_apbs_cutoff_fold1_apbs_shape_selected_chem_apbs_posneg_clip20,UNet3D4LA,apbs_shape_selected_chem,apbs_posneg_clip20,UNet3D4LA_best_model_in_terms_of_validation_paper_f1.pth,raw,0.5,top3,3,0.7065868263473054,0.5566037735849056,0.9672131147540983,59,47,2,0.5462962962962963,0.8148148148148148,7.565941067908329,5.432835505608286,0.42531502287532114,0.42531502287532114,0.5173606515262412,141.52777777777777,1.5925925925925926,2,108
,scpdb_apbs_cutoff_fold1_apbs_shape_selected_chem_apbs_posneg_clip20,UNet3D4LA,apbs_shape_selected_chem,apbs_posneg_clip20,UNet3D4LA_best_model_in_terms_of_validation_paper_f1.pth,raw,0.5,top_n_plus_2,3,0.7065868263473054,0.5566037735849056,0.9672131147540983,59,47,2,0.5462962962962963,0.8148148148148148,7.565941067908329,5.432835505608286,0.42531502287532114,0.42531502287532114,0.5173606515262412,141.52777777777777,1.5925925925925926,2,108
,scpdb_apbs_cutoff_fold1_apbs_shape_selected_chem_apbs_posneg_clip20,UNet3D4LA,apbs_shape_selected_chem,apbs_posneg_clip20,UNet3D4LA_best_model_in_terms_of_validation_paper_f1.pth,raw,0.55,top1,1,0.6666666666666666,0.5094339622641509,0.9642857142857143,54,52,2,0.5,0.7592592592592593,9.329416144627874,7.112093678750849,0.4045314911757328,0.4045314911757328,0.5304920617836031,137.80555555555554,0.9814814814814815,2,108
,scpdb_apbs_cutoff_fold1_apbs_shape_selected_chem_apbs_posneg_clip20,UNet3D4LA,apbs_shape_selected_chem,apbs_posneg_clip20,UNet3D4LA_best_model_in_terms_of_validation_paper_f1.pth,raw,0.55,top2,2,0.6987951807228916,0.5471698113207547,0.9666666666666667,58,48,2,0.5370370370370371,0.7962962962962963,7.753755263400475,5.653882097817266,0.4211952877187483,0.4211952877187483,0.5204199413975084,137.80555555555554,1.3981481481481481,2,108
,scpdb_apbs_cutoff_fold1_apbs_shape_selected_chem_apbs_posneg_clip20,UNet3D4LA,apbs_shape_selected_chem,apbs_posneg_clip20,UNet3D4LA_best_model_in_terms_of_validation_paper_f1.pth,raw,0.55,top3,3,0.7142857142857144,0.5660377358490566,0.967741935483871,60,46,2,0.5555555555555556,0.8148148148148148,7.321169440675,5.210210146059558,0.42789184687454296,0.42789184687454296,0.512312563684169,137.80555555555554,1.6018518518518519,2,108
,scpdb_apbs_cutoff_fold1_apbs_shape_selected_chem_apbs_posneg_clip20,UNet3D4LA,apbs_shape_selected_chem,apbs_posneg_clip20,UNet3D4LA_best_model_in_terms_of_validation_paper_f1.pth,raw,0.55,top_n_plus_2,3,0.7142857142857144,0.5660377358490566,0.967741935483871,60,46,2,0.5555555555555556,0.8148148148148148,7.321169440675,5.210210146059558,0.42789184687454296,0.42789184687454296,0.512312563684169,137.80555555555554,1.6018518518518519,2,108
,scpdb_apbs_cutoff_fold1_apbs_shape_selected_chem_apbs_posneg_clip20,UNet3D4LA,apbs_shape_selected_chem,apbs_posneg_clip20,UNet3D4LA_best_model_in_terms_of_validation_paper_f1.pth,raw,0.6,top1,1,0.6583850931677019,0.5047619047619047,0.9464285714285714,53,52,3,0.49074074074074076,0.75,10.223372888622535,8.068864497541787,0.3981797741937576,0.3981797741937576,0.5277296117607676,134.12962962962962,0.9722222222222222,3,108
,scpdb_apbs_cutoff_fold1_apbs_shape_selected_chem_apbs_posneg_clip20,UNet3D4LA,apbs_shape_selected_chem,apbs_posneg_clip20,UNet3D4LA_best_model_in_terms_of_validation_paper_f1.pth,raw,0.6,top2,2,0.6987951807228915,0.5523809523809524,0.9508196721311475,58,47,3,0.5370370370370371,0.7962962962962963,8.406682804163983,6.344196170116998,0.4224545353314503,0.4224545353314503,0.5199496613550841,134.12962962962962,1.3888888888888888,3,108
,scpdb_apbs_cutoff_fold1_apbs_shape_selected_chem_apbs_posneg_clip20,UNet3D4LA,apbs_shape_selected_chem,apbs_posneg_clip20,UNet3D4LA_best_model_in_terms_of_validation_paper_f1.pth,raw,0.6,top3,3,0.7142857142857142,0.5714285714285714,0.9523809523809523,60,45,3,0.5555555555555556,0.8148148148148148,8.070351770980203,6.020422429529557,0.42763911235510765,0.42763911235510765,0.5119502446191648,134.12962962962962,1.5925925925925926,3,108
,scpdb_apbs_cutoff_fold1_apbs_shape_selected_chem_apbs_posneg_clip20,UNet3D4LA,apbs_shape_selected_chem,apbs_posneg_clip20,UNet3D4LA_best_model_in_terms_of_validation_paper_f1.pth,raw,0.6,top_n_plus_2,3,0.7142857142857142,0.5714285714285714,0.9523809523809523,60,45,3,0.5555555555555556,0.8148148148148148,8.070351770980203,6.020422429529557,0.42763911235510765,0.42763911235510765,0.5119502446191648,134.12962962962962,1.5925925925925926,3,108
,scpdb_apbs_cutoff_fold1_apbs_shape_selected_chem_apbs_posneg_clip20,UNet3D4LA,apbs_shape_selected_chem,apbs_posneg_clip20,UNet3D4LA_best_model_in_terms_of_validation_paper_f1.pth,raw,0.7,top1,1,0.6583850931677019,0.5047619047619047,0.9464285714285714,53,52,3,0.49074074074074076,0.7592592592592593,10.100089311669134,7.924408745499028,0.40096283593726445,0.40096283593726445,0.5322461543841728,126.38888888888889,0.9722222222222222,3,108
,scpdb_apbs_cutoff_fold1_apbs_shape_selected_chem_apbs_posneg_clip20,UNet3D4LA,apbs_shape_selected_chem,apbs_posneg_clip20,UNet3D4LA_best_model_in_terms_of_validation_paper_f1.pth,raw,0.7,top2,2,0.6829268292682926,0.5333333333333333,0.9491525423728814,56,49,3,0.5185185185185185,0.8055555555555556,8.426264426815937,6.336271521467929,0.41889912451417216,0.41889912451417216,0.5247016474436915,126.38888888888889,1.3703703703703705,3,108
,scpdb_apbs_cutoff_fold1_apbs_shape_selected_chem_apbs_posneg_clip20,UNet3D4LA,apbs_shape_selected_chem,apbs_posneg_clip20,UNet3D4LA_best_model_in_terms_of_validation_paper_f1.pth,raw,0.7,top3,3,0.6987951807228915,0.5523809523809524,0.9508196721311475,58,47,3,0.5370370370370371,0.8240740740740741,8.087009058067828,6.011237173956597,0.42348592325572276,0.42348592325572276,0.5151494227747274,126.38888888888889,1.5555555555555556,3,108
,scpdb_apbs_cutoff_fold1_apbs_shape_selected_chem_apbs_posneg_clip20,UNet3D4LA,apbs_shape_selected_chem,apbs_posneg_clip20,UNet3D4LA_best_model_in_terms_of_validation_paper_f1.pth,raw,0.7,top_n_plus_2,3,0.6987951807228915,0.5523809523809524,0.9508196721311475,58,47,3,0.5370370370370371,0.8240740740740741,8.087009058067828,6.011237173956597,0.42348592325572276,0.42348592325572276,0.5151494227747274,126.38888888888889,1.5555555555555556,3,108
,scpdb_apbs_cutoff_fold1_apbs_shape_selected_chem_apbs_posneg_clip20,UNet3D4LA,apbs_shape_selected_chem,apbs_posneg_clip20,UNet3D4LA_best_model_in_terms_of_validation_paper_f1.pth,raw,0.8,top1,1,0.65,0.49523809523809526,0.9454545454545454,52,53,3,0.48148148148148145,0.7407407407407407,10.21770091499457,7.990502063440662,0.3908626938198221,0.3908626938198221,0.5223939972381916,116.66666666666667,0.9722222222222222,3,108
,scpdb_apbs_cutoff_fold1_apbs_shape_selected_chem_apbs_posneg_clip20,UNet3D4LA,apbs_shape_selected_chem,apbs_posneg_clip20,UNet3D4LA_best_model_in_terms_of_validation_paper_f1.pth,raw,0.8,top2,2,0.6987951807228915,0.5523809523809524,0.9508196721311475,58,47,3,0.5370370370370371,0.8055555555555556,8.449691860517596,6.427477533384528,0.4131853341410305,0.4131853341410305,0.5071848974181166,116.66666666666667,1.3888888888888888,3,108
,scpdb_apbs_cutoff_fold1_apbs_shape_selected_chem_apbs_posneg_clip20,UNet3D4LA,apbs_shape_selected_chem,apbs_posneg_clip20,UNet3D4LA_best_model_in_terms_of_validation_paper_f1.pth,raw,0.8,top3,3,0.7065868263473054,0.5619047619047619,0.9516129032258065,59,46,3,0.5462962962962963,0.8148148148148148,8.243986017394851,6.21157789443256,0.416056955762652,0.416056955762652,0.5015546449195044,116.66666666666667,1.5648148148148149,3,108
,scpdb_apbs_cutoff_fold1_apbs_shape_selected_chem_apbs_posneg_clip20,UNet3D4LA,apbs_shape_selected_chem,apbs_posneg_clip20,UNet3D4LA_best_model_in_terms_of_validation_paper_f1.pth,raw,0.8,top_n_plus_2,3,0.7065868263473054,0.5619047619047619,0.9516129032258065,59,46,3,0.5462962962962963,0.8148148148148148,8.243986017394851,6.21157789443256,0.416056955762652,0.416056955762652,0.5015546449195044,116.66666666666667,1.5648148148148149,3,108
,scpdb_apbs_cutoff_fold1_apbs_shape_selected_chem_apbs_posneg_clip20,UNet3D4LA,apbs_shape_selected_chem,apbs_posneg_clip20,UNet3D4LA_best_model_in_terms_of_validation_paper_f1.pth,raw,0.9,top1,1,0.65,0.49523809523809526,0.9454545454545454,52,53,3,0.48148148148148145,0.7314814814814815,10.796492367199367,8.467520191472063,0.37288542403086705,0.37288542403086705,0.5096482457445335,101.13888888888889,0.9722222222222222,3,108
,scpdb_apbs_cutoff_fold1_apbs_shape_selected_chem_apbs_posneg_clip20,UNet3D4LA,apbs_shape_selected_chem,apbs_posneg_clip20,UNet3D4LA_best_model_in_terms_of_validation_paper_f1.pth,raw,0.9,top2,2,0.6909090909090908,0.5428571428571428,0.95,57,48,3,0.5277777777777778,0.8148148148148148,8.503748207269421,6.438178887097165,0.39810289169282304,0.39778360689077963,0.49652827385613757,101.13888888888889,1.3611111111111112,3,108
,scpdb_apbs_cutoff_fold1_apbs_shape_selected_chem_apbs_posneg_clip20,UNet3D4LA,apbs_shape_selected_chem,apbs_posneg_clip20,UNet3D4LA_best_model_in_terms_of_validation_paper_f1.pth,raw,0.9,top3,3,0.6987951807228915,0.5523809523809524,0.9508196721311475,58,47,3,0.5370370370370371,0.8240740740740741,8.396980266013989,6.343697747215923,0.3992602991002304,0.39894101429818707,0.49012261396206624,101.13888888888889,1.5092592592592593,3,108
,scpdb_apbs_cutoff_fold1_apbs_shape_selected_chem_apbs_posneg_clip20,UNet3D4LA,apbs_shape_selected_chem,apbs_posneg_clip20,UNet3D4LA_best_model_in_terms_of_validation_paper_f1.pth,raw,0.9,top_n_plus_2,3,0.6987951807228915,0.5523809523809524,0.9508196721311475,58,47,3,0.5370370370370371,0.8240740740740741,8.396980266013989,6.343697747215923,0.3992602991002304,0.39894101429818707,0.49012261396206624,101.13888888888889,1.5092592592592593,3,108
,scpdb_apbs_cutoff_fold1_apbs_shape_selected_chem_apbs_posneg_clip20,UNetPlusPlus3D,apbs_shape_selected_chem,apbs_posneg_clip20,UNetPlusPlus3D_best_model_in_terms_of_validation_paper_f1.pth,raw,0.05,top1,1,0.6829268292682926,0.5233644859813084,0.9824561403508771,56,51,1,0.5185185185185185,0.7592592592592593,9.585013731995613,7.169391388760033,0.3943363697608799,0.3943363697608799,0.5279842767641905,154.9814814814815,0.9907407407407407,1,108
,scpdb_apbs_cutoff_fold1_apbs_shape_selected_chem_apbs_posneg_clip20,UNetPlusPlus3D,apbs_shape_selected_chem,apbs_posneg_clip20,UNetPlusPlus3D_best_model_in_terms_of_validation_paper_f1.pth,raw,0.05,top2,2,0.7142857142857142,0.5607476635514018,0.9836065573770492,60,47,1,0.5555555555555556,0.7962962962962963,7.367047584056395,4.9735993809459,0.41753966344040355,0.41753966344040355,0.5214628038548464,154.9814814814815,1.3981481481481481,1,108
,scpdb_apbs_cutoff_fold1_apbs_shape_selected_chem_apbs_posneg_clip20,UNetPlusPlus3D,apbs_shape_selected_chem,apbs_posneg_clip20,UNetPlusPlus3D_best_model_in_terms_of_validation_paper_f1.pth,raw,0.05,top3,3,0.7142857142857142,0.5607476635514018,0.9836065573770492,60,47,1,0.5555555555555556,0.7962962962962963,7.367047584056395,4.9735993809459,0.41753966344040355,0.41753966344040355,0.5214628038548464,154.9814814814815,1.4814814814814814,1,108
,scpdb_apbs_cutoff_fold1_apbs_shape_selected_chem_apbs_posneg_clip20,UNetPlusPlus3D,apbs_shape_selected_chem,apbs_posneg_clip20,UNetPlusPlus3D_best_model_in_terms_of_validation_paper_f1.pth,raw,0.05,top_n_plus_2,3,0.7142857142857142,0.5607476635514018,0.9836065573770492,60,47,1,0.5555555555555556,0.7962962962962963,7.367047584056395,4.9735993809459,0.41753966344040355,0.41753966344040355,0.5214628038548464,154.9814814814815,1.4814814814814814,1,108
,scpdb_apbs_cutoff_fold1_apbs_shape_selected_chem_apbs_posneg_clip20,UNetPlusPlus3D,apbs_shape_selected_chem,apbs_posneg_clip20,UNetPlusPlus3D_best_model_in_terms_of_validation_paper_f1.pth,raw,0.1,top1,1,0.674846625766871,0.514018691588785,0.9821428571428571,55,52,1,0.5092592592592593,0.7685185185185185,9.597580901437887,7.174001983787726,0.39504447495593953,0.39504447495593953,0.5352630010351459,143.55555555555554,0.9907407407407407,1,108
,scpdb_apbs_cutoff_fold1_apbs_shape_selected_chem_apbs_posneg_clip20,UNetPlusPlus3D,apbs_shape_selected_chem,apbs_posneg_clip20,UNetPlusPlus3D_best_model_in_terms_of_validation_paper_f1.pth,raw,0.1,top2,2,0.6987951807228916,0.5420560747663551,0.9830508474576272,58,49,1,0.5370370370370371,0.8055555555555556,7.383242994783829,4.9845000670644035,0.41714498825966606,0.41714498825966606,0.5246665529456329,143.55555555555554,1.3981481481481481,1,108
,scpdb_apbs_cutoff_fold1_apbs_shape_selected_chem_apbs_posneg_clip20,UNetPlusPlus3D,apbs_shape_selected_chem,apbs_posneg_clip20,UNetPlusPlus3D_best_model_in_terms_of_validation_paper_f1.pth,raw,0.1,top3,3,0.6987951807228916,0.5420560747663551,0.9830508474576272,58,49,1,0.5370370370370371,0.8055555555555556,7.383242994783829,4.9845000670644035,0.41714498825966606,0.41714498825966606,0.5246665529456329,143.55555555555554,1.4722222222222223,1,108
,scpdb_apbs_cutoff_fold1_apbs_shape_selected_chem_apbs_posneg_clip20,UNetPlusPlus3D,apbs_shape_selected_chem,apbs_posneg_clip20,UNetPlusPlus3D_best_model_in_terms_of_validation_paper_f1.pth,raw,0.1,top_n_plus_2,3,0.6987951807228916,0.5420560747663551,0.9830508474576272,58,49,1,0.5370370370370371,0.8055555555555556,7.383242994783829,4.9845000670644035,0.41714498825966606,0.41714498825966606,0.5246665529456329,143.55555555555554,1.4722222222222223,1,108
,scpdb_apbs_cutoff_fold1_apbs_shape_selected_chem_apbs_posneg_clip20,UNetPlusPlus3D,apbs_shape_selected_chem,apbs_posneg_clip20,UNetPlusPlus3D_best_model_in_terms_of_validation_paper_f1.pth,raw,0.2,top1,1,0.6909090909090909,0.5327102803738317,0.9827586206896551,57,50,1,0.5277777777777778,0.7685185185185185,9.610448885803713,7.1753696731763945,0.3939672852947688,0.3939672852947688,0.5387088383236028,132.30555555555554,0.9907407407407407,1,108
,scpdb_apbs_cutoff_fold1_apbs_shape_selected_chem_apbs_posneg_clip20,UNetPlusPlus3D,apbs_shape_selected_chem,apbs_posneg_clip20,UNetPlusPlus3D_best_model_in_terms_of_validation_paper_f1.pth,raw,0.2,top2,2,0.7142857142857142,0.5607476635514018,0.9836065573770492,60,47,1,0.5555555555555556,0.8055555555555556,7.414955871820519,5.002341662239035,0.4145470219791123,0.4145470219791123,0.5266848196707811,132.30555555555554,1.3888888888888888,1,108
,scpdb_apbs_cutoff_fold1_apbs_shape_selected_chem_apbs_posneg_clip20,UNetPlusPlus3D,apbs_shape_selected_chem,apbs_posneg_clip20,UNetPlusPlus3D_best_model_in_terms_of_validation_paper_f1.pth,raw,0.2,top3,3,0.7218934911242603,0.5700934579439252,0.9838709677419355,61,46,1,0.5648148148148148,0.8055555555555556,7.369136886615061,4.994581769983569,0.4145470219791123,0.41263584083999,0.5190752324630633,132.30555555555554,1.4537037037037037,1,108
,scpdb_apbs_cutoff_fold1_apbs_shape_selected_chem_apbs_posneg_clip20,UNetPlusPlus3D,apbs_shape_selected_chem,apbs_posneg_clip20,UNetPlusPlus3D_best_model_in_terms_of_validation_paper_f1.pth,raw,0.2,top_n_plus_2,3,0.7218934911242603,0.5700934579439252,0.9838709677419355,61,46,1,0.5648148148148148,0.8055555555555556,7.369136886615061,4.994581769983569,0.4145470219791123,0.41263584083999,0.5190752324630633,132.30555555555554,1.4537037037037037,1,108
,scpdb_apbs_cutoff_fold1_apbs_shape_selected_chem_apbs_posneg_clip20,UNetPlusPlus3D,apbs_shape_selected_chem,apbs_posneg_clip20,UNetPlusPlus3D_best_model_in_terms_of_validation_paper_f1.pth,raw,0.3,top1,1,0.674846625766871,0.514018691588785,0.9821428571428571,55,52,1,0.5092592592592593,0.7685185185185185,9.61390397920118,7.169666940800773,0.3943521337444951,0.3943521337444951,0.5423799287547376,124.61111111111111,0.9907407407407407,1,108
,scpdb_apbs_cutoff_fold1_apbs_shape_selected_chem_apbs_posneg_clip20,UNetPlusPlus3D,apbs_shape_selected_chem,apbs_posneg_clip20,UNetPlusPlus3D_best_model_in_terms_of_validation_paper_f1.pth,raw,0.3,top2,2,0.6987951807228916,0.5420560747663551,0.9830508474576272,58,49,1,0.5370370370370371,0.8055555555555556,7.523386059919407,5.121453310816035,0.41375114326983936,0.41375114326983936,0.5282249412650891,124.61111111111111,1.3703703703703705,1,108
,scpdb_apbs_cutoff_fold1_apbs_shape_selected_chem_apbs_posneg_clip20,UNetPlusPlus3D,apbs_shape_selected_chem,apbs_posneg_clip20,UNetPlusPlus3D_best_model_in_terms_of_validation_paper_f1.pth,raw,0.3,top3,3,0.6987951807228916,0.5420560747663551,0.9830508474576272,58,49,1,0.5370370370370371,0.8055555555555556,7.522978361445807,5.121453310816035,0.41375114326983936,0.41353068471604754,0.5282249412650891,124.61111111111111,1.4259259259259258,1,108
,scpdb_apbs_cutoff_fold1_apbs_shape_selected_chem_apbs_posneg_clip20,UNetPlusPlus3D,apbs_shape_selected_chem,apbs_posneg_clip20,UNetPlusPlus3D_best_model_in_terms_of_validation_paper_f1.pth,raw,0.3,top_n_plus_2,3,0.6987951807228916,0.5420560747663551,0.9830508474576272,58,49,1,0.5370370370370371,0.8055555555555556,7.522978361445807,5.121453310816035,0.41375114326983936,0.41353068471604754,0.5282249412650891,124.61111111111111,1.4259259259259258,1,108
,scpdb_apbs_cutoff_fold1_apbs_shape_selected_chem_apbs_posneg_clip20,UNetPlusPlus3D,apbs_shape_selected_chem,apbs_posneg_clip20,UNetPlusPlus3D_best_model_in_terms_of_validation_paper_f1.pth,raw,0.35,top1,1,0.6666666666666666,0.5046728971962616,0.9818181818181818,54,53,1,0.5,0.7685185185185185,9.61267893593082,7.169008396221558,0.3939368816515926,0.3939368816515926,0.5355660899512673,121.70370370370371,0.9907407407407407,1,108
,scpdb_apbs_cutoff_fold1_apbs_shape_selected_chem_apbs_posneg_clip20,UNetPlusPlus3D,apbs_shape_selected_chem,apbs_posneg_clip20,UNetPlusPlus3D_best_model_in_terms_of_validation_paper_f1.pth,raw,0.35,top2,2,0.6909090909090909,0.5327102803738317,0.9827586206896551,57,50,1,0.5277777777777778,0.8055555555555556,7.774849601172556,5.402180830953511,0.41257729620857797,0.41257729620857797,0.5211533908065454,121.70370370370371,1.3425925925925926,1,108
,scpdb_apbs_cutoff_fold1_apbs_shape_selected_chem_apbs_posneg_clip20,UNetPlusPlus3D,apbs_shape_selected_chem,apbs_posneg_clip20,UNetPlusPlus3D_best_model_in_terms_of_validation_paper_f1.pth,raw,0.35,top3,3,0.6909090909090909,0.5327102803738317,0.9827586206896551,57,50,1,0.5277777777777778,0.8055555555555556,7.774849601172556,5.402180830953511,0.41257729620857797,0.41257729620857797,0.5211533908065454,121.70370370370371,1.3888888888888888,1,108
,scpdb_apbs_cutoff_fold1_apbs_shape_selected_chem_apbs_posneg_clip20,UNetPlusPlus3D,apbs_shape_selected_chem,apbs_posneg_clip20,UNetPlusPlus3D_best_model_in_terms_of_validation_paper_f1.pth,raw,0.35,top_n_plus_2,3,0.6909090909090909,0.5327102803738317,0.9827586206896551,57,50,1,0.5277777777777778,0.8055555555555556,7.774849601172556,5.402180830953511,0.41257729620857797,0.41257729620857797,0.5211533908065454,121.70370370370371,1.3888888888888888,1,108
,scpdb_apbs_cutoff_fold1_apbs_shape_selected_chem_apbs_posneg_clip20,UNetPlusPlus3D,apbs_shape_selected_chem,apbs_posneg_clip20,UNetPlusPlus3D_best_model_in_terms_of_validation_paper_f1.pth,raw,0.4,top1,1,0.674846625766871,0.5188679245283019,0.9649122807017544,55,51,2,0.5092592592592593,0.7685185185185185,10.466390606305978,8.074750708621309,0.3922105890039796,0.3922105890039796,0.5339398799234925,118.96296296296296,0.9814814814814815,2,108
,scpdb_apbs_cutoff_fold1_apbs_shape_selected_chem_apbs_posneg_clip20,UNetPlusPlus3D,apbs_shape_selected_chem,apbs_posneg_clip20,UNetPlusPlus3D_best_model_in_terms_of_validation_paper_f1.pth,raw,0.4,top2,2,0.6987951807228916,0.5471698113207547,0.9666666666666667,58,48,2,0.5370370370370371,0.8055555555555556,8.625886305643004,6.303891494345352,0.4103888023671027,0.4103888023671027,0.5193442435203428,118.96296296296296,1.3240740740740742,2,108
,scpdb_apbs_cutoff_fold1_apbs_shape_selected_chem_apbs_posneg_clip20,UNetPlusPlus3D,apbs_shape_selected_chem,apbs_posneg_clip20,UNetPlusPlus3D_best_model_in_terms_of_validation_paper_f1.pth,raw,0.4,top3,3,0.6987951807228916,0.5471698113207547,0.9666666666666667,58,48,2,0.5370370370370371,0.8055555555555556,8.625886305643004,6.303891494345352,0.4103888023671027,0.4103888023671027,0.5193442435203428,118.96296296296296,1.3703703703703705,2,108
,scpdb_apbs_cutoff_fold1_apbs_shape_selected_chem_apbs_posneg_clip20,UNetPlusPlus3D,apbs_shape_selected_chem,apbs_posneg_clip20,UNetPlusPlus3D_best_model_in_terms_of_validation_paper_f1.pth,raw,0.4,top_n_plus_2,3,0.6987951807228916,0.5471698113207547,0.9666666666666667,58,48,2,0.5370370370370371,0.8055555555555556,8.625886305643004,6.303891494345352,0.4103888023671027,0.4103888023671027,0.5193442435203428,118.96296296296296,1.3703703703703705,2,108
,scpdb_apbs_cutoff_fold1_apbs_shape_selected_chem_apbs_posneg_clip20,UNetPlusPlus3D,apbs_shape_selected_chem,apbs_posneg_clip20,UNetPlusPlus3D_best_model_in_terms_of_validation_paper_f1.pth,raw,0.45,top1,1,0.674846625766871,0.5188679245283019,0.9649122807017544,55,51,2,0.5092592592592593,0.7685185185185185,10.468743754297039,8.074815944319814,0.39034632533150043,0.39034632533150043,0.5349184481316235,116.4074074074074,0.9814814814814815,2,108
,scpdb_apbs_cutoff_fold1_apbs_shape_selected_chem_apbs_posneg_clip20,UNetPlusPlus3D,apbs_shape_selected_chem,apbs_posneg_clip20,UNetPlusPlus3D_best_model_in_terms_of_validation_paper_f1.pth,raw,0.45,top2,2,0.6909090909090908,0.5377358490566038,0.9661016949152542,57,49,2,0.5277777777777778,0.7962962962962963,8.806087462344099,6.454778349046628,0.40782611273021424,0.40782611273021424,0.5280174098318875,116.4074074074074,1.3055555555555556,2,108
,scpdb_apbs_cutoff_fold1_apbs_shape_selected_chem_apbs_posneg_clip20,UNetPlusPlus3D,apbs_shape_selected_chem,apbs_posneg_clip20,UNetPlusPlus3D_best_model_in_terms_of_validation_paper_f1.pth,raw,0.45,top3,3,0.6909090909090908,0.5377358490566038,0.9661016949152542,57,49,2,0.5277777777777778,0.7962962962962963,8.806087462344099,6.454778349046628,0.40782611273021424,0.40782611273021424,0.5280174098318875,116.4074074074074,1.3518518518518519,2,108
,scpdb_apbs_cutoff_fold1_apbs_shape_selected_chem_apbs_posneg_clip20,UNetPlusPlus3D,apbs_shape_selected_chem,apbs_posneg_clip20,UNetPlusPlus3D_best_model_in_terms_of_validation_paper_f1.pth,raw,0.45,top_n_plus_2,3,0.6909090909090908,0.5377358490566038,0.9661016949152542,57,49,2,0.5277777777777778,0.7962962962962963,8.806087462344099,6.454778349046628,0.40782611273021424,0.40782611273021424,0.5280174098318875,116.4074074074074,1.3518518518518519,2,108
,scpdb_apbs_cutoff_fold1_apbs_shape_selected_chem_apbs_posneg_clip20,UNetPlusPlus3D,apbs_shape_selected_chem,apbs_posneg_clip20,UNetPlusPlus3D_best_model_in_terms_of_validation_paper_f1.pth,raw,0.5,top1,1,0.6666666666666666,0.5094339622641509,0.9642857142857143,54,52,2,0.5,0.7685185185185185,10.464382682002869,8.07618341708442,0.3896009673267681,0.3896009673267681,0.5359153547786387,113.91666666666667,0.9814814814814815,2,108
,scpdb_apbs_cutoff_fold1_apbs_shape_selected_chem_apbs_posneg_clip20,UNetPlusPlus3D,apbs_shape_selected_chem,apbs_posneg_clip20,UNetPlusPlus3D_best_model_in_terms_of_validation_paper_f1.pth,raw,0.5,top2,2,0.6829268292682926,0.5283018867924528,0.9655172413793104,56,50,2,0.5185185185185185,0.7962962962962963,8.80062174217499,6.457242692504053,0.4064619906030831,0.4064619906030831,0.5281941514900852,113.91666666666667,1.3055555555555556,2,108
,scpdb_apbs_cutoff_fold1_apbs_shape_selected_chem_apbs_posneg_clip20,UNetPlusPlus3D,apbs_shape_selected_chem,apbs_posneg_clip20,UNetPlusPlus3D_best_model_in_terms_of_validation_paper_f1.pth,raw,0.5,top3,3,0.6829268292682926,0.5283018867924528,0.9655172413793104,56,50,2,0.5185185185185185,0.7962962962962963,8.80062174217499,6.457242692504053,0.4064619906030831,0.4064619906030831,0.5281941514900852,113.91666666666667,1.3518518518518519,2,108
,scpdb_apbs_cutoff_fold1_apbs_shape_selected_chem_apbs_posneg_clip20,UNetPlusPlus3D,apbs_shape_selected_chem,apbs_posneg_clip20,UNetPlusPlus3D_best_model_in_terms_of_validation_paper_f1.pth,raw,0.5,top_n_plus_2,3,0.6829268292682926,0.5283018867924528,0.9655172413793104,56,50,2,0.5185185185185185,0.7962962962962963,8.80062174217499,6.457242692504053,0.4064619906030831,0.4064619906030831,0.5281941514900852,113.91666666666667,1.3518518518518519,2,108
,scpdb_apbs_cutoff_fold1_apbs_shape_selected_chem_apbs_posneg_clip20,UNetPlusPlus3D,apbs_shape_selected_chem,apbs_posneg_clip20,UNetPlusPlus3D_best_model_in_terms_of_validation_paper_f1.pth,raw,0.55,top1,1,0.674846625766871,0.5188679245283019,0.9649122807017544,55,51,2,0.5092592592592593,0.7777777777777778,10.467115011878061,8.080767955299738,0.3892215565187532,0.3892215565187532,0.5351192499120476,111.81481481481481,0.9814814814814815,2,108
,scpdb_apbs_cutoff_fold1_apbs_shape_selected_chem_apbs_posneg_clip20,UNetPlusPlus3D,apbs_shape_selected_chem,apbs_posneg_clip20,UNetPlusPlus3D_best_model_in_terms_of_validation_paper_f1.pth,raw,0.55,top2,2,0.6909090909090908,0.5377358490566038,0.9661016949152542,57,49,2,0.5277777777777778,0.8055555555555556,8.801275754626177,6.461000248566237,0.4060676002907993,0.4060676002907993,0.527323428990082,111.81481481481481,1.2962962962962963,2,108
,scpdb_apbs_cutoff_fold1_apbs_shape_selected_chem_apbs_posneg_clip20,UNetPlusPlus3D,apbs_shape_selected_chem,apbs_posneg_clip20,UNetPlusPlus3D_best_model_in_terms_of_validation_paper_f1.pth,raw,0.55,top3,3,0.6909090909090908,0.5377358490566038,0.9661016949152542,57,49,2,0.5277777777777778,0.8055555555555556,8.801275754626177,6.461000248566237,0.4060676002907993,0.4060676002907993,0.527323428990082,111.81481481481481,1.3425925925925926,2,108
,scpdb_apbs_cutoff_fold1_apbs_shape_selected_chem_apbs_posneg_clip20,UNetPlusPlus3D,apbs_shape_selected_chem,apbs_posneg_clip20,UNetPlusPlus3D_best_model_in_terms_of_validation_paper_f1.pth,raw,0.55,top_n_plus_2,3,0.6909090909090908,0.5377358490566038,0.9661016949152542,57,49,2,0.5277777777777778,0.8055555555555556,8.801275754626177,6.461000248566237,0.4060676002907993,0.4060676002907993,0.527323428990082,111.81481481481481,1.3425925925925926,2,108
,scpdb_apbs_cutoff_fold1_apbs_shape_selected_chem_apbs_posneg_clip20,UNetPlusPlus3D,apbs_shape_selected_chem,apbs_posneg_clip20,UNetPlusPlus3D_best_model_in_terms_of_validation_paper_f1.pth,raw,0.6,top1,1,0.674846625766871,0.5188679245283019,0.9649122807017544,55,51,2,0.5092592592592593,0.7870370370370371,10.327479953895233,7.947096101562961,0.3927561212991155,0.3927561212991155,0.5330007471451045,109.38888888888889,0.9814814814814815,2,108
,scpdb_apbs_cutoff_fold1_apbs_shape_selected_chem_apbs_posneg_clip20,UNetPlusPlus3D,apbs_shape_selected_chem,apbs_posneg_clip20,UNetPlusPlus3D_best_model_in_terms_of_validation_paper_f1.pth,raw,0.6,top2,2,0.6909090909090908,0.5377358490566038,0.9661016949152542,57,49,2,0.5277777777777778,0.8055555555555556,8.798186772189162,6.459510244045275,0.40397699021203654,0.40397699021203654,0.5251942603335524,109.38888888888889,1.287037037037037,2,108
,scpdb_apbs_cutoff_fold1_apbs_shape_selected_chem_apbs_posneg_clip20,UNetPlusPlus3D,apbs_shape_selected_chem,apbs_posneg_clip20,UNetPlusPlus3D_best_model_in_terms_of_validation_paper_f1.pth,raw,0.6,top3,3,0.6909090909090908,0.5377358490566038,0.9661016949152542,57,49,2,0.5277777777777778,0.8055555555555556,8.798186772189162,6.459510244045275,0.40397699021203654,0.40397699021203654,0.5251942603335524,109.38888888888889,1.3240740740740742,2,108
,scpdb_apbs_cutoff_fold1_apbs_shape_selected_chem_apbs_posneg_clip20,UNetPlusPlus3D,apbs_shape_selected_chem,apbs_posneg_clip20,UNetPlusPlus3D_best_model_in_terms_of_validation_paper_f1.pth,raw,0.6,top_n_plus_2,3,0.6909090909090908,0.5377358490566038,0.9661016949152542,57,49,2,0.5277777777777778,0.8055555555555556,8.798186772189162,6.459510244045275,0.40397699021203654,0.40397699021203654,0.5251942603335524,109.38888888888889,1.3240740740740742,2,108
,scpdb_apbs_cutoff_fold1_apbs_shape_selected_chem_apbs_posneg_clip20,UNetPlusPlus3D,apbs_shape_selected_chem,apbs_posneg_clip20,UNetPlusPlus3D_best_model_in_terms_of_validation_paper_f1.pth,raw,0.7,top1,1,0.6666666666666666,0.5094339622641509,0.9642857142857143,54,52,2,0.5,0.7777777777777778,10.498849290321447,8.105608126451157,0.38355863482814645,0.38355863482814645,0.5361483556701967,103.94444444444444,0.9814814814814815,2,108
,scpdb_apbs_cutoff_fold1_apbs_shape_selected_chem_apbs_posneg_clip20,UNetPlusPlus3D,apbs_shape_selected_chem,apbs_posneg_clip20,UNetPlusPlus3D_best_model_in_terms_of_validation_paper_f1.pth,raw,0.7,top2,2,0.6829268292682926,0.5283018867924528,0.9655172413793104,56,50,2,0.5185185185185185,0.8148148148148148,8.870220568543088,6.511611127707827,0.3994050479683398,0.3994050479683398,0.5265671643962612,103.94444444444444,1.25,2,108
,scpdb_apbs_cutoff_fold1_apbs_shape_selected_chem_apbs_posneg_clip20,UNetPlusPlus3D,apbs_shape_selected_chem,apbs_posneg_clip20,UNetPlusPlus3D_best_model_in_terms_of_validation_paper_f1.pth,raw,0.7,top3,3,0.6829268292682926,0.5283018867924528,0.9655172413793104,56,50,2,0.5185185185185185,0.8148148148148148,8.870220568543088,6.511611127707827,0.3994050479683398,0.3994050479683398,0.5265671643962612,103.94444444444444,1.2777777777777777,2,108
,scpdb_apbs_cutoff_fold1_apbs_shape_selected_chem_apbs_posneg_clip20,UNetPlusPlus3D,apbs_shape_selected_chem,apbs_posneg_clip20,UNetPlusPlus3D_best_model_in_terms_of_validation_paper_f1.pth,raw,0.7,top_n_plus_2,3,0.6829268292682926,0.5283018867924528,0.9655172413793104,56,50,2,0.5185185185185185,0.8148148148148148,8.870220568543088,6.511611127707827,0.3994050479683398,0.3994050479683398,0.5265671643962612,103.94444444444444,1.2777777777777777,2,108
,scpdb_apbs_cutoff_fold1_apbs_shape_selected_chem_apbs_posneg_clip20,UNetPlusPlus3D,apbs_shape_selected_chem,apbs_posneg_clip20,UNetPlusPlus3D_best_model_in_terms_of_validation_paper_f1.pth,raw,0.8,top1,1,0.6583850931677019,0.5,0.9636363636363636,53,53,2,0.49074074074074076,0.7777777777777778,10.523939932070945,8.145086695798128,0.3818283808839156,0.3818283808839156,0.5340162253450679,97.82407407407408,0.9814814814814815,2,108
,scpdb_apbs_cutoff_fold1_apbs_shape_selected_chem_apbs_posneg_clip20,UNetPlusPlus3D,apbs_shape_selected_chem,apbs_posneg_clip20,UNetPlusPlus3D_best_model_in_terms_of_validation_paper_f1.pth,raw,0.8,top2,2,0.674846625766871,0.5188679245283019,0.9649122807017544,55,51,2,0.5092592592592593,0.8148148148148148,8.898495493285257,6.552051397946627,0.39538295969040976,0.39538295969040976,0.5232118230158045,97.82407407407408,1.2407407407407407,2,108
,scpdb_apbs_cutoff_fold1_apbs_shape_selected_chem_apbs_posneg_clip20,UNetPlusPlus3D,apbs_shape_selected_chem,apbs_posneg_clip20,UNetPlusPlus3D_best_model_in_terms_of_validation_paper_f1.pth,raw,0.8,top3,3,0.6829268292682926,0.5283018867924528,0.9655172413793104,56,50,2,0.5185185185185185,0.8240740740740741,8.846174119859334,6.502927314445601,0.3955758609249777,0.3955758609249777,0.5161008976048078,97.82407407407408,1.2685185185185186,2,108
,scpdb_apbs_cutoff_fold1_apbs_shape_selected_chem_apbs_posneg_clip20,UNetPlusPlus3D,apbs_shape_selected_chem,apbs_posneg_clip20,UNetPlusPlus3D_best_model_in_terms_of_validation_paper_f1.pth,raw,0.8,top_n_plus_2,3,0.6829268292682926,0.5283018867924528,0.9655172413793104,56,50,2,0.5185185185185185,0.8240740740740741,8.846174119859334,6.502927314445601,0.3955758609249777,0.3955758609249777,0.5161008976048078,97.82407407407408,1.2685185185185186,2,108
,scpdb_apbs_cutoff_fold1_apbs_shape_selected_chem_apbs_posneg_clip20,UNetPlusPlus3D,apbs_shape_selected_chem,apbs_posneg_clip20,UNetPlusPlus3D_best_model_in_terms_of_validation_paper_f1.pth,raw,0.9,top1,1,0.6583850931677019,0.5047619047619047,0.9464285714285714,53,52,3,0.49074074074074076,0.7777777777777778,11.257494464433124,8.89059385900116,0.37277508753473754,0.37277508753473754,0.5233403296339334,88.64814814814815,0.9722222222222222,3,108
,scpdb_apbs_cutoff_fold1_apbs_shape_selected_chem_apbs_posneg_clip20,UNetPlusPlus3D,apbs_shape_selected_chem,apbs_posneg_clip20,UNetPlusPlus3D_best_model_in_terms_of_validation_paper_f1.pth,raw,0.9,top2,2,0.6748466257668712,0.5238095238095238,0.9482758620689655,55,50,3,0.5092592592592593,0.8148148148148148,9.799467892957239,7.4666438472749554,0.38444797094029043,0.38444797094029043,0.5119275365496948,88.64814814814815,1.212962962962963,3,108
,scpdb_apbs_cutoff_fold1_apbs_shape_selected_chem_apbs_posneg_clip20,UNetPlusPlus3D,apbs_shape_selected_chem,apbs_posneg_clip20,UNetPlusPlus3D_best_model_in_terms_of_validation_paper_f1.pth,raw,0.9,top3,3,0.6748466257668712,0.5238095238095238,0.9482758620689655,55,50,3,0.5092592592592593,0.8148148148148148,9.799467892957239,7.4666438472749554,0.38444797094029043,0.38444797094029043,0.5119275365496948,88.64814814814815,1.212962962962963,3,108
,scpdb_apbs_cutoff_fold1_apbs_shape_selected_chem_apbs_posneg_clip20,UNetPlusPlus3D,apbs_shape_selected_chem,apbs_posneg_clip20,UNetPlusPlus3D_best_model_in_terms_of_validation_paper_f1.pth,raw,0.9,top_n_plus_2,3,0.6748466257668712,0.5238095238095238,0.9482758620689655,55,50,3,0.5092592592592593,0.8148148148148148,9.799467892957239,7.4666438472749554,0.38444797094029043,0.38444797094029043,0.5119275365496948,88.64814814814815,1.212962962962963,3,108
